date,_2100_7th_ave_display,temp_min,temp_max,temp_avg,precipitation,wind_speed_avg
2019-08-01,60.0,59.0,84.9,71.9,0.00,6.56
2019-08-02,58.0,62.1,86.0,72.1,0.20,7.71
2019-08-03,55.0,61.0,80.1,70.1,0.00,5.64
2019-08-04,30.0,59.0,84.0,71.3,0.00,4.83
2019-08-05,87.0,59.0,84.9,74.7,0.00,3.45
2019-08-06,86.0,59.0,84.9,69.3,0.00,3.45
2019-08-07,82.0,59.0,81.0,67.4,0.00,4.49
2019-08-08,79.0,59.0,79.0,66.4,0.00,6.67
2019-08-09,73.0,62.1,75.9,66.7,0.00,4.26
2019-08-10,31.0,59.0,75.9,67.0,0.00,2.99
2019-08-11,26.0,59.0,73.9,66.3,0.18,4.95
2019-08-12,102.0,61.0,79.0,68.5,0.00,5.98
2019-08-13,124.0,60.1,84.0,71.8,0.00,2.53
2019-08-14,124.0,60.1,84.0,73.4,0.00,3.34
2019-08-15,118.0,61.0,84.0,70.0,0.00,4.26
2019-08-16,89.0,61.0,80.1,67.5,0.00,6.10
2019-08-17,47.0,61.0,73.9,66.2,0.00,4.60
2019-08-18,24.0,60.1,77.0,67.2,0.00,3.11
2019-08-19,90.0,60.1,77.0,67.5,0.00,4.14
2019-08-20,101.0,57.0,82.9,68.3,0.00,3.11
2019-08-21,53.0,57.0,82.9,66.7,0.00,6.90
2019-08-22,175.0,57.2,72.0,62.9,0.10,3.45
2019-08-23,107.0,55.0,73.0,64.2,0.00,3.22
2019-08-24,38.0,55.0,78.1,66.6,0.00,3.80
2019-08-25,33.0,60.1,78.1,67.0,0.00,4.95
2019-08-26,113.0,57.9,78.1,66.8,0.00,4.37
2019-08-27,101.0,57.9,82.0,70.0,0.00,4.95
2019-08-28,105.0,60.1,87.1,73.7,0.00,3.91
2019-08-29,86.0,60.1,87.1,71.0,0.00,6.21
2019-08-30,97.0,61.0,79.0,68.6,0.02,7.02
2019-08-31,31.0,63.0,79.0,70.0,0.00,3.34
2019-09-01,36.0,63.0,80.1,71.2,0.01,4.95
2019-09-02,36.0,61.0,80.1,68.6,0.00,4.14
2019-09-03,100.0,60.1,82.0,69.6,0.00,2.76
2019-09-04,109.0,60.1,82.0,67.2,0.00,3.68
2019-09-05,91.0,59.0,79.0,67.9,0.00,3.91
2019-09-06,99.0,59.0,80.1,70.5,0.00,5.18
2019-09-07,18.0,62.1,80.1,65.5,0.00,4.26
2019-09-08,17.0,59.0,73.9,64.2,0.41,7.60
2019-09-09,69.0,59.0,73.9,63.4,0.01,6.21
2019-09-10,76.0,59.0,72.0,63.4,0.05,4.49
2019-09-11,109.0,57.0,73.9,64.4,0.00,4.49
2019-09-12,102.0,57.0,80.1,67.5,0.00,5.18
2019-09-13,90.0,57.9,80.1,66.6,0.14,8.17
2019-09-14,36.0,61.0,71.1,65.0,0.00,7.94
2019-09-15,17.0,59.0,68.0,61.5,0.06,8.52
2019-09-16,94.0,51.1,69.1,59.4,0.02,4.95
2019-09-17,60.0,51.1,69.1,58.6,0.00,8.29
2019-09-18,93.0,55.4,66.9,59.8,0.19,3.91
2019-09-19,98.0,52.0,71.1,60.0,0.06,2.53
2019-09-20,113.0,52.0,71.1,62.9,0.00,4.03
2019-09-21,24.0,57.9,68.0,62.9,0.00,2.65
2019-09-22,19.0,57.9,68.0,62.9,0.01,5.64
2019-09-23,102.0,55.9,64.9,59.8,0.01,7.71
2019-09-24,111.0,55.9,70.0,61.9,0.00,7.13
2019-09-25,89.0,54.0,70.0,62.4,0.00,2.76
2019-09-26,81.0,54.0,69.1,63.2,0.00,7.71
2019-09-27,76.0,53.1,69.1,58.8,0.03,5.29
2019-09-28,15.0,48.0,64.9,52.0,0.02,4.26
2019-09-29,8.0,46.9,60.1,51.6,0.04,4.14
2019-09-30,98.0,39.9,60.1,49.6,0.00,2.53
2019-10-01,84.0,37.9,63.0,50.2,0.00,3.45
2019-10-02,90.0,37.9,64.9,52.5,0.00,2.53
2019-10-03,58.0,39.9,64.9,57.3,0.00,6.21
2019-10-04,64.0,50.0,63.0,54.3,0.02,9.09
2019-10-05,13.0,48.9,64.0,56.0,0.00,6.10
2019-10-06,32.0,41.0,64.0,53.5,0.00,2.30
2019-10-07,78.0,41.0,64.9,56.2,0.00,8.98
2019-10-08,63.0,45.0,64.9,52.1,0.00,8.06
2019-10-09,96.0,36.0,54.0,45.3,0.24,2.99
2019-10-10,82.0,34.0,57.0,44.9,0.00,2.53
2019-10-11,88.0,34.0,63.0,49.6,0.00,2.76
2019-10-12,19.0,39.0,63.0,50.2,0.00,1.27
2019-10-13,25.0,42.1,60.1,54.2,0.00,1.38
2019-10-14,80.0,43.0,61.0,52.4,0.00,2.76
2019-10-15,87.0,45.0,61.0,52.9,0.00,4.03
2019-10-16,58.0,45.0,61.0,55.1,0.00,6.33
2019-10-17,69.0,50.0,60.1,54.6,0.23,9.78
2019-10-18,58.0,48.2,55.0,51.8,0.05,11.62
2019-10-19,6.0,46.0,53.1,49.1,0.68,6.10
2019-10-20,11.0,45.0,53.1,48.8,0.10,6.67
2019-10-21,61.0,45.0,57.9,54.1,0.06,8.06
2019-10-22,79.0,55.0,61.0,57.6,0.04,7.60
2019-10-23,93.0,42.1,60.1,50.5,0.00,2.19
2019-10-24,73.0,42.1,61.0,51.2,0.00,2.19
2019-10-25,74.0,46.0,61.0,53.1,0.00,5.52
2019-10-26,20.0,43.0,60.1,48.8,0.10,4.72
2019-10-27,19.0,34.0,55.9,45.8,0.00,3.80
2019-10-28,80.0,33.1,55.9,42.0,0.00,3.57
2019-10-29,79.0,33.1,52.0,42.9,0.00,4.83
2019-10-30,70.0,30.0,52.0,40.3,0.00,2.07
2019-10-31,71.0,30.0,53.1,42.0,0.00,2.65
2019-11-01,87.0,32.0,55.0,45.3,0.00,2.65
2019-11-02,22.0,37.9,55.9,47.4,0.00,2.42
2019-11-03,14.0,35.1,55.9,45.7,0.00,2.19
2019-11-04,83.0,35.1,57.0,48.1,0.00,1.84
2019-11-05,80.0,39.9,57.0,46.8,0.00,2.07
2019-11-06,85.0,39.9,55.9,49.4,0.00,3.22
2019-11-07,93.0,36.0,55.9,45.5,0.00,2.19
2019-11-08,70.0,36.0,61.0,46.3,0.00,4.03
2019-11-09,7.0,36.0,61.0,49.8,0.00,6.67
2019-11-10,16.0,48.0,55.0,51.9,0.01,2.53
2019-11-11,84.0,46.0,60.1,51.1,0.00,2.88
2019-11-12,66.0,46.0,60.1,50.4,0.00,2.30
2019-11-13,87.0,48.0,55.9,52.4,0.07,2.99
2019-11-14,75.0,43.0,55.9,49.6,0.00,1.27
2019-11-15,65.0,43.0,59.0,52.4,0.00,8.63
2019-11-16,20.0,46.9,59.0,52.2,0.08,5.87
2019-11-17,3.0,48.0,59.0,53.8,0.00,8.29
2019-11-18,64.0,48.0,57.0,52.4,0.03,1.96
2019-11-19,71.0,48.2,52.0,50.6,0.11,6.21
2019-11-20,87.0,39.9,53.1,46.0,0.02,3.68
2019-11-21,78.0,37.0,51.1,41.5,0.00,2.99
2019-11-22,81.0,32.0,46.9,38.5,0.00,2.53
2019-11-23,11.0,33.1,53.1,41.0,0.00,5.18
2019-11-24,11.0,45.0,53.6,50.6,0.00,9.09
2019-11-25,61.0,43.0,53.1,44.9,0.02,4.03
2019-11-26,68.0,35.1,46.0,40.9,0.05,4.14
2019-11-27,60.0,35.1,48.9,43.3,0.00,5.75
2019-11-28,12.0,28.9,48.9,38.8,0.00,2.99
2019-11-29,29.0,28.0,46.0,36.4,0.00,2.30
2019-11-30,8.0,24.1,48.0,33.1,0.00,0.81
2019-12-01,18.0,24.1,48.0,39.6,0.00,2.99
2019-12-02,67.0,32.0,52.0,43.7,0.01,1.15
2019-12-03,96.0,36.0,55.0,48.1,0.00,6.67
2019-12-04,61.0,43.0,55.0,50.4,0.00,5.64
2019-12-05,76.0,46.0,51.1,47.9,0.00,2.07
2019-12-06,78.0,44.1,55.0,48.7,0.00,1.50
2019-12-07,13.0,44.1,55.0,48.6,0.04,3.57
2019-12-08,12.0,46.9,52.0,49.7,0.00,0.92
2019-12-09,96.0,44.1,52.0,46.5,0.00,1.96
2019-12-10,58.0,39.9,48.0,42.6,0.00,6.21
2019-12-11,48.0,39.9,50.0,46.0,0.03,5.64
2019-12-12,60.0,46.0,51.8,49.2,0.08,9.90
2019-12-13,72.0,44.1,51.1,47.0,0.07,8.29
2019-12-14,19.0,42.1,50.0,44.8,0.00,4.03
2019-12-15,14.0,37.0,46.0,41.6,0.28,2.53
2019-12-16,65.0,35.1,46.9,40.3,0.04,3.68
2019-12-17,80.0,33.1,48.9,41.1,0.00,2.99
2019-12-18,70.0,33.1,48.9,42.4,0.00,3.22
2019-12-19,53.0,37.0,48.0,43.6,0.10,6.33
2019-12-20,27.0,41.0,55.0,51.3,0.70,8.17
2019-12-21,8.0,44.1,55.0,47.5,1.51,4.03
2019-12-22,13.0,39.2,45.0,43.2,0.11,3.45
2019-12-23,47.0,39.9,46.0,43.2,0.05,4.83
2019-12-24,32.0,32.0,45.0,38.0,0.06,5.06
2019-12-25,6.0,32.0,44.1,39.4,0.00,0.92
2019-12-26,21.0,27.0,44.1,34.1,0.00,4.49
2019-12-27,31.0,27.0,44.1,39.3,0.00,5.06
2019-12-28,11.0,37.0,48.0,43.5,0.00,2.42
2019-12-29,21.0,39.9,53.1,45.1,0.00,1.50
2019-12-30,37.0,39.9,53.1,45.9,0.00,6.67
2019-12-31,22.0,43.0,51.1,48.2,0.01,11.62
2020-01-01,21.0,45.0,55.0,52.1,0.08,9.55
2020-01-02,50.0,42.1,54.0,45.0,0.00,7.25
2020-01-03,43.0,41.0,54.0,49.0,0.00,7.48
2020-01-04,19.0,42.1,61.0,47.1,0.06,12.31
2020-01-05,8.0,39.9,50.0,43.9,0.04,9.55
2020-01-06,59.0,42.1,51.8,46.0,0.09,12.31
2020-01-07,62.0,41.0,55.0,51.7,0.09,14.15
2020-01-08,81.0,39.0,55.0,45.6,0.01,10.01
2020-01-09,73.0,32.0,46.9,36.3,0.00,3.68
2020-01-10,43.0,32.0,46.0,38.3,0.01,7.48
2020-01-11,19.0,35.1,46.9,45.2,0.14,11.05
2020-01-12,12.0,39.9,46.9,42.8,0.00,12.08
2020-01-13,45.0,32.0,46.0,35.7,0.06,6.10
2020-01-14,23.0,28.9,37.0,30.8,0.03,3.45
2020-01-15,28.0,28.9,39.9,36.1,0.00,11.97
2020-01-16,54.0,32.0,46.0,40.3,0.00,9.78
2020-01-17,42.0,32.0,46.0,36.9,0.00,5.75
2020-01-18,8.0,32.0,53.1,42.2,0.09,6.56
2020-01-19,9.0,39.0,53.1,46.6,0.12,2.99
2020-01-20,54.0,42.1,53.1,47.8,0.01,1.73
2020-01-21,63.0,43.0,53.1,46.9,0.01,6.33
2020-01-22,56.0,43.0,51.1,45.8,0.64,10.13
2020-01-23,40.0,44.1,55.0,50.6,0.00,7.36
2020-01-24,54.0,46.9,54.0,50.6,0.54,9.55
2020-01-25,10.0,45.0,53.1,47.8,0.33,3.57
2020-01-26,8.0,45.0,54.0,48.8,0.13,6.90
2020-01-27,58.0,41.0,54.0,47.6,0.03,8.06
2020-01-28,60.0,41.0,52.0,47.4,0.45,6.56
2020-01-29,68.0,45.0,52.0,47.8,0.22,7.02
2020-01-30,65.0,42.1,51.1,46.1,0.02,2.53
2020-01-31,55.0,44.1,57.9,51.6,0.02,12.66
2020-02-01,18.0,43.0,57.9,53.2,0.72,12.54
2020-02-02,31.0,32.0,54.0,38.9,0.27,6.67
2020-02-03,65.0,32.0,45.0,38.3,0.00,4.60
2020-02-04,69.0,32.0,44.1,36.1,0.00,6.79
2020-02-05,52.0,32.0,50.0,43.5,0.03,7.94
2020-02-06,43.0,41.0,51.1,48.8,0.18,3.80
2020-02-07,59.0,44.1,52.0,46.4,0.43,5.41
2020-02-08,26.0,42.1,52.0,46.1,0.16,10.36
2020-02-09,27.0,32.0,48.0,42.0,0.00,2.19
2020-02-10,80.0,32.0,48.0,41.5,0.00,1.61
2020-02-11,86.0,34.0,48.0,40.3,0.00,5.75
2020-02-12,73.0,34.0,48.9,45.9,0.05,2.88
2020-02-13,80.0,37.9,48.9,43.4,0.04,6.44
2020-02-14,65.0,37.9,51.1,44.6,0.03,7.02
2020-02-15,18.0,42.1,51.1,44.3,0.01,10.01
2020-02-16,24.0,37.9,48.9,43.3,0.10,8.29
2020-02-17,63.0,34.0,48.9,41.5,0.06,4.72
2020-02-18,74.0,32.0,48.9,40.2,0.00,2.76
2020-02-19,80.0,30.0,53.1,41.1,0.00,2.88
2020-02-20,74.0,30.0,55.9,44.4,0.00,3.57
2020-02-21,74.0,30.9,55.9,43.3,0.00,2.65
2020-02-22,25.0,30.9,55.9,45.4,0.00,4.95
2020-02-23,20.0,39.0,50.0,45.0,0.00,7.83
2020-02-24,74.0,37.9,50.0,44.1,0.13,8.52
2020-02-25,90.0,34.0,52.0,43.1,0.00,1.96
2020-02-26,80.0,34.0,54.0,48.0,0.00,2.07
2020-02-27,83.0,37.9,57.9,47.1,0.00,4.49
2020-02-28,62.0,36.0,57.9,44.4,0.00,4.72
2020-02-29,23.0,36.0,50.0,44.9,0.07,10.47
2020-03-01,28.0,32.0,48.9,39.2,0.09,4.49
2020-03-02,67.0,32.0,48.0,44.2,0.00,8.75
2020-03-03,81.0,41.0,53.1,49.0,0.00,9.78
2020-03-04,88.0,37.9,53.1,46.4,0.00,8.40
2020-03-05,39.0,37.0,55.9,45.8,0.00,5.87
2020-03-06,31.0,37.0,55.9,43.6,0.18,4.49
2020-03-07,19.0,39.0,46.0,41.8,0.11,4.83
2020-03-08,19.0,37.0,48.9,40.9,0.01,3.91
2020-03-09,27.0,30.0,50.0,39.3,0.00,2.30
2020-03-10,29.0,30.0,51.1,42.5,0.00,6.90
2020-03-11,31.0,33.1,51.1,47.3,0.00,7.13
2020-03-12,33.0,37.9,51.1,44.0,0.01,2.76
2020-03-13,22.0,37.0,51.1,41.3,0.00,3.80
2020-03-14,17.0,37.0,44.1,38.8,0.05,8.40
2020-03-15,16.0,33.1,46.9,38.2,0.00,7.36
2020-03-16,19.0,33.1,54.0,43.2,0.00,4.60
2020-03-17,10.0,30.0,54.0,42.5,0.00,3.45
2020-03-18,25.0,30.0,57.9,43.9,0.00,3.91
2020-03-19,31.0,32.0,60.1,46.3,0.00,1.84
2020-03-20,17.0,33.1,62.1,49.5,0.00,2.65
2020-03-21,23.0,36.0,62.1,48.4,0.00,3.57
2020-03-22,8.0,36.0,57.0,46.5,0.00,4.95
2020-03-23,17.0,36.0,57.0,46.6,0.00,10.24
2020-03-24,14.0,39.2,48.9,44.4,0.03,7.60
2020-03-25,15.0,39.2,48.9,43.0,0.01,4.72
2020-03-26,21.0,37.9,50.0,43.5,0.07,7.48
2020-03-27,14.0,37.9,50.0,45.9,0.00,8.17
2020-03-28,22.0,43.0,55.9,49.6,0.00,9.67
2020-03-29,13.0,46.0,55.9,50.0,0.34,9.44
2020-03-30,13.0,39.0,55.9,47.1,0.21,10.70
2020-03-31,12.0,39.0,51.1,43.4,0.19,7.94
2020-04-01,20.0,39.2,50.0,43.6,0.02,5.98
2020-04-02,18.0,36.0,51.1,43.7,0.00,6.21
2020-04-03,17.0,36.0,51.1,43.9,0.00,10.36
2020-04-04,17.0,33.1,53.1,42.4,0.00,4.26
2020-04-05,18.0,33.1,55.9,48.8,0.00,4.83
2020-04-06,15.0,37.9,61.0,48.9,0.00,2.53
2020-04-07,29.0,37.9,61.0,49.1,0.00,4.26
2020-04-08,30.0,39.9,60.1,50.2,0.00,4.14
2020-04-09,25.0,39.9,66.9,53.5,0.00,4.14
2020-04-10,23.0,42.1,66.9,55.5,0.00,3.11
2020-04-11,22.0,42.1,66.0,51.9,0.00,6.21
2020-04-12,18.0,34.0,60.1,49.1,0.00,4.60
2020-04-13,29.0,32.0,64.0,49.7,0.00,4.14
2020-04-14,31.0,32.0,64.0,54.0,0.00,4.60
2020-04-15,14.0,39.9,64.9,54.8,0.00,6.67
2020-04-16,27.0,43.0,69.1,56.5,0.00,3.80
2020-04-17,34.0,41.0,69.1,56.9,0.00,2.76
2020-04-18,20.0,39.9,69.1,54.5,0.00,4.95
2020-04-19,34.0,46.9,64.0,54.1,0.01,4.95
2020-04-20,55.0,44.1,66.9,55.0,0.00,3.22
2020-04-21,20.0,44.1,66.9,53.5,0.00,6.56
2020-04-22,11.0,48.9,57.9,52.4,0.00,3.80
2020-04-23,25.0,48.9,59.0,52.8,0.33,5.98
2020-04-24,20.0,48.9,60.1,53.9,0.04,1.96
2020-04-25,27.0,48.9,63.0,56.1,0.00,7.60
2020-04-26,26.0,44.1,63.0,53.5,0.39,6.79
2020-04-27,23.0,44.1,62.1,55.6,0.07,9.32
2020-04-28,24.0,43.0,64.0,53.8,0.04,2.88
2020-04-29,15.0,43.0,70.0,56.4,0.00,4.83
2020-04-30,36.0,50.0,70.0,55.3,0.00,11.16
2020-05-01,30.0,41.0,66.0,53.0,0.00,5.18
2020-05-02,8.0,41.0,66.0,56.4,0.04,5.18
2020-05-03,19.0,44.1,57.9,50.5,0.07,12.31
2020-05-04,15.0,39.9,64.9,51.6,0.03,3.22
2020-05-05,33.0,39.9,71.1,58.4,0.00,4.03
2020-05-06,19.0,48.2,70.0,56.8,0.00,8.86
2020-05-07,25.0,45.0,66.0,54.7,0.00,4.37
2020-05-08,30.0,45.0,75.9,61.6,0.00,5.98
2020-05-09,31.0,50.0,87.1,70.3,0.00,3.22
2020-05-10,22.0,54.0,87.1,72.2,0.00,3.91
2020-05-11,23.0,55.9,87.1,68.8,0.00,4.95
2020-05-12,20.0,52.0,77.0,57.8,0.00,4.83
2020-05-13,19.0,52.0,66.0,57.6,0.01,8.17
2020-05-14,31.0,51.8,66.9,57.3,0.00,4.60
2020-05-15,35.0,52.0,69.1,59.3,0.05,5.52
2020-05-16,16.0,52.0,69.1,59.3,0.00,3.68
2020-05-17,35.0,54.0,70.0,59.3,0.48,4.14
2020-05-18,28.0,53.1,70.0,58.7,0.09,3.91
2020-05-19,29.0,53.1,68.0,58.9,0.00,4.03
2020-05-20,31.0,52.0,64.9,56.4,0.00,7.36
2020-05-21,17.0,46.9,60.8,53.2,0.01,6.21
2020-05-22,25.0,46.9,61.0,52.6,0.16,7.83
2020-05-23,25.0,48.0,64.0,54.7,0.10,3.91
2020-05-24,25.0,48.9,70.0,58.9,0.00,1.61
2020-05-25,13.0,51.1,71.1,60.8,0.00,4.72
2020-05-26,19.0,53.1,68.0,57.5,0.01,3.57
2020-05-27,33.0,50.0,73.0,61.5,0.00,4.26
2020-05-28,30.0,50.0,79.0,67.6,0.00,4.37
2020-05-29,41.0,59.0,79.0,68.8,0.00,4.26
2020-05-30,26.0,53.1,78.1,59.2,0.00,3.11
2020-05-31,29.0,50.0,63.0,53.6,0.72,6.90
2020-06-01,42.0,50.0,68.0,57.8,0.01,2.53
2020-06-02,40.0,50.0,68.0,59.3,0.00,3.22
2020-06-03,67.0,50.0,66.0,58.0,0.00,3.22
2020-06-04,52.0,54.0,69.1,60.1,0.00,3.68
2020-06-05,52.0,52.0,69.1,58.9,0.00,2.99
2020-06-06,39.0,52.0,66.9,58.3,0.00,7.13
2020-06-07,21.0,51.1,64.9,55.5,0.00,5.29
2020-06-08,22.0,51.1,64.9,58.2,0.00,9.09
2020-06-09,27.0,52.0,64.9,56.9,0.00,7.48
2020-06-10,48.0,52.0,73.0,61.5,0.05,4.83
2020-06-11,50.0,55.9,73.0,63.2,0.03,3.91
2020-06-12,40.0,54.0,72.0,60.1,0.05,5.29
2020-06-13,27.0,53.1,64.0,57.3,0.22,4.37
2020-06-14,36.0,51.1,66.9,56.7,0.01,8.17
2020-06-15,17.0,51.1,66.9,59.3,0.00,6.90
2020-06-16,27.0,52.0,66.9,57.7,0.03,5.87
2020-06-17,42.0,51.1,73.0,61.2,0.00,4.37
2020-06-18,46.0,51.1,75.0,64.1,0.00,4.03
2020-06-19,28.0,54.0,80.1,68.6,0.00,3.11
2020-06-20,22.0,57.9,80.1,68.1,0.00,6.79
2020-06-21,13.0,57.9,73.9,64.0,0.01,6.79
2020-06-22,24.0,55.0,78.1,63.7,0.00,3.57
2020-06-23,39.0,55.0,82.0,69.8,0.00,3.80
2020-06-24,34.0,60.1,82.0,69.0,0.00,5.18
2020-06-25,45.0,60.1,78.1,67.7,0.00,4.49
2020-06-26,32.0,60.1,82.0,70.7,0.00,4.14
2020-06-27,8.0,55.9,82.0,61.9,0.00,4.72
2020-06-28,20.0,53.1,69.1,58.1,0.41,4.37
2020-06-29,30.0,53.1,72.0,62.5,0.09,5.75
2020-06-30,28.0,55.0,72.0,60.1,0.00,8.63
2020-07-01,35.0,55.0,66.9,59.1,0.00,10.01
2020-07-02,32.0,55.0,68.0,59.7,0.00,10.36
2020-07-03,28.0,57.0,68.0,61.1,0.00,6.33
2020-07-04,31.0,55.0,71.1,61.4,0.00,3.34
2020-07-05,40.0,55.0,75.0,64.1,0.00,2.88
2020-07-06,50.0,55.0,75.0,64.1,0.00,5.29
2020-07-07,42.0,55.9,72.0,62.2,0.00,8.40
2020-07-08,39.0,57.0,73.9,63.6,0.00,3.22
2020-07-09,34.0,59.0,73.9,64.9,0.00,4.60
2020-07-10,37.0,54.0,73.0,63.0,0.00,4.60
2020-07-11,42.0,54.0,73.9,63.9,0.00,4.37
2020-07-12,27.0,55.9,73.0,62.9,0.00,6.90
2020-07-13,29.0,55.0,75.0,63.8,0.02,5.29
2020-07-14,46.0,55.0,79.0,66.8,0.00,4.37
2020-07-15,51.0,55.9,82.0,70.7,0.00,4.03
2020-07-16,56.0,60.1,82.0,69.9,0.00,4.03
2020-07-17,38.0,57.9,77.0,65.3,0.01,3.11
2020-07-18,50.0,55.9,79.0,65.8,0.05,3.91
2020-07-19,49.0,55.9,82.9,71.2,0.00,4.26
2020-07-20,45.0,60.1,84.9,73.6,0.00,3.91
2020-07-21,50.0,63.0,86.0,73.8,0.00,4.37
2020-07-22,42.0,60.1,81.0,67.5,0.00,5.41
2020-07-23,38.0,59.0,72.0,64.4,0.00,6.21
2020-07-24,40.0,57.0,70.0,63.2,0.00,6.10
2020-07-25,42.0,55.9,75.9,64.9,0.00,4.83
2020-07-26,35.0,55.9,82.9,69.9,0.00,4.83
2020-07-27,47.0,60.1,93.0,76.3,0.00,3.11
2020-07-28,48.0,59.0,93.0,72.0,0.00,5.18
2020-07-29,47.0,59.0,84.0,70.5,0.00,3.91
2020-07-30,49.0,60.1,86.0,73.4,0.00,5.52
2020-07-31,49.0,61.0,86.0,74.4,0.00,5.06
2020-08-01,37.0,60.1,82.9,66.6,0.00,5.29
2020-08-02,19.0,59.0,81.0,69.6,0.00,3.57
2020-08-03,46.0,59.0,82.0,70.0,0.00,5.18
2020-08-04,46.0,60.1,82.0,71.2,0.00,4.60
2020-08-05,49.0,62.1,82.9,71.8,0.00,3.91
2020-08-06,26.0,57.2,81.0,65.0,0.00,8.98
2020-08-07,35.0,57.9,75.0,63.8,0.05,4.83
2020-08-08,26.0,57.9,75.0,63.1,0.00,4.03
2020-08-09,35.0,55.0,75.9,64.1,0.00,3.80
2020-08-10,41.0,55.0,80.1,68.5,0.00,4.26
2020-08-11,44.0,57.0,80.1,66.5,0.00,5.41
2020-08-12,38.0,57.0,75.0,62.8,0.00,5.52
2020-08-13,32.0,54.0,75.0,63.8,0.00,2.76
2020-08-14,51.0,54.0,79.0,66.6,0.00,4.37
2020-08-15,31.0,55.9,84.0,71.7,0.00,4.37
2020-08-16,27.0,61.0,97.0,77.3,0.00,2.19
2020-08-17,48.0,64.0,98.1,79.7,0.00,5.64
2020-08-18,47.0,62.1,90.0,71.7,0.00,4.49
2020-08-19,40.0,60.1,84.0,70.6,0.00,3.11
2020-08-20,33.0,60.1,84.0,71.4,0.00,6.67
2020-08-21,37.0,64.0,80.1,70.0,0.02,7.36
2020-08-22,32.0,59.0,73.9,66.1,0.00,7.25
2020-08-23,31.0,55.0,75.9,65.2,0.00,4.03
2020-08-24,55.0,55.0,75.9,66.2,0.00,3.11
2020-08-25,35.0,54.0,75.9,65.7,0.00,3.68
2020-08-26,63.0,54.0,75.9,67.4,0.00,4.49
2020-08-27,40.0,57.0,79.0,67.2,0.00,3.34
2020-08-28,34.0,57.0,79.0,67.7,0.00,3.91
2020-08-29,37.0,57.9,78.1,66.0,0.00,3.57
2020-08-30,35.0,51.1,73.9,62.5,0.00,4.03
2020-08-31,34.0,51.1,73.9,61.9,0.00,4.49
2020-09-01,48.0,55.0,80.1,66.9,0.00,4.26
2020-09-02,50.0,59.0,80.1,69.3,0.00,4.14
2020-09-03,46.0,57.9,81.0,68.4,0.00,4.83
2020-09-04,38.0,57.9,82.9,70.8,0.00,2.53
2020-09-05,38.0,59.0,84.0,66.3,0.00,5.98
2020-09-06,30.0,57.0,79.0,65.7,0.00,3.45
2020-09-07,31.0,57.0,84.0,70.3,0.00,5.06
2020-09-08,36.0,61.0,84.0,73.1,0.00,6.79
2020-09-09,42.0,57.9,90.0,71.4,0.00,4.03
2020-09-10,33.0,57.9,90.0,74.0,0.00,3.11
2020-09-11,15.0,55.9,89.1,67.8,0.00,4.37
2020-09-12,23.0,53.1,77.0,60.6,0.00,2.65
2020-09-13,13.0,50.0,64.0,56.7,0.00,1.73
2020-09-14,36.0,50.0,70.0,62.0,0.00,1.61
2020-09-15,22.0,57.9,78.1,66.5,0.05,3.22
2020-09-16,27.0,60.1,78.1,66.2,0.00,2.65
2020-09-17,30.0,60.1,73.0,66.3,0.00,3.22
2020-09-18,23.0,61.0,73.0,64.5,0.00,4.14
2020-09-19,31.0,60.8,72.0,63.9,0.22,5.29
2020-09-20,47.0,60.1,73.0,63.4,0.01,3.91
2020-09-21,37.0,53.1,72.0,61.3,0.00,2.19
2020-09-22,51.0,53.1,73.9,65.9,0.00,4.37
2020-09-23,28.0,59.0,73.9,63.3,0.06,7.94
2020-09-24,25.0,59.0,64.9,61.2,0.70,12.31
2020-09-25,20.0,55.9,66.0,59.6,0.43,10.82
2020-09-26,40.0,55.0,66.9,58.9,0.37,7.48
2020-09-27,27.0,51.8,68.0,59.0,0.02,3.45
2020-09-28,46.0,52.0,72.0,61.0,0.00,3.91
2020-09-29,70.0,54.0,77.0,64.1,0.00,3.11
2020-09-30,59.0,54.0,77.0,63.4,0.00,1.38
2020-10-01,40.0,54.0,75.0,61.4,0.00,1.50
2020-10-02,44.0,55.0,73.0,61.9,0.00,1.84
2020-10-03,36.0,54.0,73.0,59.2,0.00,1.38
2020-10-04,23.0,54.0,62.1,58.1,0.00,0.69
2020-10-05,38.0,57.0,66.9,60.5,0.00,2.99
2020-10-06,69.0,54.0,70.0,60.0,0.00,3.22
2020-10-07,57.0,54.0,70.0,60.4,0.00,1.61
2020-10-08,42.0,55.9,68.0,60.4,0.00,5.06
2020-10-09,49.0,55.9,68.0,61.8,0.00,6.44
2020-10-10,30.0,55.9,68.0,59.9,0.62,9.90
2020-10-11,10.0,51.1,64.0,54.2,0.03,8.52
2020-10-12,32.0,51.1,62.1,57.6,0.21,10.01
2020-10-13,35.0,50.0,64.0,56.6,0.20,9.32
2020-10-14,48.0,50.0,64.0,56.6,0.25,7.71
2020-10-15,43.0,44.1,63.0,53.5,0.00,1.84
2020-10-16,50.0,44.1,64.9,57.1,0.00,7.83
2020-10-17,39.0,50.0,64.9,56.8,0.04,6.33
2020-10-18,23.0,53.1,63.0,57.0,0.00,7.02
2020-10-19,43.0,53.1,63.0,56.9,0.00,5.87
2020-10-20,64.0,51.1,60.1,53.5,0.02,3.45
2020-10-21,30.0,45.0,60.1,50.4,0.04,3.68
2020-10-22,50.0,39.0,55.0,45.7,0.18,2.53
2020-10-23,45.0,37.9,51.1,44.8,0.00,5.52
2020-10-24,27.0,37.9,51.1,47.2,0.05,6.56
2020-10-25,24.0,33.1,51.1,42.7,0.00,2.76
2020-10-26,38.0,33.1,52.0,43.3,0.00,2.07
2020-10-27,46.0,35.1,59.0,51.9,0.00,2.19
2020-10-28,43.0,45.0,59.0,51.4,0.00,6.10
2020-10-29,47.0,45.0,62.1,56.1,0.00,4.37
2020-10-30,50.0,46.9,62.1,54.9,0.00,7.36
2020-10-31,21.0,39.0,62.1,50.0,0.01,2.88
2020-11-01,21.0,39.0,60.1,50.7,0.00,2.65
2020-11-02,46.0,41.0,66.0,51.5,0.00,2.76
2020-11-03,27.0,37.0,66.9,51.1,0.00,6.10
2020-11-04,26.0,46.9,64.9,59.8,0.60,9.67
2020-11-05,25.0,48.9,64.9,57.5,0.03,11.28
2020-11-06,47.0,46.0,60.1,48.0,0.03,5.41
2020-11-07,23.0,34.0,51.1,40.6,0.00,3.22
2020-11-08,39.0,28.9,48.0,41.2,0.00,7.13
2020-11-09,26.0,28.0,45.0,35.0,0.00,5.06
2020-11-10,31.0,33.8,46.9,43.1,0.01,6.56
2020-11-11,40.0,35.1,46.9,41.8,0.00,1.61
2020-11-12,42.0,35.1,51.1,43.6,0.00,5.41
2020-11-13,24.0,39.0,53.1,47.8,0.44,13.81
2020-11-14,23.0,39.9,53.1,45.2,0.18,6.90
2020-11-15,22.0,39.9,54.0,48.1,0.36,10.36
2020-11-16,19.0,46.0,54.0,47.6,0.05,5.64
2020-11-17,30.0,44.1,63.0,49.5,0.26,5.87
2020-11-18,21.0,44.1,63.0,48.5,0.23,8.06
2020-11-19,43.0,43.0,50.0,46.2,0.43,10.24
2020-11-20,36.0,43.0,51.1,46.2,0.00,6.33
2020-11-21,51.0,43.0,54.0,48.7,0.01,5.06
2020-11-22,21.0,36.0,54.0,42.5,0.00,4.03
2020-11-23,32.0,42.8,48.0,44.6,0.04,5.87
2020-11-24,30.0,37.9,53.1,46.6,0.02,8.40
2020-11-25,24.0,43.0,53.1,45.4,0.04,6.44
2020-11-26,11.0,43.0,50.0,45.7,0.05,5.29
2020-11-27,34.0,43.0,52.0,46.4,0.01,7.25
2020-11-28,24.0,43.0,52.0,45.7,0.00,4.49
2020-11-29,18.0,34.0,48.0,38.2,0.00,1.38
2020-11-30,24.0,34.0,51.1,44.1,0.22,8.52
2020-12-01,32.0,34.0,51.1,41.0,0.16,3.22
2020-12-02,37.0,33.1,57.0,42.8,0.00,1.73
2020-12-03,31.0,32.0,57.0,40.7,0.00,1.50
2020-12-04,35.0,32.0,54.0,44.7,0.00,2.88
2020-12-05,38.0,30.0,60.1,41.6,0.00,2.19
2020-12-06,23.0,30.0,60.1,48.2,0.00,6.21
2020-12-07,37.0,39.9,54.0,45.8,0.00,5.52
2020-12-08,31.0,39.9,54.0,50.5,0.00,6.44
2020-12-09,28.0,46.0,53.1,47.5,0.24,3.68
2020-12-10,48.0,35.1,50.0,41.0,0.00,2.88
2020-12-11,41.0,35.1,46.0,42.1,0.00,7.83
2020-12-12,20.0,30.9,46.0,37.5,0.00,1.84
2020-12-13,12.0,35.1,44.6,40.0,0.02,4.37
2020-12-14,36.0,37.0,50.0,43.9,0.06,7.83
2020-12-15,30.0,41.0,50.0,43.9,0.04,8.98
2020-12-16,32.0,41.0,48.9,46.4,0.10,9.90
2020-12-17,36.0,44.1,51.1,47.3,0.30,11.62
2020-12-18,21.0,44.1,51.8,46.3,0.04,9.67
2020-12-19,13.0,44.1,52.0,47.9,0.05,10.93
2020-12-20,23.0,45.0,55.0,50.7,0.15,9.55
2020-12-21,17.0,39.9,55.9,47.9,0.08,5.64
2020-12-22,24.0,32.0,55.9,37.9,1.70,3.80
2020-12-23,36.0,28.0,46.0,35.0,0.00,1.50
2020-12-24,26.0,26.1,44.1,34.3,0.00,2.76
2020-12-25,5.0,26.1,46.0,37.0,0.00,2.53
2020-12-26,21.0,30.9,50.0,44.8,0.24,10.59
2020-12-27,11.0,37.9,50.0,43.2,0.01,4.03
2020-12-28,33.0,28.4,46.9,37.1,0.05,1.38
2020-12-29,21.0,28.9,46.9,38.7,0.00,4.72
2020-12-30,15.0,34.0,48.0,41.8,0.06,5.87
2020-12-31,32.0,39.9,51.1,47.9,0.48,12.89
2021-01-01,11.0,44.1,52.0,47.2,0.02,6.21
2021-01-02,4.0,44.1,52.0,48.4,0.18,14.61
2021-01-03,25.0,37.9,48.9,43.9,1.46,11.16
2021-01-04,17.0,37.9,50.0,45.9,0.16,7.71
2021-01-05,25.0,39.9,50.0,44.0,0.10,9.21
2021-01-06,40.0,39.9,52.0,45.7,0.81,6.56
2021-01-07,32.0,36.0,52.0,44.2,0.12,2.19
2021-01-08,17.0,39.9,51.1,45.5,0.00,3.80
2021-01-09,21.0,33.8,44.6,37.7,0.09,0.92
2021-01-10,25.0,34.0,48.9,43.7,0.02,2.88
2021-01-11,16.0,39.0,48.9,44.8,0.24,4.49
2021-01-12,19.0,39.0,55.9,49.4,1.14,7.48
2021-01-13,36.0,45.0,57.2,50.8,1.49,13.69
2021-01-14,36.0,36.0,57.0,43.6,0.02,2.65
2021-01-15,25.0,36.0,54.0,48.2,0.08,3.91
2021-01-16,22.0,36.0,54.0,41.9,0.03,0.92
2021-01-17,35.0,36.0,50.0,45.4,0.00,4.26
2021-01-18,20.0,39.9,50.0,44.6,0.00,1.84
2021-01-19,33.0,34.0,48.9,39.6,0.00,3.22
2021-01-20,31.0,33.1,45.0,38.6,0.00,1.96
2021-01-21,25.0,33.1,46.9,43.5,0.00,1.15
2021-01-22,32.0,41.0,46.9,43.3,0.01,6.10
2021-01-23,16.0,25.0,46.9,34.9,0.00,3.11
2021-01-24,8.0,25.0,43.0,38.9,0.00,6.10
2021-01-25,30.0,37.0,45.0,40.4,0.02,8.40
2021-01-26,24.0,30.0,45.0,37.3,0.00,5.98
2021-01-27,18.0,30.0,46.0,41.8,0.00,5.98
2021-01-28,21.0,37.0,46.0,42.0,0.02,2.53
2021-01-29,29.0,37.9,46.9,42.7,0.14,2.19
2021-01-30,24.0,39.0,48.9,42.8,0.03,4.03
2021-01-31,10.0,39.9,48.9,45.7,0.05,3.22
2021-02-01,19.0,42.8,50.0,45.6,0.06,3.80
2021-02-02,34.0,39.9,50.0,44.6,0.31,7.02
2021-02-03,29.0,39.0,48.9,42.5,0.26,4.03
2021-02-04,17.0,39.9,48.9,43.9,0.02,6.10
2021-02-05,34.0,42.1,53.1,48.1,0.00,8.63
2021-02-06,16.0,44.1,53.1,46.1,0.00,11.97
2021-02-07,20.0,39.0,51.1,44.3,0.00,8.52
2021-02-08,23.0,33.1,48.0,38.9,0.00,5.41
2021-02-09,24.0,33.1,43.0,38.9,0.06,2.76
2021-02-10,25.0,27.0,43.0,35.5,0.00,4.14
2021-02-11,18.0,32.0,41.0,36.0,0.00,4.37
2021-02-12,11.0,30.0,34.0,31.9,0.00,5.75
2021-02-13,1.0,24.8,30.2,27.0,0.13,9.90
2021-02-14,1.0,25.0,36.0,31.0,0.07,7.13
2021-02-15,1.0,30.0,45.0,36.1,0.10,8.86
2021-02-16,17.0,33.1,48.9,40.5,0.04,3.11
2021-02-17,28.0,36.0,50.0,41.0,0.00,3.22
2021-02-18,26.0,35.1,48.0,39.8,0.02,3.22
2021-02-19,27.0,39.9,48.0,43.8,0.02,10.01
2021-02-20,30.0,39.0,50.0,42.8,0.03,6.67
2021-02-21,15.0,42.1,52.0,46.1,0.00,13.23
2021-02-22,24.0,42.1,52.0,50.0,0.10,14.73
2021-02-23,32.0,35.1,52.0,43.2,0.03,5.98
2021-02-24,37.0,33.1,48.9,38.9,0.13,3.68
2021-02-25,28.0,33.1,50.0,42.4,0.06,9.67
2021-02-26,23.0,37.9,52.0,43.6,0.03,7.71
2021-02-27,23.0,30.9,52.0,39.8,0.06,5.18
2021-02-28,10.0,30.9,53.1,45.0,0.00,8.17
2021-03-01,34.0,37.0,57.9,46.4,0.00,4.95
2021-03-02,29.0,37.0,57.9,46.1,0.00,2.42
2021-03-03,41.0,33.1,57.0,43.5,0.00,2.53
2021-03-04,23.0,33.1,57.0,44.2,0.00,5.64
2021-03-05,27.0,36.0,54.0,47.9,0.19,6.10
2021-03-06,21.0,41.0,54.0,45.5,0.01,9.32
2021-03-07,16.0,39.0,51.1,43.9,0.00,9.67
2021-03-08,27.0,28.9,52.0,38.9,0.18,3.11
2021-03-09,32.0,28.9,54.0,44.7,0.00,2.30
2021-03-10,43.0,30.9,54.0,42.0,0.00,3.45
2021-03-11,35.0,30.9,54.0,43.4,0.00,3.11
2021-03-12,34.0,30.9,57.0,43.4,0.00,2.30
2021-03-13,30.0,30.9,60.1,46.0,0.00,3.34
2021-03-14,22.0,32.0,60.1,46.4,0.00,4.49
2021-03-15,25.0,36.0,48.0,40.4,0.10,4.14
2021-03-16,34.0,30.9,51.1,40.6,0.00,2.30
2021-03-17,37.0,30.9,59.0,43.7,0.00,1.27
2021-03-18,22.0,32.0,59.0,47.2,0.00,4.03
2021-03-19,28.0,37.0,55.9,46.1,0.12,7.48
2021-03-20,23.0,37.0,55.9,46.8,0.08,8.98
2021-03-21,18.0,39.9,53.1,42.9,0.10,8.75
2021-03-22,21.0,41.0,48.9,44.1,0.00,7.94
2021-03-23,37.0,37.0,54.0,44.4,0.16,2.65
2021-03-24,14.0,37.0,54.0,47.4,0.00,9.21
2021-03-25,36.0,42.1,53.6,46.2,0.34,4.37
2021-03-26,31.0,39.9,54.0,46.6,0.12,5.75
2021-03-27,41.0,39.9,54.0,47.9,0.00,4.72
2021-03-28,12.0,42.1,54.0,46.9,0.00,10.70
2021-03-29,29.0,30.9,50.0,41.2,0.34,6.56
2021-03-30,36.0,30.9,54.0,41.9,0.00,3.57
2021-03-31,38.0,30.9,59.0,46.5,0.00,2.88
2021-04-01,33.0,34.0,59.0,48.5,0.00,3.22
2021-04-02,50.0,39.0,57.0,48.7,0.00,5.18
2021-04-03,29.0,39.9,62.1,49.7,0.00,4.95
2021-04-04,16.0,39.9,62.1,48.2,0.00,5.41
2021-04-05,31.0,33.1,55.0,43.9,0.00,2.88
2021-04-06,48.0,33.1,60.1,47.3,0.00,3.57
2021-04-07,36.0,35.1,60.1,47.0,0.00,7.36
2021-04-08,40.0,39.0,54.0,45.1,0.09,7.94
2021-04-09,25.0,35.1,54.0,44.1,0.01,8.29
2021-04-10,38.0,35.1,52.0,45.0,0.01,8.29
2021-04-11,28.0,32.0,52.0,43.4,0.00,4.72
2021-04-12,31.0,32.0,57.0,46.3,0.00,5.06
2021-04-13,38.0,37.0,62.1,52.2,0.00,6.79
2021-04-14,28.0,41.0,64.9,53.5,0.00,5.41
2021-04-15,44.0,42.1,73.9,57.5,0.00,2.99
2021-04-16,38.0,43.0,75.9,60.7,0.00,3.57
2021-04-17,57.0,46.0,77.0,61.8,0.00,2.76
2021-04-18,47.0,46.0,78.1,63.1,0.00,2.42
2021-04-19,27.0,45.0,80.1,60.7,0.00,4.03
2021-04-20,46.0,45.0,72.0,60.7,0.00,3.11
2021-04-21,29.0,46.0,71.1,59.1,0.00,3.80
2021-04-22,45.0,46.0,71.1,56.1,0.00,5.41
2021-04-23,33.0,45.0,62.1,52.5,0.00,7.36
2021-04-24,14.0,45.0,60.1,49.6,0.00,7.13
2021-04-25,40.0,46.4,59.0,50.1,0.10,6.10
2021-04-26,38.0,44.1,60.1,52.1,0.06,6.10
2021-04-27,38.0,44.1,60.1,52.9,0.00,5.75
2021-04-28,33.0,45.0,64.9,55.3,0.00,2.76
2021-04-29,33.0,48.0,73.9,58.9,0.00,3.22
2021-04-30,19.0,50.0,73.9,58.4,0.00,10.01
2021-05-01,31.0,48.0,64.9,54.5,0.03,4.60
2021-05-02,38.0,44.1,62.1,52.6,0.01,3.34
2021-05-03,34.0,44.1,62.1,53.0,0.00,5.75
2021-05-04,38.0,46.0,63.0,54.5,0.08,4.03
2021-05-05,40.0,46.0,68.0,55.0,0.00,4.60
2021-05-06,31.0,46.0,68.0,58.2,0.00,7.71
2021-05-07,39.0,46.0,66.0,50.2,0.00,7.71
2021-05-08,39.0,44.1,57.9,50.6,0.01,6.90
2021-05-09,56.0,44.1,63.0,53.7,0.00,4.72
2021-05-10,50.0,43.0,64.9,55.1,0.00,4.03
2021-05-11,32.0,43.0,68.0,56.7,0.00,3.91
2021-05-12,39.0,46.9,69.1,60.6,0.00,4.72
2021-05-13,51.0,48.9,71.1,59.7,0.00,5.29
2021-05-14,45.0,48.9,72.0,62.0,0.00,4.72
2021-05-15,56.0,43.0,73.0,60.9,0.00,4.14
2021-05-16,41.0,50.0,75.9,63.4,0.00,2.99
2021-05-17,39.0,51.1,75.9,58.6,0.00,7.36
2021-05-18,40.0,46.9,62.1,52.9,0.03,11.39
2021-05-19,55.0,44.1,61.0,49.9,0.25,3.80
2021-05-20,46.0,44.1,61.0,51.3,0.00,5.87
2021-05-21,39.0,46.0,62.1,53.4,0.00,5.29
2021-05-22,28.0,46.0,63.0,53.5,0.00,2.99
2021-05-23,20.0,46.9,63.0,57.0,0.00,7.60
2021-05-24,35.0,51.1,63.0,54.5,0.00,9.90
2021-05-25,43.0,50.0,63.0,57.3,0.01,4.83
2021-05-26,50.0,51.1,64.0,56.7,0.00,7.25
2021-05-27,29.0,51.1,64.0,56.6,0.02,7.94
2021-05-28,34.0,50.0,64.0,54.2,0.16,8.29
2021-05-29,28.0,46.9,70.0,56.6,0.00,4.95
2021-05-30,39.0,46.9,71.1,61.4,0.00,3.68
2021-05-31,43.0,52.0,78.1,64.0,0.00,3.68
2021-06-01,71.0,53.1,82.9,71.0,0.00,3.34
2021-06-02,44.0,57.9,86.0,73.6,0.00,2.30
2021-06-03,75.0,57.0,86.0,67.8,0.00,4.60
2021-06-04,45.0,53.1,78.1,61.1,0.00,6.56
2021-06-05,31.0,53.1,69.1,60.9,0.00,10.36
2021-06-06,21.0,50.0,66.9,53.0,0.00,9.21
2021-06-07,49.0,45.0,62.1,51.6,0.56,5.75
2021-06-08,58.0,45.0,68.0,57.5,0.08,2.65
2021-06-09,59.0,48.0,68.0,57.2,0.00,7.25
2021-06-10,60.0,48.0,68.0,57.9,0.00,5.75
2021-06-11,32.0,48.9,66.0,58.1,0.00,3.34
2021-06-12,49.0,52.0,73.0,60.4,0.28,2.65
2021-06-13,8.0,52.0,73.0,62.8,0.15,2.88
2021-06-14,51.0,57.9,64.9,61.1,0.42,2.99
2021-06-15,54.0,55.0,69.1,61.5,0.01,7.60
2021-06-16,62.0,54.0,71.1,61.4,0.00,6.79
2021-06-17,55.0,54.0,78.1,64.7,0.00,3.11
2021-06-18,56.0,54.0,78.1,64.7,0.00,4.95
2021-06-19,36.0,54.0,77.0,63.6,0.00,3.45
2021-06-20,47.0,54.0,79.0,68.4,0.00,5.64
2021-06-21,68.0,60.1,88.0,73.9,0.00,3.91
2021-06-22,62.0,60.1,88.0,71.7,0.00,5.75
2021-06-23,64.0,55.9,78.1,65.2,0.00,5.64
2021-06-24,68.0,55.9,82.0,68.6,0.00,3.91
2021-06-25,66.0,57.9,87.1,73.9,0.00,4.49
2021-06-26,18.0,63.0,99.0,81.9,0.00,3.80
2021-06-27,11.0,69.1,99.0,85.5,0.00,4.72
2021-06-28,41.0,72.0,104.0,88.9,0.00,4.83
2021-06-29,60.0,63.0,104.0,79.0,0.00,7.25
2021-06-30,72.0,61.0,84.9,69.2,0.00,8.06
2021-07-01,60.0,61.0,75.0,67.6,0.00,5.87
2021-07-02,61.0,61.0,78.1,67.9,0.00,4.49
2021-07-03,25.0,61.0,82.9,70.7,0.00,2.65
2021-07-04,28.0,57.9,82.9,68.8,0.00,5.75
2021-07-05,39.0,57.0,78.1,65.0,0.00,5.41
2021-07-06,50.0,57.0,81.0,66.3,0.00,2.76
2021-07-07,75.0,57.9,81.0,66.6,0.00,7.36
2021-07-08,67.0,54.0,72.0,61.3,0.00,4.83
2021-07-09,69.0,54.0,80.1,66.6,0.00,4.03
2021-07-10,45.0,55.9,80.1,68.2,0.00,4.03
2021-07-11,34.0,57.9,80.1,68.4,0.00,3.80
2021-07-12,52.0,57.0,82.0,69.1,0.00,4.49
2021-07-13,63.0,55.9,82.0,67.8,0.00,3.80
2021-07-14,75.0,55.0,82.0,65.8,0.00,4.14
2021-07-15,65.0,55.0,75.9,62.8,0.00,6.33
2021-07-16,63.0,55.0,71.1,62.7,0.00,5.87
2021-07-17,54.0,55.9,75.0,64.9,0.00,5.41
2021-07-18,43.0,55.9,79.0,66.9,0.00,4.03
2021-07-19,60.0,57.9,82.9,68.8,0.00,3.45
2021-07-20,90.0,59.0,82.9,65.9,0.00,4.03
2021-07-21,63.0,57.0,72.0,63.3,0.00,4.03
2021-07-22,90.0,57.0,75.0,65.3,0.00,4.37
2021-07-23,55.0,55.0,78.1,66.3,0.00,4.26
2021-07-24,37.0,55.0,82.0,70.5,0.00,4.60
2021-07-25,47.0,61.0,84.0,71.8,0.00,4.26
2021-07-26,69.0,61.0,84.0,70.1,0.00,3.80
2021-07-27,86.0,61.0,82.9,71.7,0.00,3.34
2021-07-28,75.0,62.1,84.9,72.9,0.00,4.14
2021-07-29,70.0,62.1,87.1,73.9,0.00,3.91
2021-07-30,58.0,60.1,88.0,73.8,0.00,4.83
2021-07-31,36.0,60.1,88.0,73.4,0.00,4.26
2021-08-01,36.0,64.9,82.0,70.0,0.00,3.11
2021-08-02,57.0,60.1,82.0,69.6,0.00,4.49
2021-08-03,58.0,60.1,82.9,72.0,0.00,3.80
2021-08-04,79.0,60.1,84.9,71.0,0.02,4.26
2021-08-05,61.0,60.1,84.9,73.2,0.00,2.99
2021-08-06,35.0,64.0,84.0,69.0,0.00,6.56
2021-08-07,50.0,63.0,78.1,67.7,0.00,9.44
2021-08-08,28.0,55.9,77.0,63.9,0.31,6.33
2021-08-09,64.0,55.9,77.0,65.5,0.00,4.37
2021-08-10,82.0,57.0,84.0,70.4,0.00,4.95
2021-08-11,66.0,60.1,90.0,76.0,0.00,4.37
2021-08-12,61.0,63.0,90.0,78.3,0.00,4.26
2021-08-13,46.0,68.0,91.9,79.4,0.00,2.65
2021-08-14,24.0,63.0,91.9,74.5,0.00,4.95
2021-08-15,57.0,61.0,82.9,71.3,0.00,2.99
2021-08-16,53.0,61.0,82.0,68.5,0.00,5.41
2021-08-17,64.0,55.9,75.9,60.6,0.00,5.52
2021-08-18,66.0,54.0,77.0,63.9,0.00,2.88
2021-08-19,52.0,54.0,79.0,67.3,0.00,3.91
2021-08-20,61.0,57.0,79.0,63.7,0.00,7.60
2021-08-21,47.0,55.9,70.0,60.9,0.00,3.34
2021-08-22,25.0,55.9,70.0,63.1,0.00,7.36
2021-08-23,66.0,53.6,70.0,60.7,0.00,6.10
2021-08-24,84.0,54.0,75.9,64.2,0.00,3.80
2021-08-25,56.0,52.0,77.0,66.0,0.00,4.03
2021-08-26,49.0,52.0,77.0,64.3,0.00,7.71
2021-08-27,66.0,57.2,68.0,62.1,0.03,6.21
2021-08-28,50.0,54.0,75.9,62.9,0.00,3.22
2021-08-29,40.0,54.0,77.0,66.0,0.00,4.03
2021-08-30,49.0,51.1,77.0,61.1,0.00,5.41
2021-08-31,58.0,51.1,66.9,58.9,0.00,6.44
2021-09-01,56.0,46.0,71.1,58.8,0.00,3.11
2021-09-02,60.0,46.0,75.9,62.6,0.00,3.57
2021-09-03,69.0,50.0,77.0,64.7,0.00,2.88
2021-09-04,34.0,50.0,79.0,65.8,0.00,4.95
2021-09-05,52.0,53.1,79.0,69.8,0.00,4.26
2021-09-06,36.0,60.1,79.0,65.8,0.00,3.68
2021-09-07,64.0,55.9,77.0,65.6,0.00,3.57
2021-09-08,60.0,55.9,80.1,70.4,0.00,4.83
2021-09-09,54.0,57.9,81.0,68.8,0.00,3.34
2021-09-10,53.0,57.9,81.0,64.7,0.00,5.75
2021-09-11,33.0,57.0,72.0,63.1,0.00,6.44
2021-09-12,19.0,55.4,70.0,62.0,0.00,3.45
2021-09-13,57.0,55.9,69.1,61.6,0.01,3.45
2021-09-14,72.0,50.0,71.1,60.7,0.00,3.80
2021-09-15,65.0,50.0,71.1,60.8,0.00,4.14
2021-09-16,70.0,48.0,66.0,57.1,0.00,3.45
2021-09-17,44.0,46.0,66.0,57.5,0.00,4.49
2021-09-18,17.0,54.0,69.1,59.8,0.50,9.09
2021-09-19,17.0,52.0,64.9,56.8,0.24,8.06
2021-09-20,70.0,52.0,69.1,59.4,0.00,5.52
2021-09-21,69.0,52.0,73.9,61.3,0.00,2.42
2021-09-22,74.0,52.0,73.9,61.8,0.00,1.84
2021-09-23,55.0,55.0,68.0,60.9,0.00,3.80
2021-09-24,58.0,53.1,73.0,61.1,0.00,3.11
2021-09-25,26.0,52.0,78.1,64.1,0.00,2.99
2021-09-26,9.0,52.0,78.1,60.4,0.00,7.60
2021-09-27,35.0,53.1,64.0,58.1,0.33,9.67
2021-09-28,48.0,52.0,64.0,55.9,0.40,10.01
2021-09-29,40.0,52.0,64.0,55.5,0.07,7.36
2021-09-30,44.0,52.0,64.0,58.1,0.10,7.83
2021-10-01,63.0,52.0,64.0,56.7,0.14,4.60
2021-10-02,35.0,46.9,66.9,54.9,0.00,2.76
2021-10-03,26.0,46.9,66.9,56.9,0.00,5.29
2021-10-04,62.0,52.0,63.0,55.6,0.00,1.84
2021-10-05,45.0,50.0,63.0,54.6,0.00,5.87
2021-10-06,46.0,45.0,59.0,50.6,0.15,8.06
2021-10-07,56.0,45.0,59.0,51.2,0.01,3.80
2021-10-08,50.0,39.9,59.0,48.1,0.00,2.88
2021-10-09,25.0,39.9,59.0,50.0,0.00,6.33
2021-10-10,17.0,42.1,57.9,52.5,0.00,7.71
2021-10-11,41.0,39.9,55.9,46.8,0.11,3.91
2021-10-12,47.0,35.1,54.0,43.2,0.03,5.98
2021-10-13,47.0,35.1,54.0,47.4,0.00,4.95
2021-10-14,63.0,45.0,60.1,51.0,0.01,7.25
2021-10-15,43.0,46.9,61.0,54.9,0.00,9.32
2021-10-16,25.0,52.0,68.0,58.9,0.00,7.94
2021-10-17,17.0,52.0,68.0,55.6,0.00,4.72
2021-10-18,54.0,50.0,57.0,52.2,0.00,2.53
2021-10-19,50.0,43.0,61.0,52.2,0.00,1.38
2021-10-20,28.0,43.0,62.1,55.2,0.01,5.87
2021-10-21,41.0,46.0,69.1,56.4,0.10,6.67
2021-10-22,33.0,46.0,69.1,54.7,0.43,6.44
2021-10-23,22.0,48.0,57.0,50.7,0.02,5.87
2021-10-24,17.0,48.0,60.1,53.6,0.09,7.83
2021-10-25,27.0,48.0,60.1,54.7,0.22,16.57
2021-10-26,36.0,48.0,59.0,51.6,0.03,11.39
2021-10-27,43.0,48.0,57.0,51.9,0.05,10.93
2021-10-28,26.0,48.0,61.0,53.3,0.07,7.48
2021-10-29,33.0,46.4,54.0,50.2,1.19,2.19
2021-10-30,27.0,39.0,55.0,46.2,0.03,3.80
2021-10-31,23.0,34.0,57.0,45.2,0.00,2.53
2021-11-01,37.0,34.0,57.0,44.8,0.00,1.04
2021-11-02,29.0,36.0,54.0,47.1,0.05,3.34
2021-11-03,32.0,43.0,60.1,51.5,0.06,2.42
2021-11-04,24.0,44.1,60.1,53.9,0.38,5.98
2021-11-05,26.0,45.0,57.9,49.0,0.36,9.90
2021-11-06,24.0,41.0,52.0,45.2,0.10,7.94
2021-11-07,8.0,39.9,48.9,43.3,0.66,11.51
2021-11-08,46.0,36.0,57.0,44.4,0.35,5.52
2021-11-09,35.0,36.0,57.0,50.0,0.21,12.54
2021-11-10,35.0,39.0,54.0,46.1,0.37,7.36
2021-11-11,23.0,39.0,54.0,48.6,0.03,2.53
2021-11-12,30.0,46.0,60.1,55.3,0.83,9.09
2021-11-13,26.0,44.1,60.1,49.5,0.16,2.30
2021-11-14,9.0,44.1,61.0,55.6,0.51,12.20
2021-11-15,25.0,48.9,63.0,58.6,0.27,17.84
2021-11-16,50.0,37.9,63.0,43.5,0.18,6.90
2021-11-17,47.0,32.0,51.1,40.4,0.00,1.50
2021-11-18,32.0,32.0,51.1,44.0,0.00,1.61
2021-11-19,26.0,41.0,48.0,43.9,0.37,4.14
2021-11-20,33.0,37.9,48.9,43.8,0.01,2.99
2021-11-21,41.0,35.1,48.9,41.6,0.00,1.73
2021-11-22,21.0,32.0,48.0,39.2,0.00,6.44
2021-11-23,42.0,32.0,50.0,45.6,0.10,6.56
2021-11-24,40.0,34.0,50.0,41.7,0.27,4.95
2021-11-25,3.0,34.0,48.9,45.0,0.04,5.18
2021-11-26,20.0,43.0,55.0,48.6,0.16,7.71
2021-11-27,6.0,46.0,55.0,49.2,0.00,2.65
2021-11-28,11.0,46.9,61.0,57.6,0.26,12.89
2021-11-29,41.0,53.1,61.0,55.0,0.01,7.83
2021-11-30,35.0,51.8,55.9,54.1,0.01,8.63
2021-12-01,44.0,52.0,57.9,55.5,0.00,13.69
2021-12-02,33.0,45.0,57.9,50.6,0.00,5.87
2021-12-03,39.0,36.0,54.0,41.3,0.10,2.30
2021-12-04,10.0,36.0,44.1,40.2,0.00,3.57
2021-12-05,32.0,32.0,43.0,37.4,0.16,1.96
2021-12-06,23.0,32.0,43.0,39.7,0.03,4.03
2021-12-07,33.0,37.9,48.9,44.8,0.02,1.61
2021-12-08,35.0,41.0,50.0,46.7,0.00,8.98
2021-12-09,37.0,37.0,50.0,40.8,0.11,6.79
2021-12-10,30.0,34.0,44.1,40.4,0.00,7.83
2021-12-11,28.0,39.0,48.9,45.3,0.58,16.23
2021-12-12,14.0,37.0,48.9,40.2,0.09,12.66
2021-12-13,33.0,35.1,42.1,38.2,0.12,3.45
2021-12-14,41.0,38.1,44.1,41.2,0.00,21.75
2021-12-15,34.0,36.0,44.1,38.8,0.00,6.21
2021-12-16,33.0,36.0,45.0,40.0,0.00,5.29
2021-12-17,33.0,33.1,45.0,39.7,0.00,4.03
2021-12-18,12.0,33.1,52.0,41.2,0.09,8.63
2021-12-19,33.0,37.0,52.0,41.3,0.37,4.95
2021-12-20,23.0,36.0,46.0,38.1,0.00,3.34
2021-12-21,34.0,35.6,39.0,37.0,0.06,2.88
2021-12-22,19.0,36.0,51.1,44.1,0.24,10.24
2021-12-23,26.0,41.0,51.1,43.6,0.50,10.13
2021-12-24,6.0,36.0,46.0,39.7,0.06,10.70
2021-12-25,9.0,35.1,42.1,37.8,0.14,11.74
2021-12-26,0.0,24.1,37.9,29.5,0.00,8.06
2021-12-27,0.0,17.1,32.0,21.1,0.25,4.03
2021-12-28,1.0,17.1,28.9,25.4,0.00,3.22
2021-12-29,1.0,23.0,30.9,27.5,0.00,3.80
2021-12-30,0.0,26.1,35.6,31.0,0.04,6.90
2021-12-31,0.0,24.1,35.1,30.7,0.02,2.88
2022-01-01,0.0,16.0,34.0,24.6,0.00,4.26
2022-01-02,0.0,16.0,37.9,33.0,0.00,8.06
2022-01-03,7.0,28.0,42.1,36.8,1.55,8.17
2022-01-04,8.0,33.1,42.1,36.8,0.27,8.98
2022-01-05,10.0,34.0,42.1,38.4,0.05,2.99
2022-01-06,16.0,35.1,51.8,41.7,0.32,7.48
2022-01-07,18.0,36.0,51.1,46.9,0.97,10.82
2022-01-08,22.0,37.0,48.9,40.5,0.14,6.67
2022-01-09,21.0,28.9,52.0,38.0,0.00,1.61
2022-01-10,26.0,28.9,52.0,38.8,0.00,1.61
2022-01-11,19.0,30.0,52.0,47.3,0.47,5.41
2022-01-12,30.0,44.1,57.0,53.1,0.38,5.98
2022-01-13,31.0,42.1,57.0,48.0,0.02,2.65
2022-01-14,24.0,37.9,55.0,44.7,0.12,2.65
2022-01-15,10.0,37.4,46.9,42.0,0.00,2.07
2022-01-16,7.0,39.0,45.0,41.0,0.00,1.73
2022-01-17,15.0,39.0,48.9,42.3,0.00,3.80
2022-01-18,27.0,39.9,50.0,47.1,0.00,7.60
2022-01-19,26.0,42.1,50.0,46.0,0.00,4.26
2022-01-20,29.0,46.9,53.6,50.4,0.00,9.32
2022-01-21,29.0,39.0,53.1,44.5,0.01,3.22
2022-01-22,11.0,35.1,50.0,40.5,0.00,2.42
2022-01-23,13.0,34.0,45.0,37.8,0.00,2.65
2022-01-24,28.0,35.6,39.9,37.5,0.00,2.19
2022-01-25,31.0,36.0,43.0,38.0,0.00,1.73
2022-01-26,32.0,34.0,43.0,36.6,0.00,3.45
2022-01-27,38.0,33.1,46.0,36.4,0.00,1.84
2022-01-28,38.0,26.1,52.0,36.4,0.00,2.53
2022-01-29,20.0,26.1,52.0,38.7,0.00,2.88
2022-01-30,10.0,28.0,52.0,45.7,0.00,6.56
2022-01-31,32.0,36.0,52.0,42.2,0.17,7.60
2022-02-01,39.0,35.1,46.9,40.0,0.00,4.83
2022-02-02,30.0,32.0,44.1,37.3,0.00,4.49
2022-02-03,31.0,32.0,48.9,43.4,0.00,7.94
2022-02-04,31.0,39.9,50.0,44.9,0.00,7.48
2022-02-05,13.0,39.9,50.0,45.5,0.00,7.36
2022-02-06,24.0,36.0,50.0,42.1,0.00,1.96
2022-02-07,23.0,36.0,54.0,45.6,0.00,8.17
2022-02-08,36.0,37.9,54.0,45.3,0.00,4.37
2022-02-09,35.0,39.9,54.0,47.0,0.00,1.50
2022-02-10,39.0,42.1,54.0,47.4,0.00,2.42
2022-02-11,35.0,45.0,52.0,46.9,0.00,4.72
2022-02-12,29.0,37.0,54.0,44.5,0.00,3.91
2022-02-13,25.0,28.0,57.9,41.3,0.00,2.65
2022-02-14,26.0,44.6,55.0,47.5,0.00,6.44
2022-02-15,33.0,41.0,48.9,44.6,0.09,2.99
2022-02-16,35.0,41.0,51.1,46.3,0.00,4.72
2022-02-17,49.0,36.0,51.1,42.6,0.00,6.21
2022-02-18,47.0,36.0,50.0,46.2,0.00,2.99
2022-02-19,16.0,39.2,48.0,44.2,0.00,7.36
2022-02-20,13.0,39.0,48.9,43.9,0.00,7.36
2022-02-21,24.0,35.1,48.9,39.4,0.10,5.75
2022-02-22,15.0,30.0,43.0,33.6,0.00,7.02
2022-02-23,26.0,21.9,37.9,29.5,0.00,3.45
2022-02-24,39.0,21.9,39.9,34.0,0.00,4.03
2022-02-25,33.0,23.0,48.0,33.8,0.00,2.19
2022-02-26,13.0,23.0,51.1,39.4,0.00,3.22
2022-02-27,9.0,30.0,51.1,44.6,0.31,5.87
2022-02-28,19.0,41.0,55.0,49.4,1.01,8.75
2022-03-01,41.0,48.0,59.0,54.0,1.16,9.55
2022-03-02,39.0,48.0,59.0,50.7,0.03,5.18
2022-03-03,35.0,42.1,52.0,46.8,0.10,6.21
2022-03-04,40.0,41.0,51.1,45.0,0.13,4.60
2022-03-05,28.0,37.0,53.1,44.4,0.00,2.42
2022-03-06,17.0,32.0,53.1,40.9,0.00,0.92
2022-03-07,41.0,32.0,51.1,41.1,0.00,3.80
2022-03-08,48.0,32.0,48.9,43.9,0.00,5.18
2022-03-09,38.0,36.0,50.0,41.9,0.01,3.45
2022-03-10,56.0,27.0,48.9,38.1,0.00,3.11
2022-03-11,46.0,27.0,50.0,43.9,0.00,0.92
2022-03-12,31.0,39.0,57.0,47.2,0.00,5.52
2022-03-13,31.0,39.0,57.0,47.8,0.06,2.65
2022-03-14,26.0,41.0,54.0,47.0,0.03,8.75
2022-03-15,44.0,44.1,53.1,47.2,0.41,8.86
2022-03-16,40.0,43.0,54.0,46.9,0.18,7.83
2022-03-17,56.0,42.1,54.0,46.6,0.00,5.52
2022-03-18,45.0,42.1,55.9,48.5,0.02,5.87
2022-03-19,16.0,42.1,55.9,47.5,0.15,6.44
2022-03-20,10.0,39.0,51.1,42.2,0.33,6.90
2022-03-21,26.0,42.1,51.8,44.7,0.04,6.56
2022-03-22,47.0,42.1,64.9,52.0,0.10,5.41
2022-03-23,34.0,46.9,64.9,54.2,0.00,4.83
2022-03-24,55.0,37.9,57.0,45.5,0.24,3.34
2022-03-25,31.0,37.9,59.0,49.4,0.00,3.45
2022-03-26,20.0,43.0,59.0,52.4,0.00,1.73
2022-03-27,19.0,46.0,63.0,53.4,0.00,2.42
2022-03-28,29.0,46.0,63.0,52.9,0.00,3.45
2022-03-29,53.0,44.1,60.1,50.9,0.00,2.88
2022-03-30,44.0,44.1,60.1,49.5,0.00,7.25
2022-03-31,61.0,39.9,55.9,46.1,0.19,5.75
2022-04-01,45.0,39.9,55.0,47.6,0.04,5.87
2022-04-02,27.0,39.9,55.9,48.3,0.05,7.83
2022-04-03,16.0,43.0,55.9,48.9,0.00,8.40
2022-04-04,31.0,42.1,53.1,47.3,0.60,15.65
2022-04-05,54.0,39.9,54.0,44.6,0.05,11.39
2022-04-06,58.0,36.0,57.9,45.7,0.00,2.99
2022-04-07,75.0,36.0,73.9,55.0,0.00,2.99
2022-04-08,49.0,45.0,73.9,55.3,0.02,11.16
2022-04-09,17.0,37.0,57.9,43.7,0.07,6.90
2022-04-10,11.0,36.0,48.9,42.1,0.11,7.48
2022-04-11,41.0,37.0,53.1,43.2,0.02,8.40
2022-04-12,47.0,37.9,53.1,42.3,0.00,11.28
2022-04-13,69.0,34.0,46.9,39.2,0.00,2.19
2022-04-14,45.0,33.1,48.0,39.6,0.00,4.60
2022-04-15,40.0,33.1,51.1,42.2,0.10,6.90
2022-04-16,23.0,35.1,51.1,43.6,0.00,4.14
2022-04-17,33.0,36.0,57.0,44.2,0.00,5.75
2022-04-18,25.0,36.0,57.0,49.6,0.03,4.60
2022-04-19,49.0,39.9,55.0,45.6,0.17,10.13
2022-04-20,38.0,37.0,55.9,46.1,0.00,3.57
2022-04-21,54.0,37.0,57.0,47.9,0.10,5.87
2022-04-22,57.0,41.0,60.1,48.2,0.08,3.45
2022-04-23,46.0,42.1,60.1,51.8,0.00,4.37
2022-04-24,30.0,39.9,66.9,53.6,0.00,4.83
2022-04-25,39.0,39.9,66.9,54.0,0.01,8.52
2022-04-26,51.0,41.0,57.9,48.3,0.02,8.06
2022-04-27,64.0,39.0,57.0,47.3,0.04,5.06
2022-04-28,59.0,39.0,57.9,49.3,0.00,2.88
2022-04-29,60.0,44.1,60.1,50.9,0.00,5.18
2022-04-30,31.0,44.1,61.0,53.6,0.23,4.83
2022-05-01,42.0,45.0,61.0,53.0,0.06,2.42
2022-05-02,42.0,45.0,61.0,53.5,0.05,3.34
2022-05-03,47.0,46.9,55.9,51.0,0.19,4.72
2022-05-04,65.0,46.0,66.9,52.5,0.00,2.07
2022-05-05,40.0,45.0,66.9,51.0,0.00,6.21
2022-05-06,27.0,42.1,55.0,48.4,0.07,4.72
2022-05-07,29.0,42.1,55.9,49.3,0.49,4.72
2022-05-08,30.0,41.0,55.9,46.4,0.03,6.56
2022-05-09,43.0,39.9,57.9,48.3,0.05,6.90
2022-05-10,62.0,39.9,61.0,49.1,0.00,6.33
2022-05-11,71.0,41.0,61.0,51.2,0.00,6.79
2022-05-12,39.0,42.1,59.0,49.2,0.00,7.48
2022-05-13,59.0,37.9,57.9,47.4,0.39,7.36
2022-05-14,50.0,37.9,66.0,53.4,0.02,4.26
2022-05-15,8.0,46.9,66.0,56.3,0.02,3.22
2022-05-16,40.0,52.0,61.0,56.1,0.47,8.29
2022-05-17,62.0,45.0,61.0,51.9,0.00,5.87
2022-05-18,49.0,45.0,60.1,52.9,0.02,9.55
2022-05-19,76.0,43.0,59.0,50.0,0.05,7.94
2022-05-20,53.0,42.1,61.0,51.0,0.00,4.37
2022-05-21,41.0,42.1,66.0,55.1,0.00,3.34
2022-05-22,41.0,44.1,71.1,58.7,0.00,2.99
2022-05-23,43.0,45.0,71.1,59.7,0.00,3.57
2022-05-24,65.0,52.0,66.9,57.0,0.00,4.26
2022-05-25,77.0,52.0,68.0,57.8,0.00,6.56
2022-05-26,65.0,52.0,69.1,59.2,0.00,2.99
2022-05-27,71.0,52.0,69.1,58.0,0.09,7.83
2022-05-28,22.0,48.0,62.1,53.2,0.00,5.52
2022-05-29,21.0,48.0,57.9,51.7,0.06,4.49
2022-05-30,39.0,46.0,61.0,51.6,0.05,3.34
2022-05-31,67.0,46.0,68.0,56.5,0.00,2.88
2022-06-01,86.0,48.9,71.1,62.0,0.00,2.65
2022-06-02,78.0,54.0,73.9,62.1,0.03,2.88
2022-06-03,50.0,54.0,73.9,61.1,0.02,5.18
2022-06-04,45.0,54.0,69.1,59.5,0.13,4.60
2022-06-05,18.0,54.0,69.1,60.9,0.49,5.98
2022-06-06,74.0,52.0,64.9,56.9,0.27,3.45
2022-06-07,114.0,48.9,73.0,60.2,0.00,3.91
2022-06-08,91.0,48.9,73.0,63.5,0.00,5.87
2022-06-09,38.0,55.0,70.0,58.8,0.00,1.84
2022-06-10,52.0,55.0,68.0,60.4,0.89,5.75
2022-06-11,43.0,55.0,71.1,60.0,0.08,5.75
2022-06-12,27.0,51.1,71.1,57.4,0.00,3.34
2022-06-13,60.0,48.9,61.0,54.1,0.04,7.94
2022-06-14,79.0,46.9,62.1,54.6,0.05,6.90
2022-06-15,98.0,46.9,62.1,56.7,0.00,2.53
2022-06-16,64.0,51.1,68.0,58.6,0.00,3.11
2022-06-17,47.0,51.1,68.0,58.3,0.00,4.03
2022-06-18,52.0,53.1,63.0,55.9,0.07,6.90
2022-06-19,32.0,53.1,66.0,57.8,0.00,5.29
2022-06-20,67.0,53.1,66.9,59.2,0.00,2.88
2022-06-21,96.0,54.0,75.9,63.0,0.00,2.53
2022-06-22,93.0,54.0,77.0,62.3,0.00,3.11
2022-06-23,94.0,54.0,70.0,60.3,0.01,4.26
2022-06-24,65.0,51.1,75.9,63.0,0.00,4.83
2022-06-25,38.0,51.1,84.0,70.6,0.00,5.06
2022-06-26,40.0,57.9,87.1,75.7,0.00,5.29
2022-06-27,69.0,63.0,91.0,76.8,0.00,3.45
2022-06-28,94.0,55.9,91.0,65.3,0.00,9.09
2022-06-29,95.0,55.9,68.0,59.5,0.00,6.90
2022-06-30,94.0,54.0,73.9,63.1,0.00,3.57
2022-07-01,77.0,54.0,75.9,66.6,0.00,2.99
2022-07-02,34.0,55.9,75.9,62.2,0.00,3.11
2022-07-03,18.0,55.0,66.9,58.3,0.00,6.10
2022-07-04,47.0,51.1,68.0,58.1,0.02,5.41
2022-07-05,52.0,51.1,75.0,62.8,0.00,3.68
2022-07-06,91.0,53.1,75.0,64.9,0.02,3.34
2022-07-07,82.0,59.0,77.0,66.9,0.03,4.03
2022-07-08,82.0,59.0,78.1,67.0,0.00,3.22
2022-07-09,62.0,57.9,78.1,66.9,0.00,2.88
2022-07-10,45.0,57.9,75.9,65.0,0.00,5.06
2022-07-11,67.0,59.0,82.0,69.7,0.00,4.03
2022-07-12,96.0,60.1,82.0,72.7,0.00,4.14
2022-07-13,95.0,57.0,82.0,65.2,0.00,4.72
2022-07-14,80.0,55.9,79.0,65.5,0.00,3.57
2022-07-15,68.0,55.0,79.0,65.7,0.00,6.79
2022-07-16,43.0,55.0,78.1,66.6,0.00,5.52
2022-07-17,38.0,59.0,72.0,62.5,0.00,3.68
2022-07-18,78.0,55.0,71.1,61.8,0.00,4.37
2022-07-19,102.0,55.0,79.0,65.7,0.01,5.18
2022-07-20,108.0,57.0,84.0,71.1,0.00,3.80
2022-07-21,100.0,59.0,84.0,69.6,0.00,4.03
2022-07-22,73.0,57.9,81.0,65.3,0.05,7.60
2022-07-23,42.0,57.9,73.0,63.9,0.00,2.88
2022-07-24,54.0,57.0,80.1,67.4,0.00,4.49
2022-07-25,74.0,57.0,84.9,72.7,0.00,4.72
2022-07-26,97.0,60.1,93.9,77.4,0.00,3.22
2022-07-27,119.0,64.0,93.9,78.7,0.00,4.03
2022-07-28,111.0,64.0,91.0,76.3,0.00,4.14
2022-07-29,81.0,64.0,91.0,76.7,0.00,4.14
2022-07-30,53.0,64.9,91.9,78.7,0.00,3.80
2022-07-31,50.0,64.9,91.9,78.7,0.00,4.03
2022-08-01,89.0,63.0,93.0,74.7,0.00,4.95
2022-08-02,102.0,59.0,81.0,67.0,0.00,7.13
2022-08-03,106.0,54.0,77.0,64.7,0.00,5.41
2022-08-04,75.0,54.0,73.9,62.7,0.00,7.83
2022-08-05,72.0,55.0,73.0,63.3,0.00,4.95
2022-08-06,41.0,55.0,82.0,68.6,0.00,4.26
2022-08-07,37.0,57.0,84.9,72.4,0.00,3.68
2022-08-08,91.0,59.0,88.0,74.5,0.00,3.34
2022-08-09,90.0,60.1,88.0,68.3,0.00,4.26
2022-08-10,88.0,60.1,77.0,67.0,0.00,4.95
2022-08-11,103.0,59.0,80.1,67.3,0.00,3.80
2022-08-12,86.0,57.9,80.1,68.5,0.00,4.14
2022-08-13,37.0,57.9,79.0,67.5,0.00,7.36
2022-08-14,43.0,59.0,80.1,67.8,0.00,2.76
2022-08-15,84.0,57.9,82.9,69.8,0.00,2.88
2022-08-16,115.0,57.9,82.9,69.9,0.00,3.57
2022-08-17,109.0,60.1,86.0,73.1,0.00,4.03
2022-08-18,109.0,63.0,89.1,77.8,0.00,3.68
2022-08-19,89.0,64.9,89.1,74.3,0.00,4.60
2022-08-20,54.0,63.0,79.0,68.8,0.02,5.18
2022-08-21,47.0,63.0,81.0,70.2,0.00,3.68
2022-08-22,88.0,61.0,82.9,70.7,0.00,3.57
2022-08-23,90.0,60.1,82.9,68.7,0.00,3.57
2022-08-24,109.0,59.0,84.9,70.4,0.00,5.06
2022-08-25,105.0,59.0,90.0,75.4,0.00,2.88
2022-08-26,76.0,60.1,90.0,67.9,0.00,8.06
2022-08-27,51.0,57.0,73.0,63.2,0.00,7.25
2022-08-28,44.0,53.1,75.9,63.1,0.00,3.68
2022-08-29,73.0,53.1,81.0,67.9,0.00,3.80
2022-08-30,110.0,57.9,86.0,73.7,0.00,3.80
2022-08-31,101.0,62.1,87.1,75.2,0.00,3.57
2022-09-01,69.0,60.1,87.1,65.8,0.00,4.95
2022-09-02,68.0,55.4,78.1,65.6,0.00,4.72
2022-09-03,36.0,55.9,79.0,64.5,0.00,6.21
2022-09-04,45.0,57.0,77.0,66.5,0.00,6.90
2022-09-05,30.0,55.9,77.0,64.5,0.00,4.60
2022-09-06,89.0,54.0,75.9,64.9,0.00,4.37
2022-09-07,111.0,54.0,77.0,67.3,0.00,3.57
2022-09-08,95.0,52.0,77.0,63.6,0.00,3.80
2022-09-09,73.0,52.0,78.1,64.7,0.00,4.03
2022-09-10,51.0,57.0,84.9,69.4,0.00,4.72
2022-09-11,39.0,57.0,84.9,69.0,0.00,5.98
2022-09-12,96.0,61.0,75.9,66.5,0.00,5.06
2022-09-13,106.0,61.0,73.9,65.9,0.00,1.84
2022-09-14,130.0,61.0,71.1,65.1,0.00,2.07
2022-09-15,103.0,57.2,69.1,62.6,0.00,2.07
2022-09-16,33.0,55.9,68.0,60.1,0.00,4.49
2022-09-17,27.0,52.0,66.0,59.3,0.02,4.72
2022-09-18,30.0,52.0,72.0,61.4,0.00,5.29
2022-09-19,67.0,48.0,73.9,61.0,0.00,3.11
2022-09-20,110.0,48.0,78.1,64.7,0.00,3.80
2022-09-21,101.0,48.0,78.1,63.3,0.00,2.42
2022-09-22,104.0,48.0,75.9,62.9,0.00,8.86
2022-09-23,0.0,55.0,71.1,62.1,0.00,6.67
2022-09-24,33.0,52.0,73.0,62.4,0.00,3.68
2022-09-25,59.0,52.0,75.9,64.1,0.00,3.11
2022-09-26,70.0,52.0,81.0,65.4,0.00,2.07
2022-09-27,96.0,53.1,81.0,65.7,0.00,2.19
2022-09-28,85.0,53.1,78.1,59.7,0.00,6.79
2022-09-29,94.0,54.0,71.1,62.1,0.02,3.11
2022-09-30,86.0,55.0,71.1,60.7,0.00,2.88
2022-10-01,58.0,55.0,75.0,63.3,0.00,3.57
2022-10-02,46.0,53.1,77.0,64.5,0.00,2.99
2022-10-03,79.0,52.0,77.0,63.7,0.00,2.19
2022-10-04,94.0,52.0,75.0,59.3,0.00,2.65
2022-10-05,93.0,53.1,66.0,58.6,0.00,2.42
2022-10-06,80.0,52.0,72.0,59.4,0.00,2.07
2022-10-07,87.0,52.0,75.0,62.8,0.00,2.30
2022-10-08,52.0,53.1,75.0,62.3,0.00,1.96
2022-10-09,42.0,51.1,73.9,61.0,0.00,1.96
2022-10-10,58.0,48.9,73.0,60.0,0.00,3.22
2022-10-11,97.0,48.9,70.0,58.7,0.00,3.80
2022-10-12,82.0,48.9,66.9,57.8,0.00,2.99
2022-10-13,90.0,46.9,71.1,57.4,0.00,2.42
2022-10-14,79.0,46.9,72.0,58.2,0.00,1.84
2022-10-15,43.0,46.9,72.0,61.5,0.00,3.22
2022-10-16,36.0,50.0,82.9,63.1,0.00,2.07
2022-10-17,79.0,48.9,82.9,59.5,0.00,7.13
2022-10-18,95.0,48.0,68.0,56.2,0.00,2.19
2022-10-19,87.0,46.9,66.9,55.8,0.00,1.15
2022-10-20,62.0,45.0,66.0,54.8,0.00,1.50
2022-10-21,44.0,45.0,63.0,53.5,0.00,6.21
2022-10-22,29.0,45.0,54.0,47.9,0.22,2.19
2022-10-23,27.0,41.0,55.0,46.6,0.22,4.03
2022-10-24,38.0,41.0,57.9,49.7,0.00,6.10
2022-10-25,61.0,44.1,57.9,49.6,0.04,8.86
2022-10-26,71.0,43.0,52.0,47.0,0.39,7.36
2022-10-27,75.0,43.0,61.0,53.5,0.00,12.20
2022-10-28,48.0,48.9,61.0,54.7,0.07,6.90
2022-10-29,32.0,42.1,57.9,48.9,0.20,3.80
2022-10-30,0.0,42.1,57.9,52.3,0.00,9.55
2022-10-31,0.0,50.0,57.0,53.3,0.94,10.70
2022-11-01,0.0,44.1,55.0,47.6,0.02,4.03
2022-11-02,0.0,41.0,51.1,43.7,0.09,3.91
2022-11-03,0.0,37.0,48.0,41.0,0.12,5.87
2022-11-04,0.0,37.0,57.9,49.1,0.14,11.05
2022-11-05,0.0,39.0,59.0,49.0,0.00,7.71
2022-11-06,0.0,39.0,50.0,43.1,0.26,8.29
2022-11-07,0.0,37.0,46.0,41.2,0.69,3.45
2022-11-08,0.0,36.0,46.0,39.7,0.07,5.18
2022-11-09,0.0,30.0,45.0,38.2,0.00,3.80
2022-11-10,0.0,30.0,46.9,39.7,0.00,1.84
2022-11-11,0.0,33.1,46.9,40.5,0.00,1.50
2022-11-12,0.0,30.0,50.0,40.5,0.00,0.81
2022-11-13,0.0,30.0,50.0,39.5,0.00,2.19
2022-11-14,0.0,30.0,53.1,42.3,0.00,2.42
2022-11-15,0.0,32.0,53.1,42.4,0.00,2.07
2022-11-16,0.0,30.9,52.0,39.8,0.00,1.15
2022-11-17,0.0,30.9,53.1,42.2,0.00,2.42
2022-11-18,0.0,26.1,53.1,37.7,0.00,2.30
2022-11-19,0.0,25.0,50.0,36.0,0.00,1.38
2022-11-20,0.0,25.0,52.0,36.8,0.00,1.73
2022-11-21,0.0,26.1,52.0,43.7,0.00,1.15
2022-11-22,0.0,37.9,48.9,45.0,0.00,4.49
2022-11-23,0.0,42.1,53.1,47.7,0.99,4.37
2022-11-24,0.0,30.0,54.0,41.5,0.00,2.19
2022-11-25,0.0,30.0,54.0,44.8,0.00,6.44
2022-11-26,0.0,33.1,50.0,38.3,0.79,6.33
2022-11-27,0.0,33.1,46.9,44.3,0.14,10.70
2022-11-28,0.0,37.0,46.9,39.8,0.05,4.95
2022-11-29,0.0,30.9,41.0,34.1,0.00,4.60
2022-11-30,0.0,32.0,42.8,36.9,1.24,8.06
2022-12-01,0.0,28.9,42.1,34.3,0.25,2.30
2022-12-02,0.0,24.1,39.9,32.5,0.00,3.45
2022-12-03,0.0,24.1,45.0,36.8,0.43,2.65
2022-12-04,0.0,30.0,45.0,36.1,0.26,3.57
2022-12-05,0.0,30.0,41.0,36.5,0.11,0.69
2022-12-06,0.0,34.0,42.1,38.5,0.00,4.49
2022-12-07,0.0,35.1,46.0,41.7,0.00,6.90
2022-12-08,0.0,39.0,46.0,40.6,0.04,8.17
2022-12-09,0.0,35.1,44.1,39.4,0.05,7.25
2022-12-10,0.0,35.1,45.0,41.7,0.39,8.40
2022-12-11,0.0,39.0,45.0,42.4,0.16,1.61
2022-12-12,0.0,39.0,45.0,42.8,0.00,2.19
2022-12-13,0.0,34.0,45.0,39.4,0.23,0.46
2022-12-14,0.0,34.0,43.0,40.8,0.00,1.50
2022-12-15,0.0,28.9,43.0,36.9,0.00,3.80
2022-12-16,0.0,27.0,45.0,34.8,0.00,1.15
2022-12-17,0.0,27.0,45.0,34.3,0.00,3.45
2022-12-18,0.0,30.9,44.1,39.5,0.00,8.06
2022-12-19,0.0,30.0,44.1,32.2,0.01,1.38
2022-12-20,0.0,30.0,39.0,32.7,0.01,3.68
2022-12-21,0.0,25.0,39.0,28.6,0.34,3.91
2022-12-22,0.0,16.0,30.0,21.2,0.00,3.91
2022-12-23,0.0,16.0,33.1,26.8,0.06,8.63
2022-12-24,0.0,33.8,53.6,38.7,0.12,5.75
2022-12-25,0.0,34.0,53.1,50.1,0.97,5.29
2022-12-26,0.0,46.0,55.9,50.9,0.78,8.40
2022-12-27,0.0,46.0,55.9,48.9,0.48,7.71
2022-12-28,0.0,42.1,55.0,44.8,0.38,12.20
2022-12-29,0.0,39.9,48.0,42.8,0.00,2.65
2022-12-30,0.0,39.9,53.1,46.3,0.40,8.17
2022-12-31,0.0,42.1,53.1,46.9,0.24,10.36
2023-01-01,0.0,39.9,48.9,44.1,0.01,1.61
2023-01-02,0.0,30.0,50.0,37.8,0.01,2.88
2023-01-03,0.0,30.0,50.0,41.0,0.00,5.18
2023-01-04,0.0,35.1,51.1,42.6,0.00,2.65
2023-01-05,0.0,36.0,57.0,52.3,0.00,10.47
2023-01-06,0.0,37.9,57.9,48.8,0.00,6.56
2023-01-07,0.0,37.9,52.0,46.1,0.08,2.19
2023-01-08,0.0,36.0,50.0,43.0,0.04,1.96
2023-01-09,0.0,36.0,55.0,46.3,0.14,7.13
2023-01-10,0.0,37.0,55.0,46.3,0.32,4.37
2023-01-11,0.0,41.0,57.0,47.6,0.00,3.11
2023-01-12,0.0,43.0,57.0,49.3,0.08,5.98
2023-01-13,0.0,46.0,53.1,50.2,0.12,4.60
2023-01-14,0.0,43.0,60.1,49.4,0.26,3.91
2023-01-15,0.0,39.9,60.1,48.1,0.02,2.30
2023-01-16,0.0,37.9,50.0,45.1,0.18,8.40
2023-01-17,0.0,37.9,50.0,43.2,0.00,7.71
2023-01-18,0.0,37.9,50.0,44.5,0.01,7.13
2023-01-19,0.0,33.1,46.9,39.3,0.19,4.72
2023-01-20,0.0,36.0,46.4,39.7,0.00,1.84
2023-01-21,0.0,28.0,46.0,35.7,0.00,4.49
2023-01-22,0.0,28.0,44.1,39.8,0.16,1.96
2023-01-23,0.0,33.1,46.9,38.8,0.00,2.65
2023-01-24,0.0,35.1,46.9,40.0,0.00,4.83
2023-01-25,0.0,37.0,46.9,44.6,0.00,2.42
2023-01-26,0.0,39.0,46.9,43.0,0.00,2.42
2023-01-27,0.0,42.1,48.2,44.8,0.07,5.98
2023-01-28,0.0,42.1,48.0,43.9,0.00,2.19
2023-01-29,0.0,27.0,45.0,35.7,0.00,1.61
2023-01-30,0.0,21.0,41.0,30.0,0.00,1.15
2023-01-31,0.0,21.0,41.0,34.6,0.00,1.50
2023-02-01,0.0,28.9,48.0,38.1,0.00,2.76
2023-02-02,0.0,28.9,53.1,38.9,0.00,5.41
2023-02-03,0.0,28.9,53.1,43.2,0.00,5.87
2023-02-04,0.0,37.0,53.1,46.8,0.16,7.13
2023-02-05,0.0,41.0,53.1,45.9,0.01,3.91
2023-02-06,0.0,41.0,48.9,45.7,0.04,9.78
2023-02-07,59.0,43.0,52.0,46.9,0.00,11.62
2023-02-08,70.0,39.0,52.0,43.3,0.16,6.67
2023-02-09,62.0,39.0,59.0,46.2,0.00,1.96
2023-02-10,66.0,42.1,59.0,48.5,0.02,9.09
2023-02-11,33.0,36.0,54.0,44.2,0.00,2.30
2023-02-12,27.0,30.0,51.1,40.3,0.00,3.11
2023-02-13,32.0,30.0,51.1,45.6,0.00,11.28
2023-02-14,56.0,28.9,46.9,36.6,0.19,4.37
2023-02-15,56.0,27.0,46.0,35.1,0.00,4.49
2023-02-16,61.0,27.0,46.0,38.0,0.00,3.68
2023-02-17,36.0,32.0,46.0,42.9,0.00,5.06
2023-02-18,22.0,39.9,46.9,43.1,0.20,6.33
2023-02-19,10.0,39.9,46.9,43.8,0.00,5.29
2023-02-20,38.0,39.9,48.0,46.8,0.01,12.43
2023-02-21,61.0,39.2,48.2,43.2,0.06,9.55
2023-02-22,39.0,32.0,46.9,36.6,0.00,5.64
2023-02-23,40.0,27.0,39.0,31.7,0.00,8.98
2023-02-24,40.0,24.1,37.9,29.8,0.00,5.87
2023-02-25,27.0,21.0,43.0,31.4,0.00,3.22
2023-02-26,29.0,21.0,46.0,38.4,0.22,7.60
2023-02-27,34.0,30.0,46.0,36.9,0.21,3.91
2023-02-28,55.0,30.0,43.0,37.9,0.13,6.33
2023-03-01,48.0,28.0,45.0,35.6,0.01,3.45
2023-03-02,40.0,37.0,50.0,41.7,0.03,9.90
2023-03-03,33.0,37.0,51.1,40.3,0.07,9.67
2023-03-04,16.0,35.6,44.6,38.8,0.30,6.67
2023-03-05,34.0,27.0,48.9,38.2,0.13,4.26
2023-03-06,47.0,27.0,50.0,39.4,0.13,5.18
2023-03-07,76.0,30.9,52.0,43.3,0.00,3.80
2023-03-08,59.0,33.1,52.0,39.5,0.00,3.45
2023-03-09,63.0,30.9,50.0,38.7,0.00,4.49
2023-03-10,38.0,30.9,50.0,45.3,0.03,6.67
2023-03-11,0.0,37.9,52.0,43.8,0.06,7.48
2023-03-12,0.0,28.9,52.0,40.2,0.04,1.38
2023-03-13,32.0,28.9,48.0,44.4,0.33,8.29
2023-03-14,81.0,33.1,51.1,42.4,0.22,7.48
2023-03-15,66.0,33.1,51.1,44.7,0.00,4.72
2023-03-16,64.0,34.0,53.1,43.3,0.00,3.45
2023-03-17,47.0,32.0,62.1,45.9,0.00,2.99
2023-03-18,32.0,32.0,64.0,51.5,0.00,1.61
2023-03-19,37.0,37.9,64.9,51.9,0.00,2.19
2023-03-20,41.0,43.0,59.0,50.5,0.03,3.57
2023-03-21,88.0,44.1,55.9,49.3,0.00,5.75
2023-03-22,82.0,37.9,62.1,48.3,0.00,3.68
2023-03-23,60.0,37.9,62.1,48.3,0.00,9.67
2023-03-24,37.0,37.4,46.9,41.2,0.04,12.89
2023-03-25,25.0,37.0,48.9,40.9,0.04,7.94
2023-03-26,28.0,37.0,50.0,42.8,0.00,5.98
2023-03-27,55.0,32.0,59.0,42.9,0.00,5.29
2023-03-28,87.0,32.0,60.1,52.4,0.00,5.75
2023-03-29,103.0,39.0,61.0,50.8,0.00,2.88
2023-03-30,68.0,39.0,61.0,48.9,0.00,6.90
2023-03-31,45.0,42.1,55.0,45.8,0.00,9.67
2023-04-01,25.0,39.2,48.0,43.5,0.19,11.62
2023-04-02,25.0,37.0,48.9,41.2,0.02,9.55
2023-04-03,41.0,35.1,46.9,39.3,0.15,3.68
2023-04-04,87.0,35.1,51.1,42.5,0.13,4.83
2023-04-05,74.0,35.1,54.0,43.9,0.00,5.41
2023-04-06,42.0,35.1,54.0,48.8,0.00,3.57
2023-04-07,54.0,44.1,57.9,51.4,0.26,7.25
2023-04-08,27.0,46.0,57.9,48.1,0.01,8.75
2023-04-09,15.0,46.0,55.9,50.4,0.04,7.25
2023-04-10,33.0,45.0,55.9,47.5,0.27,4.49
2023-04-11,63.0,39.9,53.1,44.6,0.43,9.67
2023-04-12,80.0,37.9,53.1,45.2,0.02,4.26
2023-04-13,60.0,37.9,54.0,45.9,0.00,7.36
2023-04-14,51.0,36.0,55.9,45.3,0.00,2.19
2023-04-15,28.0,36.0,55.9,48.5,0.00,5.52
2023-04-16,22.0,42.1,53.1,48.0,0.00,6.21
2023-04-17,48.0,34.0,52.0,43.5,0.28,9.21
2023-04-18,68.0,34.0,51.1,42.7,0.13,10.70
2023-04-19,75.0,37.0,51.1,43.5,0.01,8.63
2023-04-20,52.0,35.1,51.1,42.4,0.01,8.06
2023-04-21,72.0,35.1,52.0,46.3,0.25,6.90
2023-04-22,37.0,44.1,63.0,51.8,0.00,4.37
2023-04-23,29.0,46.0,63.0,53.0,0.16,6.90
2023-04-24,60.0,44.6,57.0,48.8,0.10,6.33
2023-04-25,105.0,44.6,57.9,50.8,0.00,2.07
2023-04-26,91.0,45.0,66.0,53.5,0.00,2.30
2023-04-27,97.0,45.0,66.0,56.9,0.00,5.87
2023-04-28,82.0,50.0,75.0,59.9,0.00,5.06
2023-04-29,39.0,50.0,75.9,64.6,0.00,7.02
2023-04-30,23.0,48.0,75.9,58.3,0.00,7.60
2023-05-01,116.0,48.0,61.0,54.0,0.00,3.45
2023-05-02,179.0,50.0,70.0,56.1,0.02,3.11
2023-05-03,176.0,50.0,72.0,61.4,0.00,3.91
2023-05-04,159.0,50.0,72.0,55.9,0.00,7.02
2023-05-05,27.0,48.2,52.0,49.9,0.05,9.21
2023-05-06,30.0,46.9,62.1,51.6,0.27,5.29
2023-05-07,26.0,46.9,62.1,53.9,0.01,3.91
2023-05-08,194.0,48.0,64.9,55.9,0.00,4.95
2023-05-09,307.0,48.9,64.9,56.0,0.00,4.49
2023-05-10,262.0,46.9,70.0,57.4,0.01,3.57
2023-05-11,220.0,46.9,73.9,60.6,0.00,3.11
2023-05-12,145.0,50.0,79.0,63.5,0.00,3.57
2023-05-13,50.0,51.1,82.0,69.2,0.00,4.60
2023-05-14,22.0,55.9,86.0,72.7,0.00,4.83
2023-05-15,174.0,60.1,90.0,76.4,0.00,3.80
2023-05-16,238.0,57.0,91.0,66.5,0.01,5.06
2023-05-17,307.0,55.9,78.1,65.7,0.00,4.60
2023-05-18,289.0,55.9,77.0,66.9,0.00,3.22
2023-05-19,185.0,54.0,77.0,63.1,0.00,3.91
2023-05-20,45.0,53.1,75.0,66.6,0.00,3.45
2023-05-21,38.0,53.6,75.0,59.9,0.00,5.52
2023-05-22,205.0,48.2,62.1,54.4,0.03,6.56
2023-05-23,288.0,48.0,64.9,55.7,0.00,5.18
2023-05-24,225.0,48.0,69.1,60.1,0.00,4.14
2023-05-25,276.0,53.1,75.0,63.4,0.00,4.60
2023-05-26,216.0,53.1,80.1,68.2,0.00,3.68
2023-05-27,35.0,53.1,81.0,62.8,0.00,6.67
2023-05-28,16.0,50.0,70.0,56.8,0.00,5.75
2023-05-29,28.0,50.0,66.0,57.3,0.00,2.19
2023-05-30,255.0,48.9,69.1,55.9,0.00,5.52
2023-05-31,273.0,48.9,64.0,55.5,0.00,3.34
2023-06-01,242.0,50.0,66.9,57.0,0.00,3.80
2023-06-02,188.0,50.0,73.0,60.2,0.00,3.22
2023-06-03,54.0,50.0,73.0,61.3,0.00,2.88
2023-06-04,32.0,50.0,73.0,60.3,0.00,6.44
2023-06-05,231.0,51.1,72.0,60.2,0.00,5.87
2023-06-06,188.0,51.1,78.1,65.3,0.00,5.18
2023-06-07,320.0,53.1,86.0,71.0,0.00,2.19
2023-06-08,246.0,54.0,86.0,65.4,0.00,7.02
2023-06-09,139.0,53.1,73.9,59.0,0.00,6.21
2023-06-10,35.0,52.0,61.0,54.5,0.29,4.83
2023-06-11,49.0,52.0,69.1,59.8,0.08,3.45
2023-06-12,211.0,54.0,82.0,66.5,0.00,3.22
2023-06-13,230.0,55.9,82.0,64.6,0.00,5.98
2023-06-14,247.0,53.1,68.0,57.8,0.00,9.55
2023-06-15,235.0,48.0,72.0,57.9,0.00,4.60
2023-06-16,0.0,48.0,72.0,63.2,0.00,4.60
2023-06-17,0.0,52.0,71.1,56.3,0.13,1.96
2023-06-18,0.0,48.0,62.1,53.9,0.01,6.44
2023-06-19,0.0,48.0,62.1,52.7,0.17,5.87
2023-06-20,0.0,48.0,62.1,54.4,0.13,6.90
2023-06-21,0.0,51.1,69.1,57.7,0.07,4.03
2023-06-22,0.0,53.1,75.0,62.3,0.00,4.49
2023-06-23,0.0,53.1,80.1,67.6,0.00,4.03
2023-06-24,0.0,52.0,81.0,60.9,0.00,7.48
2023-06-25,40.0,52.0,77.0,62.0,0.00,4.60
2023-06-26,211.0,53.1,77.0,64.3,0.00,4.72
2023-06-27,185.0,54.0,73.9,62.9,0.00,5.75
2023-06-28,227.0,54.0,80.1,65.7,0.00,4.37
2023-06-29,222.0,55.0,81.0,68.8,0.00,2.99
2023-06-30,128.0,57.9,81.0,69.1,0.00,3.68
2023-07-01,25.0,55.9,79.0,66.9,0.00,4.03
2023-07-02,41.0,55.9,79.0,65.9,0.00,5.64
2023-07-03,103.0,55.9,78.1,68.3,0.00,4.26
2023-07-04,48.0,57.0,84.9,71.5,0.00,3.45
2023-07-05,150.0,59.0,88.0,74.3,0.00,3.45
2023-07-06,198.0,59.0,89.1,74.3,0.00,2.88
2023-07-07,144.0,55.9,84.9,65.0,0.00,8.17
2023-07-08,37.0,55.9,75.0,63.0,0.00,6.10
2023-07-09,42.0,55.0,78.1,65.3,0.00,2.19
2023-07-10,175.0,55.0,79.0,63.8,0.00,6.67
2023-07-11,211.0,55.9,77.0,64.8,0.00,4.49
2023-07-12,256.0,55.9,78.1,65.4,0.00,3.68
2023-07-13,204.0,55.9,79.0,66.6,0.00,2.99
2023-07-14,156.0,55.9,84.0,70.3,0.00,3.91
2023-07-15,39.0,59.0,87.1,73.7,0.00,4.83
2023-07-16,37.0,61.0,87.1,71.9,0.00,4.26
2023-07-17,184.0,61.0,81.0,68.2,0.00,6.21
2023-07-18,237.0,57.9,80.1,66.6,0.00,4.95
2023-07-19,229.0,57.9,84.9,70.7,0.00,4.83
2023-07-20,171.0,60.1,84.9,72.9,0.00,4.14
2023-07-21,174.0,59.0,84.0,66.8,0.00,5.52
2023-07-22,40.0,57.0,81.0,68.6,0.00,3.80
2023-07-23,45.0,57.0,82.9,70.0,0.00,2.88
2023-07-24,199.0,57.9,82.9,66.2,0.00,6.67
2023-07-25,207.0,57.9,75.0,63.6,0.10,6.90
2023-07-26,200.0,57.9,75.0,65.2,0.00,4.60
2023-07-27,207.0,57.9,78.1,67.2,0.00,3.68
2023-07-28,177.0,57.0,79.0,67.1,0.00,3.68
2023-07-29,49.0,57.0,79.0,67.1,0.00,3.11
2023-07-30,41.0,57.0,77.0,66.3,0.00,4.37
2023-07-31,163.0,59.0,77.0,67.0,0.00,3.45
2023-08-01,238.0,59.0,80.1,68.6,0.00,3.34
2023-08-02,196.0,60.1,82.9,71.1,0.00,2.76
2023-08-03,197.0,60.1,82.9,70.7,0.00,4.03
2023-08-04,155.0,61.0,82.0,71.8,0.00,3.68
2023-08-05,40.0,62.1,82.0,69.5,0.00,2.88
2023-08-06,34.0,62.1,75.9,67.2,0.00,3.22
2023-08-07,271.0,62.1,77.0,68.8,0.09,2.30
2023-08-08,369.0,62.1,78.1,68.3,0.00,2.99
2023-08-09,273.0,62.1,79.0,68.2,0.00,6.79
2023-08-10,243.0,61.0,77.0,66.5,0.00,4.83
2023-08-11,152.0,59.0,78.1,67.4,0.00,2.88
2023-08-12,39.0,59.0,80.1,70.1,0.00,4.26
2023-08-13,31.0,63.0,86.0,73.6,0.00,4.72
2023-08-14,189.0,64.0,93.9,79.2,0.00,4.37
2023-08-15,227.0,66.9,93.9,79.2,0.00,3.68
2023-08-16,169.0,66.9,91.9,79.6,0.00,3.57
2023-08-17,187.0,66.9,91.9,78.2,0.00,3.34
2023-08-18,138.0,57.9,91.0,67.1,0.00,7.25
2023-08-19,40.0,55.0,73.9,65.5,0.00,4.72
2023-08-20,28.0,55.0,77.0,67.9,0.00,2.99
2023-08-21,112.0,54.0,77.0,65.1,0.00,2.42
2023-08-22,221.0,54.0,75.9,63.8,0.00,6.44
2023-08-23,195.0,55.0,73.0,64.1,0.01,5.18
2023-08-24,215.0,57.0,73.9,64.6,0.00,4.95
2023-08-25,149.0,57.0,82.0,68.7,0.00,4.49
2023-08-26,31.0,61.0,84.0,70.4,0.01,4.26
2023-08-27,48.0,60.1,84.0,72.3,0.00,2.88
2023-08-28,186.0,60.1,84.0,66.9,0.00,6.21
2023-08-29,198.0,59.0,68.0,62.2,0.00,5.41
2023-08-30,215.0,59.0,73.0,62.6,0.32,3.80
2023-08-31,164.0,59.0,73.0,64.4,0.01,3.34
2023-09-01,140.0,59.0,75.9,64.7,0.01,4.37
2023-09-02,32.0,57.9,84.0,69.8,0.00,2.65
2023-09-03,34.0,57.9,84.0,68.4,0.00,8.40
2023-09-04,28.0,53.6,66.0,58.8,0.00,8.52
2023-09-05,184.0,54.0,70.0,60.0,0.00,4.95
2023-09-06,217.0,53.1,75.0,63.2,0.00,3.34
2023-09-07,194.0,53.1,75.0,62.9,0.00,2.07
2023-09-08,139.0,52.0,72.0,61.7,0.00,2.88
2023-09-09,36.0,52.0,78.1,63.7,0.00,3.57
2023-09-10,41.0,53.1,81.0,67.2,0.00,4.14
2023-09-11,156.0,54.0,81.0,66.1,0.00,5.29
2023-09-12,190.0,55.9,72.0,61.8,0.00,5.75
2023-09-13,172.0,55.0,71.1,62.4,0.00,3.11
2023-09-14,195.0,55.0,75.0,64.0,0.00,3.22
2023-09-15,128.0,52.0,81.0,65.6,0.00,2.88
2023-09-16,34.0,52.0,81.0,65.5,0.00,2.30
2023-09-17,37.0,53.1,79.0,61.2,0.00,3.22
2023-09-18,135.0,53.6,70.0,61.7,0.15,5.18
2023-09-19,226.0,54.0,66.0,58.7,0.07,3.68
2023-09-20,186.0,51.1,66.9,57.2,0.00,7.60
2023-09-21,152.0,45.0,68.0,55.7,0.13,3.45
2023-09-22,117.0,45.0,75.9,59.8,0.00,2.19
2023-09-23,31.0,48.0,75.9,61.0,0.00,5.98
2023-09-24,30.0,51.1,64.0,56.1,0.04,2.76
2023-09-25,88.0,51.1,63.0,58.2,0.64,5.41
2023-09-26,164.0,48.9,63.0,55.5,0.80,5.41
2023-09-27,95.0,48.9,63.0,54.7,0.52,5.64
2023-09-28,131.0,51.1,62.1,54.9,0.49,7.48
2023-09-29,79.0,46.0,62.1,51.9,0.11,4.26
2023-09-30,28.0,46.0,61.0,53.0,0.00,2.88
2023-10-01,20.0,42.1,63.0,52.3,0.00,2.53
2023-10-02,92.0,42.1,63.0,53.8,0.00,5.75
2023-10-03,157.0,50.0,62.1,55.9,0.10,2.30
2023-10-04,163.0,53.1,66.0,57.3,0.00,4.14
2023-10-05,208.0,53.1,68.0,59.7,0.00,2.88
2023-10-06,165.0,52.0,71.1,59.9,0.00,2.65
2023-10-07,44.0,48.0,79.0,60.8,0.00,1.50
2023-10-08,24.0,48.0,79.0,61.2,0.00,4.95
2023-10-09,234.0,54.0,69.1,59.7,0.00,4.72
2023-10-10,136.0,50.0,63.0,55.2,0.00,6.67
2023-10-11,92.0,48.0,60.1,53.8,0.46,7.94
2023-10-12,182.0,48.0,62.1,54.1,0.44,2.07
2023-10-13,124.0,46.9,72.0,57.0,0.00,2.76
2023-10-14,26.0,46.9,72.0,57.4,0.01,2.65
2023-10-15,19.0,53.1,61.0,57.0,0.01,2.30
2023-10-16,73.0,50.0,63.0,56.0,0.01,3.80
2023-10-17,199.0,48.0,63.0,53.6,0.41,6.21
2023-10-18,177.0,48.0,70.0,56.8,0.02,6.79
2023-10-19,193.0,48.9,70.0,58.5,0.00,7.48
2023-10-20,101.0,50.0,69.1,59.1,0.00,3.80
2023-10-21,32.0,53.1,61.0,54.5,0.00,2.88
2023-10-22,31.0,51.8,57.0,53.6,0.00,1.96
2023-10-23,151.0,44.1,57.9,50.6,0.00,4.95
2023-10-24,130.0,44.1,57.0,48.7,0.00,8.63
2023-10-25,115.0,42.1,52.0,45.6,0.52,6.90
2023-10-26,141.0,35.1,52.0,43.4,0.08,3.22
2023-10-27,78.0,30.9,52.0,41.7,0.00,2.76
2023-10-28,29.0,27.0,51.1,39.8,0.00,1.96
2023-10-29,18.0,27.0,53.1,39.8,0.00,2.30
2023-10-30,108.0,27.0,54.0,43.1,0.00,2.30
2023-10-31,115.0,30.2,52.0,41.4,0.00,1.27
2023-11-01,95.0,30.9,54.0,44.5,0.00,1.84
2023-11-02,92.0,37.0,61.0,53.1,0.52,7.60
2023-11-03,83.0,45.0,61.0,52.6,0.22,4.26
2023-11-04,23.0,45.0,62.1,56.7,0.23,8.63
2023-11-05,24.0,45.0,62.1,52.8,0.63,6.44
2023-11-06,57.0,45.0,60.1,50.8,0.09,1.73
2023-11-07,108.0,46.9,52.0,50.6,0.29,6.21
2023-11-08,125.0,39.9,54.0,48.0,0.00,4.72
2023-11-09,131.0,36.0,54.0,42.7,0.00,2.07
2023-11-10,66.0,36.0,51.1,47.3,0.05,7.36
2023-11-11,23.0,43.0,54.0,50.4,0.05,12.77
2023-11-12,19.0,44.1,54.0,48.2,0.17,4.26
2023-11-13,76.0,44.1,53.1,48.9,0.12,5.87
2023-11-14,124.0,34.0,53.1,41.7,0.00,1.50
2023-11-15,84.0,34.0,48.9,41.0,0.00,1.50
2023-11-16,84.0,34.0,48.9,40.9,0.00,2.42
2023-11-17,67.0,30.9,51.1,40.4,0.00,1.38
2023-11-18,22.0,30.9,52.0,41.4,0.00,0.35
2023-11-19,20.0,32.0,53.1,48.2,0.08,7.36
2023-11-20,74.0,34.0,53.1,42.6,0.00,3.68
2023-11-21,85.0,34.0,55.0,42.8,0.00,2.88
2023-11-22,58.0,34.0,55.0,48.4,0.04,3.45
2023-11-23,15.0,41.0,51.1,45.0,0.00,3.45
2023-11-24,22.0,30.0,50.0,39.0,0.00,2.42
2023-11-25,21.0,26.1,46.9,34.7,0.00,1.50
2023-11-26,13.0,26.1,48.0,36.4,0.00,1.61
2023-11-27,65.0,28.0,48.0,37.0,0.00,1.38
2023-11-28,83.0,26.1,46.9,32.2,0.00,2.65
2023-11-29,87.0,26.1,42.1,33.4,0.00,2.65
2023-11-30,0.0,28.0,46.0,37.9,NA,1.96
2023-12-01,52.0,33.1,50.0,42.1,NA,7.94
2023-12-02,18.0,37.9,50.0,46.4,0.06,10.59
2023-12-03,13.0,39.0,55.4,44.9,0.04,5.18
2023-12-04,37.0,37.9,55.0,46.6,0.01,4.26
2023-12-05,54.0,39.0,59.0,54.9,1.16,6.90
2023-12-06,54.0,48.0,59.0,49.4,0.76,1.61
2023-12-07,46.0,41.0,51.1,45.7,0.15,6.10
2023-12-08,52.0,39.0,46.9,41.8,0.27,5.64
2023-12-09,17.0,33.1,45.0,36.8,0.00,2.88
2023-12-10,18.0,34.0,55.0,45.3,0.20,5.52
2023-12-11,54.0,41.0,55.0,47.7,0.01,2.53
2023-12-12,90.0,36.0,48.0,42.6,0.00,1.15
2023-12-13,85.0,30.9,52.0,39.3,0.00,3.11
2023-12-14,59.0,30.9,52.0,45.0,0.00,2.88
2023-12-15,55.0,39.0,54.0,46.2,0.02,1.15
2023-12-16,36.0,32.0,54.0,40.3,0.00,2.99
2023-12-17,17.0,30.9,50.0,39.2,0.00,0.69
2023-12-18,44.0,30.9,48.9,42.9,0.00,2.19
2023-12-19,63.0,37.9,51.1,46.9,0.01,2.19
2023-12-20,71.0,36.0,54.0,44.4,0.02,3.45
2023-12-21,71.0,36.0,54.0,44.2,0.00,3.57
2023-12-22,24.0,39.2,46.9,42.9,0.00,6.90
2023-12-23,16.0,28.9,46.0,37.4,0.35,2.99
2023-12-24,11.0,27.0,44.1,34.8,0.00,1.61
2023-12-25,4.0,27.0,46.9,42.7,0.00,6.56
2023-12-26,44.0,37.9,54.0,47.1,0.20,6.10
2023-12-27,39.0,41.0,55.0,50.2,0.01,4.14
2023-12-28,32.0,43.0,55.0,49.0,0.03,4.14
2023-12-29,45.0,44.1,61.0,52.7,0.02,4.26
2023-12-30,21.0,52.0,55.9,53.5,0.00,3.91
2023-12-31,23.0,NA,NA,NA,NA,NA
2024-01-01,23.0,33.1,51.1,39.8,0.00,0.23
2024-01-02,71.0,33.1,46.9,41.0,0.00,0.58
2024-01-03,86.0,36.0,50.0,44.4,0.05,1.96
2024-01-04,67.0,39.0,50.0,45.7,0.02,7.48
2024-01-05,37.0,39.9,48.0,44.3,0.01,8.06
2024-01-06,14.0,39.9,48.0,43.8,0.28,8.40
2024-01-07,19.0,37.0,45.0,39.3,0.24,3.11
2024-01-08,39.0,37.0,43.0,39.1,0.00,4.49
2024-01-09,69.0,37.9,50.0,44.8,0.28,14.50
2024-01-10,78.0,35.6,44.6,39.9,0.06,9.90
2024-01-11,58.0,34.0,44.1,39.0,0.00,5.64
2024-01-12,26.0,19.0,44.1,25.2,0.00,8.63
2024-01-13,10.0,14.0,27.0,17.8,0.00,2.07
2024-01-14,8.0,14.0,30.9,21.6,0.00,1.96
2024-01-15,24.0,14.0,36.0,26.6,0.00,0.92
2024-01-16,87.0,18.0,37.0,28.5,0.00,1.04
2024-01-17,40.0,30.2,37.4,33.6,0.09,3.57
2024-01-18,48.0,30.9,37.9,36.1,0.08,0.92
2024-01-19,63.0,34.0,46.9,39.9,0.05,2.53
2024-01-20,25.0,34.0,48.9,40.5,0.00,1.38
2024-01-21,12.0,34.0,48.9,44.2,0.17,2.76
2024-01-22,56.0,42.1,52.0,45.8,0.16,4.49
2024-01-23,132.0,43.0,54.0,49.1,0.02,7.13
2024-01-24,64.0,39.0,54.0,45.3,0.00,3.45
2024-01-25,99.0,39.9,52.0,46.3,0.22,8.86
2024-01-26,70.0,42.1,54.0,48.4,0.05,4.14
2024-01-27,15.0,48.0,55.4,50.0,0.22,5.75
2024-01-28,18.0,48.0,61.0,55.0,0.58,6.21
2024-01-29,113.0,48.0,61.0,54.4,0.15,2.99
2024-01-30,109.0,48.0,60.1,54.9,0.00,3.22
2024-01-31,81.0,51.1,57.9,53.9,0.08,2.65
2024-02-01,92.0,48.9,59.0,52.2,0.08,4.26
2024-02-02,64.0,44.1,59.0,49.3,0.01,4.49
2024-02-03,33.0,37.9,55.9,44.6,0.00,1.50
2024-02-04,16.0,37.9,51.1,46.2,0.00,3.22
2024-02-05,78.0,42.1,51.1,44.2,0.00,4.60
2024-02-06,90.0,42.1,46.0,43.2,0.04,1.50
2024-02-07,99.0,39.9,50.0,43.7,0.00,2.65
2024-02-08,71.0,39.9,50.0,44.2,0.00,3.22
2024-02-09,54.0,39.0,48.0,42.8,0.00,3.80
2024-02-10,26.0,34.0,50.0,40.6,0.00,1.61
2024-02-11,15.0,34.0,54.0,46.0,0.00,3.45
2024-02-12,64.0,42.1,54.0,47.1,0.11,7.94
2024-02-13,100.0,41.0,50.0,45.1,0.05,2.53
2024-02-14,95.0,37.9,50.0,43.9,0.00,1.96
2024-02-15,77.0,33.1,50.0,39.7,0.38,5.18
2024-02-16,73.0,28.9,51.1,39.4,0.13,3.22
2024-02-17,35.0,28.9,55.0,45.4,0.00,6.33
2024-02-18,26.0,36.0,55.0,47.0,0.00,5.18
2024-02-19,47.0,37.9,50.0,44.8,0.00,1.84
2024-02-20,74.0,41.0,55.0,46.1,0.02,2.07
2024-02-21,55.0,42.1,55.0,48.5,0.11,4.26
2024-02-22,105.0,41.0,57.0,48.2,0.02,6.44
2024-02-23,65.0,35.1,57.0,44.4,0.00,1.73
2024-02-24,26.0,35.1,51.1,45.8,0.00,4.26
2024-02-25,15.0,43.0,52.0,48.7,0.00,13.00
2024-02-26,53.0,34.0,52.0,40.8,0.00,5.87
2024-02-27,75.0,28.0,46.9,35.1,0.02,4.26
2024-02-28,48.0,28.0,51.1,46.5,0.00,13.35
2024-02-29,86.0,37.0,51.1,43.2,0.82,12.08
