date,chief_sealth_trl_north_of_thistle_total,ped_south,ped_north,bike_south,bike_north,temp_min,temp_max,temp_avg,precipitation,wind_speed_avg
2014-01-01,25.0,9.0,12.0,1.0,3.0,39.7,45.9,43.0,0.00,3.57
2014-01-02,33.0,12.0,10.0,6.0,5.0,43.3,51.1,45.2,0.00,4.72
2014-01-03,42.0,15.0,14.0,7.0,6.0,40.8,50.5,45.3,0.00,5.18
2014-01-04,37.0,14.0,11.0,8.0,4.0,38.8,45.9,41.7,0.00,2.99
2014-01-05,47.0,14.0,16.0,9.0,8.0,34.3,45.1,39.2,0.00,2.76
2014-01-06,24.0,7.0,10.0,6.0,1.0,34.9,44.4,39.8,0.00,3.68
2014-01-07,25.0,5.0,5.0,6.0,9.0,41.2,47.3,43.5,0.00,4.49
2014-01-08,18.0,7.0,6.0,4.0,1.0,45.9,49.1,47.1,0.00,6.10
2014-01-09,28.0,5.0,11.0,6.0,6.0,43.0,49.3,45.7,0.00,7.13
2014-01-10,19.0,4.0,7.0,4.0,4.0,43.9,48.7,47.5,0.00,11.62
2014-01-11,26.0,10.0,10.0,5.0,1.0,40.3,55.8,48.8,0.00,11.39
2014-01-12,31.0,12.0,9.0,6.0,4.0,41.9,50.9,45.8,0.00,6.44
2014-01-13,21.0,7.0,6.0,5.0,3.0,49.8,52.5,50.6,0.00,10.36
2014-01-14,44.0,18.0,11.0,10.0,5.0,47.7,52.2,49.8,0.00,3.80
2014-01-15,48.0,11.0,25.0,8.0,4.0,45.3,48.0,46.6,0.00,2.76
2014-01-16,58.0,20.0,17.0,11.0,10.0,41.5,48.4,44.0,0.00,3.91
2014-01-17,29.0,10.0,14.0,4.0,1.0,39.6,44.6,41.4,0.00,2.65
2014-01-18,56.0,16.0,13.0,12.0,15.0,35.2,45.7,40.0,0.00,3.68
2014-01-19,27.0,12.0,12.0,1.0,2.0,38.1,45.1,41.4,0.00,2.99
2014-01-20,36.0,12.0,13.0,7.0,4.0,39.2,47.3,41.8,0.00,3.80
2014-01-21,27.0,8.0,8.0,4.0,7.0,34.0,48.6,41.0,0.00,3.22
2014-01-22,31.0,11.0,12.0,3.0,5.0,44.1,49.5,46.1,0.00,3.57
2014-01-23,46.0,15.0,16.0,8.0,7.0,41.0,47.8,44.3,0.00,4.95
2014-01-24,54.0,22.0,24.0,4.0,4.0,39.4,51.8,43.6,0.00,3.34
2014-01-25,47.0,14.0,19.0,6.0,8.0,36.1,50.4,42.1,0.00,3.11
2014-01-26,45.0,11.0,13.0,13.0,8.0,37.0,47.1,41.2,0.00,2.42
2014-01-27,56.0,25.0,20.0,6.0,5.0,36.1,44.1,39.3,0.00,3.34
2014-01-28,38.0,10.0,10.0,12.0,6.0,41.2,47.3,44.6,0.00,2.07
2014-01-29,23.0,7.0,9.0,5.0,2.0,44.6,50.7,47.2,0.00,3.80
2014-01-30,43.0,13.0,17.0,8.0,5.0,44.2,46.6,45.5,0.00,7.94
2014-01-31,22.0,6.0,6.0,4.0,6.0,40.3,45.3,42.8,0.00,5.64
2014-02-01,43.0,14.0,13.0,6.0,10.0,40.6,44.8,42.4,0.00,1.96
2014-02-02,37.0,12.0,13.0,4.0,8.0,33.4,45.1,39.5,0.00,2.76
2014-02-03,28.0,10.0,12.0,4.0,2.0,36.3,43.5,38.9,0.00,6.79
2014-02-04,22.0,6.0,5.0,7.0,4.0,33.1,38.1,35.6,0.00,4.83
2014-02-05,23.0,5.0,6.0,6.0,6.0,24.8,35.6,29.5,0.00,5.98
2014-02-06,24.0,17.0,6.0,1.0,0.0,23.2,30.2,25.6,0.00,5.64
2014-02-07,19.0,6.0,2.0,5.0,6.0,24.6,36.7,28.7,0.00,4.60
2014-02-08,37.0,16.0,9.0,8.0,4.0,31.3,40.8,34.6,0.00,4.26
2014-02-09,8.0,5.0,2.0,1.0,0.0,31.5,38.8,34.0,0.00,1.61
2014-02-10,22.0,7.0,13.0,2.0,0.0,37.2,48.7,40.1,0.00,4.14
2014-02-11,17.0,5.0,5.0,4.0,3.0,46.0,51.1,47.8,0.00,5.98
2014-02-12,39.0,22.0,6.0,8.0,3.0,45.5,52.5,49.5,0.00,10.70
2014-02-13,44.0,16.0,16.0,4.0,8.0,45.9,54.9,49.3,0.00,10.01
2014-02-14,25.0,6.0,5.0,7.0,7.0,43.9,54.0,49.2,0.00,7.71
2014-02-15,34.0,12.0,11.0,8.0,3.0,40.5,52.0,45.0,0.00,4.14
2014-02-16,31.0,9.0,10.0,4.0,8.0,40.1,50.5,44.3,0.00,11.05
2014-02-17,19.0,8.0,4.0,3.0,4.0,40.5,47.5,43.7,0.00,10.70
2014-02-18,19.0,7.0,7.0,2.0,3.0,42.4,47.3,44.6,0.00,8.40
2014-02-19,30.0,6.0,12.0,6.0,6.0,39.6,48.4,42.8,0.00,8.86
2014-02-20,24.0,5.0,10.0,6.0,3.0,41.9,50.0,45.2,0.00,7.71
2014-02-21,21.0,7.0,6.0,3.0,5.0,40.6,49.6,43.1,0.00,4.95
2014-02-22,31.0,8.0,15.0,1.0,7.0,36.9,42.1,39.7,0.00,3.11
2014-02-23,20.0,8.0,7.0,4.0,1.0,39.2,44.1,41.8,0.00,5.41
2014-02-24,35.0,10.0,14.0,7.0,4.0,37.8,42.1,39.4,0.00,4.49
2014-02-25,62.0,20.0,27.0,8.0,7.0,40.5,49.6,42.8,0.00,5.41
2014-02-26,36.0,9.0,12.0,8.0,7.0,41.5,51.8,45.5,0.00,3.57
2014-02-27,61.0,27.0,26.0,6.0,2.0,43.9,51.1,46.7,0.00,4.26
2014-02-28,84.0,45.0,12.0,10.0,17.0,45.1,52.2,47.9,0.00,3.57
2014-03-01,26.0,11.0,12.0,2.0,1.0,39.9,52.5,45.4,0.00,7.02
2014-03-02,14.0,4.0,4.0,2.0,4.0,36.9,43.0,39.4,0.00,7.60
2014-03-03,60.0,28.0,16.0,9.0,7.0,42.4,56.1,47.9,0.00,7.48
2014-03-04,16.0,3.0,8.0,4.0,1.0,43.7,55.8,49.0,0.00,5.75
2014-03-05,27.0,11.0,7.0,4.0,5.0,49.6,57.6,52.7,0.00,6.10
2014-03-06,15.0,6.0,2.0,5.0,2.0,50.9,56.3,53.4,0.00,9.21
2014-03-07,52.0,17.0,11.0,12.0,12.0,48.2,58.1,51.1,0.00,8.29
2014-03-08,19.0,6.0,7.0,2.0,4.0,46.0,59.4,50.6,0.00,3.22
2014-03-09,51.0,15.0,14.0,6.0,16.0,47.3,57.9,52.6,0.00,6.44
2014-03-10,27.0,8.0,12.0,5.0,2.0,46.8,53.1,48.6,0.00,4.14
2014-03-11,70.0,22.0,32.0,9.0,7.0,42.8,52.0,47.7,0.00,3.45
2014-03-12,58.0,26.0,14.0,9.0,9.0,41.4,54.7,47.2,0.00,3.68
2014-03-13,50.0,19.0,13.0,8.0,10.0,44.1,56.7,49.3,0.00,2.99
2014-03-14,72.0,39.0,18.0,4.0,11.0,49.5,57.0,52.6,0.00,8.40
2014-03-15,32.0,9.0,14.0,7.0,2.0,46.0,59.5,50.7,0.00,4.95
2014-03-16,24.0,10.0,10.0,1.0,3.0,46.6,56.7,50.1,0.00,5.18
2014-03-17,40.0,14.0,9.0,9.0,8.0,40.5,50.0,44.3,0.00,4.95
2014-03-18,42.0,12.0,9.0,12.0,9.0,40.5,48.7,44.6,0.00,4.60
2014-03-19,26.0,9.0,10.0,4.0,3.0,45.3,50.0,47.9,0.00,6.21
2014-03-20,51.0,17.0,16.0,7.0,11.0,38.7,48.7,42.3,0.00,5.64
2014-03-21,77.0,37.0,15.0,16.0,9.0,40.5,50.2,44.9,0.00,4.26
2014-03-22,49.0,20.0,14.0,8.0,7.0,37.4,48.6,43.4,0.00,4.14
2014-03-23,109.0,67.0,25.0,8.0,9.0,43.2,51.3,46.5,0.00,4.95
2014-03-24,126.0,91.0,15.0,11.0,9.0,43.7,57.0,47.9,0.00,3.91
2014-03-25,26.0,8.0,7.0,5.0,6.0,48.0,62.1,54.7,0.00,4.37
2014-03-26,28.0,5.0,13.0,6.0,4.0,44.6,54.9,48.2,0.00,5.06
2014-03-27,70.0,28.0,27.0,5.0,10.0,45.9,54.5,48.4,0.00,4.14
2014-03-28,12.0,1.0,3.0,3.0,5.0,46.2,54.0,49.4,0.00,6.67
2014-03-29,23.0,6.0,7.0,3.0,7.0,46.6,53.8,49.5,0.00,6.44
2014-03-30,34.0,13.0,11.0,4.0,6.0,44.6,52.0,48.0,0.00,7.94
2014-03-31,116.0,61.0,32.0,9.0,14.0,41.2,57.6,47.4,0.00,4.49
2014-04-01,77.0,32.0,26.0,14.0,5.0,45.7,57.2,50.7,0.00,5.75
2014-04-02,59.0,25.0,20.0,8.0,6.0,46.2,57.7,50.4,0.00,4.95
2014-04-03,25.0,3.0,6.0,12.0,4.0,46.6,58.8,51.0,0.00,5.18
2014-04-04,58.0,18.0,17.0,10.0,13.0,45.1,55.8,49.2,0.00,6.90
2014-04-05,31.0,10.0,9.0,7.0,5.0,47.1,54.1,50.0,0.00,4.95
2014-04-06,74.0,16.0,23.0,16.0,19.0,47.7,52.9,50.6,0.00,5.06
2014-04-07,75.0,43.0,15.0,7.0,10.0,50.9,64.6,54.9,0.00,3.80
2014-04-08,27.0,6.0,9.0,6.0,6.0,51.3,69.8,57.7,0.00,5.52
2014-04-09,56.0,16.0,25.0,8.0,7.0,46.8,56.7,49.8,0.00,5.41
2014-04-10,105.0,39.0,38.0,20.0,8.0,46.0,55.4,50.3,0.00,4.03
2014-04-11,38.0,11.0,13.0,9.0,5.0,46.8,57.6,51.6,0.00,4.37
2014-04-12,63.0,20.0,20.0,5.0,18.0,47.5,59.2,52.0,0.00,4.83
2014-04-13,106.0,35.0,22.0,27.0,22.0,46.9,64.2,54.6,0.00,5.18
2014-04-14,48.0,18.0,14.0,7.0,9.0,47.1,66.7,55.0,0.00,3.45
2014-04-15,61.0,29.0,23.0,3.0,6.0,48.0,63.7,53.8,0.00,5.29
2014-04-16,8.0,4.0,1.0,3.0,0.0,49.3,57.4,51.5,0.00,7.25
2014-04-17,14.0,5.0,5.0,2.0,2.0,51.3,53.4,52.2,0.00,6.67
2014-04-18,54.0,17.0,12.0,13.0,12.0,44.4,54.9,48.9,0.00,5.75
2014-04-19,21.0,4.0,8.0,5.0,4.0,45.9,55.4,50.1,0.00,5.87
2014-04-20,61.0,26.0,25.0,6.0,4.0,46.2,56.8,50.8,0.00,7.71
2014-04-21,51.0,18.0,19.0,5.0,9.0,49.1,60.6,54.1,0.00,2.76
2014-04-22,75.0,37.0,29.0,3.0,6.0,42.4,58.5,48.6,0.00,6.44
2014-04-23,31.0,4.0,18.0,6.0,3.0,45.1,52.7,48.2,0.00,7.36
2014-04-24,44.0,18.0,25.0,1.0,0.0,49.3,54.3,51.6,0.00,9.32
2014-04-25,61.0,22.0,17.0,12.0,10.0,44.8,54.7,49.4,0.00,6.33
2014-04-26,44.0,26.0,6.0,7.0,5.0,45.0,58.1,50.8,0.00,5.75
2014-04-27,57.0,19.0,17.0,9.0,12.0,46.0,57.2,49.1,0.00,9.09
2014-04-28,89.0,51.0,23.0,8.0,7.0,44.4,57.0,49.4,0.00,5.64
2014-04-29,91.0,45.0,17.0,18.0,11.0,48.9,68.0,55.2,0.00,2.88
2014-04-30,192.0,143.0,17.0,17.0,15.0,51.3,75.9,61.9,0.00,4.14
2014-05-01,165.0,105.0,18.0,20.0,22.0,54.7,79.0,65.1,0.00,3.34
2014-05-02,54.0,11.0,17.0,14.0,12.0,57.6,72.1,64.6,0.00,5.06
2014-05-03,50.0,19.0,20.0,5.0,6.0,51.8,65.7,56.3,0.00,6.21
2014-05-04,37.0,14.0,15.0,5.0,3.0,50.0,57.4,52.5,0.00,5.64
2014-05-05,27.0,4.0,7.0,7.0,9.0,50.5,57.6,53.3,0.00,6.21
2014-05-06,80.0,34.0,25.0,9.0,12.0,50.0,58.8,54.2,0.00,4.26
2014-05-07,87.0,32.0,25.0,10.0,20.0,47.3,60.4,53.4,0.00,3.22
2014-05-08,51.0,22.0,7.0,9.0,13.0,51.6,61.9,55.5,0.00,4.26
2014-05-09,34.0,9.0,10.0,6.0,9.0,50.5,54.5,52.9,0.00,8.86
2014-05-10,61.0,23.0,24.0,6.0,8.0,46.6,60.8,50.9,0.00,4.60
2014-05-11,79.0,22.0,20.0,19.0,18.0,48.7,60.1,53.1,0.00,3.34
2014-05-12,116.0,60.0,31.0,7.0,18.0,51.3,68.5,58.0,0.00,2.99
2014-05-13,118.0,47.0,23.0,33.0,15.0,57.4,74.8,65.2,0.00,4.72
2014-05-14,80.0,38.0,18.0,10.0,14.0,55.8,76.6,65.4,0.00,4.26
2014-05-15,71.0,22.0,16.0,17.0,16.0,59.4,77.7,66.2,0.00,2.76
2014-05-16,68.0,22.0,20.0,13.0,13.0,56.7,71.4,61.8,0.00,6.56
2014-05-17,58.0,17.0,23.0,8.0,10.0,55.2,67.1,58.9,0.00,5.41
2014-05-18,57.0,16.0,20.0,9.0,12.0,50.9,63.1,57.1,0.00,2.88
2014-05-19,95.0,39.0,27.0,14.0,15.0,53.6,62.8,57.2,0.00,4.14
2014-05-20,87.0,20.0,28.0,18.0,21.0,54.0,65.7,59.4,0.00,5.52
2014-05-21,98.0,21.0,28.0,32.0,17.0,53.4,66.9,58.0,0.00,3.57
2014-05-22,52.0,18.0,17.0,8.0,9.0,54.3,68.5,59.2,0.00,3.11
2014-05-23,68.0,26.0,25.0,9.0,8.0,55.9,71.8,61.5,0.00,4.60
2014-05-24,133.0,72.0,29.0,20.0,12.0,54.3,67.8,58.8,0.00,4.14
2014-05-25,24.0,15.0,8.0,0.0,1.0,52.9,62.2,57.4,0.00,3.11
2014-05-26,89.0,30.0,21.0,14.0,24.0,54.3,63.9,57.2,0.00,6.10
2014-05-27,530.0,443.0,47.0,19.0,21.0,51.6,63.7,56.7,0.00,4.37
2014-05-28,81.0,45.0,18.0,10.0,8.0,52.2,62.4,57.0,0.00,5.06
2014-05-29,56.0,16.0,17.0,14.0,9.0,53.6,61.9,56.7,0.00,5.52
2014-05-30,206.0,107.0,46.0,32.0,21.0,51.3,64.0,56.8,0.00,5.52
2014-05-31,239.0,112.0,70.0,30.0,27.0,51.4,68.0,59.1,0.00,3.22
2014-06-01,307.0,231.0,31.0,26.0,19.0,53.4,68.9,59.3,0.00,4.49
2014-06-02,1074.0,937.0,110.0,14.0,13.0,54.0,69.4,59.0,0.00,2.42
2014-06-03,70.0,15.0,31.0,10.0,14.0,53.6,66.0,58.4,0.00,5.52
2014-06-04,63.0,19.0,22.0,7.0,15.0,55.2,62.4,58.4,0.00,3.57
2014-06-05,314.0,261.0,31.0,10.0,12.0,51.6,64.8,57.6,0.00,4.14
2014-06-06,157.0,110.0,30.0,4.0,13.0,53.1,68.2,60.6,0.00,3.45
2014-06-07,101.0,43.0,26.0,20.0,12.0,56.5,72.3,62.0,0.00,4.60
2014-06-08,201.0,127.0,30.0,25.0,19.0,55.2,70.2,61.3,0.00,3.45
2014-06-09,552.0,384.0,137.0,17.0,14.0,56.5,68.9,61.5,0.00,4.83
2014-06-10,118.0,59.0,26.0,19.0,14.0,54.1,63.5,58.4,0.00,3.57
2014-06-11,213.0,137.0,41.0,19.0,16.0,54.7,70.2,60.3,0.00,3.91
2014-06-12,72.0,21.0,17.0,20.0,14.0,56.3,70.2,62.1,0.00,4.60
2014-06-13,36.0,13.0,12.0,7.0,4.0,56.8,65.1,59.4,0.00,7.71
2014-06-14,56.0,20.0,20.0,5.0,11.0,55.9,61.5,58.2,0.00,3.68
2014-06-15,53.0,13.0,15.0,13.0,12.0,52.9,61.7,56.7,0.00,2.76
2014-06-16,133.0,83.0,29.0,9.0,12.0,50.2,60.8,53.4,0.00,4.26
2014-06-17,67.0,23.0,24.0,10.0,10.0,51.8,62.2,56.5,0.00,4.03
2014-06-18,65.0,29.0,20.0,7.0,9.0,54.5,63.9,57.8,0.00,5.64
2014-06-19,100.0,37.0,40.0,11.0,12.0,54.1,71.8,60.0,0.00,3.80
2014-06-20,62.0,14.0,23.0,12.0,13.0,54.1,70.9,59.5,0.00,5.64
2014-06-21,123.0,60.0,27.0,26.0,10.0,53.6,66.4,58.9,0.00,5.87
2014-06-22,144.0,86.0,28.0,19.0,11.0,55.4,70.9,61.4,0.00,4.95
2014-06-23,181.0,113.0,48.0,12.0,8.0,55.9,71.4,63.5,0.00,3.57
2014-06-24,117.0,68.0,23.0,17.0,9.0,58.3,67.6,62.4,0.00,4.14
2014-06-25,97.0,42.0,33.0,13.0,9.0,57.2,72.3,63.3,0.00,4.49
2014-06-26,74.0,31.0,32.0,5.0,6.0,59.0,72.3,63.8,0.00,4.72
2014-06-27,109.0,51.0,44.0,8.0,6.0,55.9,66.9,62.1,0.00,6.90
2014-06-28,125.0,69.0,37.0,9.0,10.0,57.9,66.9,61.6,0.00,7.48
2014-06-29,79.0,30.0,26.0,13.0,10.0,57.7,66.6,61.2,0.00,5.98
2014-06-30,317.0,259.0,23.0,15.0,20.0,57.2,70.3,61.5,0.00,3.68
2014-07-01,294.0,250.0,24.0,10.0,10.0,59.2,81.5,68.2,0.00,6.10
2014-07-02,192.0,135.0,31.0,11.0,15.0,63.0,88.2,69.8,0.00,4.83
2014-07-03,61.0,20.0,21.0,10.0,10.0,59.2,73.9,63.0,0.00,4.14
2014-07-04,94.0,43.0,15.0,22.0,14.0,56.7,69.1,61.8,0.00,3.57
2014-07-05,48.0,19.0,15.0,6.0,8.0,56.7,71.4,62.1,0.00,3.68
2014-07-06,75.0,26.0,25.0,14.0,10.0,59.2,78.8,66.2,0.00,4.03
2014-07-07,49.0,15.0,18.0,6.0,10.0,64.2,78.8,69.8,0.00,6.10
2014-07-08,111.0,51.0,25.0,17.0,18.0,60.6,78.4,68.3,0.00,5.64
2014-07-09,74.0,28.0,20.0,12.0,14.0,59.5,79.9,66.4,0.00,3.45
2014-07-10,77.0,33.0,19.0,10.0,15.0,57.7,76.8,65.1,0.00,4.26
2014-07-11,89.0,43.0,19.0,9.0,18.0,59.2,78.8,67.8,0.00,5.18
2014-07-12,80.0,32.0,22.0,15.0,11.0,61.2,82.9,69.6,0.00,2.88
2014-07-13,107.0,58.0,32.0,9.0,8.0,61.2,82.2,74.5,0.00,3.57
2014-07-14,156.0,62.0,37.0,36.0,21.0,60.8,74.3,66.5,0.00,4.03
2014-07-15,84.0,30.0,32.0,9.0,13.0,56.5,73.2,62.5,0.00,3.91
2014-07-16,128.0,65.0,32.0,14.0,17.0,57.6,80.6,65.3,0.00,2.19
2014-07-17,221.0,141.0,62.0,8.0,10.0,57.9,77.9,65.7,0.00,4.83
2014-07-18,203.0,143.0,41.0,9.0,10.0,56.3,73.0,62.9,0.00,4.60
2014-07-19,399.0,271.0,94.0,18.0,16.0,60.3,71.8,65.1,0.00,6.33
2014-07-20,65.0,20.0,20.0,12.0,13.0,58.8,68.9,61.7,0.00,5.18
2014-07-21,132.0,66.0,40.0,15.0,11.0,56.8,68.4,60.3,0.00,2.88
2014-07-22,70.0,30.0,16.0,11.0,13.0,56.3,68.5,60.9,0.00,2.65
2014-07-23,59.0,37.0,17.0,3.0,2.0,57.2,62.6,60.0,0.00,3.91
2014-07-24,46.0,16.0,16.0,8.0,6.0,58.1,65.1,60.6,0.00,5.18
2014-07-25,80.0,31.0,21.0,13.0,15.0,57.7,66.6,60.5,0.00,4.49
2014-07-26,62.0,24.0,18.0,14.0,6.0,55.9,73.2,62.4,0.00,3.57
2014-07-27,120.0,49.0,21.0,29.0,21.0,59.4,74.5,65.7,0.00,5.52
2014-07-28,71.0,38.0,12.0,8.0,13.0,57.4,81.1,67.1,0.00,3.68
2014-07-29,76.0,31.0,27.0,12.0,6.0,58.6,80.4,66.9,0.00,4.37
2014-07-30,75.0,21.0,20.0,12.0,22.0,58.6,80.2,67.2,0.00,4.37
2014-07-31,156.0,74.0,52.0,22.0,8.0,59.4,79.9,69.2,0.00,4.72
2014-08-01,277.0,224.0,37.0,5.0,11.0,58.3,81.1,67.8,0.00,3.57
2014-08-02,130.0,83.0,26.0,12.0,9.0,58.5,73.9,64.6,0.00,3.22
2014-08-03,247.0,164.0,49.0,17.0,17.0,59.0,76.8,65.1,0.00,3.34
2014-08-04,232.0,142.0,67.0,14.0,9.0,59.7,80.2,68.2,0.00,2.65
2014-08-05,124.0,73.0,36.0,6.0,9.0,58.1,83.5,65.5,0.00,4.95
2014-08-06,116.0,54.0,30.0,15.0,17.0,59.7,72.1,62.7,0.00,3.34
2014-08-07,121.0,58.0,42.0,12.0,9.0,59.5,72.7,63.4,0.00,3.22
2014-08-08,91.0,38.0,25.0,12.0,16.0,58.8,72.7,65.1,0.00,3.57
2014-08-09,104.0,44.0,35.0,12.0,13.0,57.9,75.0,65.6,0.00,2.99
2014-08-10,128.0,62.0,45.0,14.0,7.0,58.1,77.4,67.2,0.00,4.14
2014-08-11,303.0,205.0,83.0,6.0,9.0,59.4,78.6,68.0,0.00,2.76
2014-08-12,129.0,98.0,14.0,9.0,8.0,63.5,81.0,69.0,0.00,3.34
2014-08-13,127.0,58.0,40.0,13.0,16.0,60.4,74.8,65.7,0.00,5.41
2014-08-14,64.0,20.0,23.0,11.0,10.0,57.6,66.6,61.2,0.00,2.19
2014-08-15,39.0,11.0,11.0,10.0,7.0,58.6,72.5,62.1,0.00,1.84
2014-08-16,65.0,17.0,21.0,16.0,11.0,58.6,71.4,62.9,0.00,4.03
2014-08-17,81.0,20.0,26.0,28.0,7.0,57.4,73.8,64.2,0.00,4.49
2014-08-18,85.0,32.0,33.0,10.0,10.0,58.3,76.6,65.3,0.00,4.37
2014-08-19,135.0,70.0,42.0,11.0,12.0,59.4,78.8,66.6,0.00,3.22
2014-08-20,73.0,28.0,24.0,14.0,7.0,59.5,74.3,64.6,0.00,5.64
2014-08-21,106.0,47.0,35.0,10.0,14.0,56.3,69.6,61.7,0.00,5.18
2014-08-22,60.0,14.0,20.0,14.0,12.0,57.9,69.3,62.1,0.00,3.91
2014-08-23,113.0,70.0,24.0,10.0,9.0,57.4,72.1,62.7,0.00,2.88
2014-08-24,80.0,27.0,25.0,15.0,13.0,56.7,73.0,62.3,0.00,2.99
2014-08-25,189.0,118.0,53.0,7.0,11.0,57.7,74.5,64.4,0.00,2.42
2014-08-26,114.0,60.0,25.0,17.0,12.0,59.2,72.5,64.6,0.00,2.99
2014-08-27,111.0,64.0,26.0,8.0,13.0,59.4,72.7,65.4,0.00,2.53
2014-08-28,74.0,29.0,29.0,9.0,7.0,59.2,75.9,65.5,0.00,3.80
2014-08-29,43.0,13.0,15.0,7.0,8.0,59.9,72.0,63.5,0.00,2.99
2014-08-30,26.0,5.0,7.0,5.0,9.0,58.3,70.3,62.1,0.00,2.88
2014-08-31,83.0,35.0,29.0,9.0,10.0,57.2,64.8,60.8,0.00,3.91
2014-09-01,106.0,36.0,25.0,22.0,23.0,57.4,70.2,61.9,0.00,2.19
2014-09-02,68.0,22.0,22.0,14.0,10.0,60.4,72.3,64.6,0.00,4.14
2014-09-03,58.0,15.0,21.0,12.0,10.0,55.9,64.9,59.4,0.00,4.95
2014-09-04,87.0,29.0,33.0,14.0,11.0,56.3,68.7,60.7,0.00,3.68
2014-09-05,68.0,23.0,19.0,15.0,11.0,60.3,77.5,65.8,0.00,4.83
2014-09-06,98.0,38.0,21.0,18.0,21.0,59.5,78.4,67.3,0.00,4.37
2014-09-07,66.0,19.0,20.0,22.0,5.0,57.2,78.4,64.5,0.00,2.65
2014-09-08,52.0,14.0,19.0,10.0,9.0,58.1,68.9,61.6,0.00,5.18
2014-09-09,87.0,21.0,27.0,21.0,18.0,57.0,63.7,59.5,0.00,4.03
2014-09-10,62.0,17.0,27.0,12.0,6.0,55.6,67.6,59.2,0.00,4.14
2014-09-11,52.0,16.0,16.0,10.0,10.0,56.8,74.8,63.5,0.00,4.72
2014-09-12,89.0,29.0,25.0,18.0,17.0,57.6,71.2,64.4,0.00,4.49
2014-09-13,54.0,14.0,24.0,11.0,5.0,56.5,78.3,65.1,0.00,2.99
2014-09-14,293.0,248.0,21.0,15.0,9.0,55.4,78.8,64.4,0.00,3.22
2014-09-15,58.0,19.0,25.0,5.0,9.0,55.9,81.5,63.7,0.00,1.96
2014-09-16,42.0,21.0,10.0,5.0,6.0,59.7,72.1,64.4,0.00,4.14
2014-09-17,43.0,9.0,20.0,7.0,7.0,57.9,69.1,63.1,0.00,3.57
2014-09-18,80.0,34.0,35.0,6.0,5.0,58.3,66.2,61.8,0.00,3.68
2014-09-19,66.0,10.0,18.0,18.0,20.0,63.3,74.3,66.0,0.00,5.18
2014-09-20,82.0,25.0,28.0,16.0,13.0,58.6,70.9,63.9,0.00,4.95
2014-09-21,98.0,45.0,40.0,8.0,5.0,56.8,80.6,65.2,0.00,3.68
2014-09-22,82.0,31.0,27.0,13.0,11.0,62.6,80.2,66.7,0.00,5.29
2014-09-23,43.0,8.0,14.0,7.0,14.0,59.4,68.7,63.4,0.00,3.34
2014-09-24,29.0,13.0,9.0,2.0,5.0,60.3,66.9,63.4,0.00,6.21
2014-09-25,80.0,28.0,26.0,11.0,15.0,59.9,70.3,62.8,0.00,3.68
2014-09-26,83.0,24.0,35.0,10.0,14.0,58.1,67.3,62.0,0.00,6.44
2014-09-27,59.0,20.0,21.0,13.0,5.0,57.0,67.1,60.9,0.00,5.06
2014-09-28,54.0,14.0,16.0,18.0,6.0,55.8,66.2,59.0,0.00,4.83
2014-09-29,51.0,14.0,16.0,12.0,9.0,54.7,61.3,57.7,0.00,4.14
2014-09-30,65.0,24.0,15.0,14.0,12.0,55.4,61.5,57.7,0.00,4.14
2014-10-01,48.0,12.0,7.0,14.0,15.0,53.6,65.3,58.6,0.00,2.99
2014-10-02,63.0,20.0,17.0,17.0,9.0,54.3,63.5,58.9,0.00,3.80
2014-10-03,71.0,17.0,17.0,20.0,17.0,53.6,64.2,58.0,0.00,3.11
2014-10-04,71.0,24.0,18.0,12.0,17.0,55.6,64.9,58.3,0.00,2.07
2014-10-05,61.0,26.0,10.0,19.0,6.0,55.0,68.5,58.9,0.00,2.30
2014-10-06,55.0,18.0,15.0,10.0,12.0,56.1,71.1,61.4,0.00,2.53
2014-10-07,77.0,24.0,26.0,11.0,16.0,56.7,72.9,61.4,0.00,4.14
2014-10-08,53.0,16.0,12.0,13.0,12.0,56.8,62.4,58.8,0.00,4.14
2014-10-09,70.0,26.0,22.0,10.0,12.0,55.4,61.5,57.2,0.00,4.26
2014-10-10,38.0,13.0,7.0,11.0,7.0,52.5,65.3,56.0,0.00,3.80
2014-10-11,35.0,13.0,9.0,5.0,8.0,58.8,65.3,61.3,0.00,5.18
2014-10-12,55.0,15.0,22.0,12.0,6.0,55.9,61.5,58.1,0.00,3.22
2014-10-13,75.0,34.0,28.0,8.0,5.0,54.5,67.6,60.5,0.00,3.57
2014-10-14,42.0,12.0,14.0,10.0,6.0,53.4,64.4,57.4,0.00,6.21
2014-10-15,34.0,18.0,4.0,3.0,9.0,54.7,58.8,56.7,0.00,5.29
2014-10-16,35.0,9.0,10.0,9.0,7.0,54.7,63.1,57.1,0.00,4.83
2014-10-17,22.0,6.0,7.0,4.0,5.0,55.0,63.5,57.6,0.00,2.30
2014-10-18,35.0,16.0,12.0,3.0,4.0,57.4,65.1,60.1,0.00,4.95
2014-10-19,48.0,12.0,12.0,10.0,14.0,57.2,71.4,63.0,0.00,4.14
2014-10-20,44.0,11.0,9.0,12.0,12.0,58.6,72.1,62.2,0.00,4.60
2014-10-21,65.0,14.0,24.0,14.0,13.0,55.0,63.0,58.1,0.00,6.56
2014-10-22,18.0,2.0,5.0,4.0,7.0,56.1,61.5,58.4,0.00,6.56
2014-10-23,22.0,3.0,6.0,8.0,5.0,52.5,58.1,55.4,0.00,7.48
2014-10-24,33.0,6.0,7.0,11.0,9.0,50.5,58.3,52.6,0.00,4.60
2014-10-25,24.0,5.0,12.0,2.0,5.0,51.6,59.2,53.9,0.00,4.03
2014-10-26,27.0,7.0,12.0,3.0,5.0,50.7,63.1,54.2,0.00,11.51
2014-10-27,53.0,18.0,15.0,10.0,10.0,47.7,55.9,51.1,0.00,3.80
2014-10-28,30.0,9.0,9.0,6.0,6.0,50.4,60.1,54.3,0.00,5.06
2014-10-29,50.0,12.0,13.0,14.0,11.0,56.7,62.4,58.5,0.00,7.60
2014-10-30,32.0,8.0,14.0,4.0,6.0,53.1,62.1,56.1,0.00,3.22
2014-10-31,19.0,3.0,4.0,4.0,8.0,51.1,59.0,54.0,0.00,4.26
2014-11-01,41.0,9.0,9.0,10.0,13.0,49.1,55.4,51.8,0.00,4.03
2014-11-02,66.0,17.0,18.0,21.0,10.0,48.0,55.4,51.0,0.00,4.03
2014-11-03,35.0,9.0,10.0,8.0,8.0,53.2,58.3,54.9,0.00,6.56
2014-11-04,43.0,11.0,15.0,8.0,9.0,54.7,58.1,56.4,0.00,6.33
2014-11-05,42.0,11.0,10.0,8.0,13.0,53.6,57.7,55.3,0.00,3.91
2014-11-06,32.0,4.0,10.0,11.0,7.0,54.1,61.7,57.4,0.00,6.10
2014-11-07,56.0,16.0,16.0,9.0,15.0,50.4,57.4,53.4,0.00,5.98
2014-11-08,31.0,7.0,12.0,6.0,6.0,44.6,55.9,49.3,0.00,2.19
2014-11-09,32.0,8.0,8.0,6.0,10.0,43.0,57.0,51.6,0.02,5.52
2014-11-10,58.0,18.0,18.0,9.0,13.0,49.1,54.3,51.6,0.00,3.22
2014-11-11,47.0,10.0,13.0,11.0,13.0,42.4,51.3,46.5,0.00,4.83
2014-11-12,43.0,13.0,10.0,10.0,10.0,34.2,46.8,39.3,0.00,4.60
2014-11-13,32.0,15.0,11.0,4.0,2.0,36.5,46.9,40.7,0.00,4.72
2014-11-14,37.0,14.0,9.0,7.0,7.0,37.0,46.4,40.8,0.00,3.22
2014-11-15,57.0,19.0,19.0,6.0,13.0,34.5,46.2,39.9,0.00,2.76
2014-11-16,48.0,14.0,16.0,11.0,7.0,37.0,49.6,41.6,0.00,2.99
2014-11-17,38.0,16.0,9.0,7.0,6.0,33.8,50.2,41.7,0.00,3.45
2014-11-18,48.0,14.0,15.0,8.0,11.0,34.9,48.9,41.4,0.00,2.99
2014-11-19,49.0,11.0,15.0,11.0,12.0,38.7,50.9,43.5,0.00,2.53
2014-11-20,27.0,7.0,11.0,4.0,5.0,43.2,53.1,48.2,0.00,4.14
2014-11-21,18.0,6.0,7.0,2.0,3.0,48.9,52.3,50.7,0.00,4.83
2014-11-22,39.0,10.0,16.0,7.0,6.0,46.8,52.7,48.8,0.00,6.21
2014-11-23,23.0,6.0,11.0,4.0,2.0,47.7,55.8,49.7,0.00,7.13
2014-11-24,25.0,6.0,7.0,6.0,6.0,43.9,53.8,47.5,0.00,5.18
2014-11-25,11.0,3.0,3.0,2.0,3.0,48.7,54.1,51.0,0.00,4.83
2014-11-26,51.0,18.0,12.0,9.0,12.0,49.8,59.0,57.0,0.00,9.32
2014-11-27,37.0,14.0,18.0,3.0,2.0,54.3,59.5,57.1,0.00,7.94
2014-11-28,16.0,3.0,5.0,5.0,3.0,38.8,57.7,52.0,0.00,8.29
2014-11-29,20.0,7.0,10.0,3.0,0.0,31.3,41.7,36.4,0.00,6.79
2014-11-30,28.0,11.0,11.0,4.0,2.0,27.5,38.1,31.1,0.00,3.11
2014-12-01,22.0,8.0,9.0,2.0,3.0,30.4,40.3,34.3,0.00,3.34
2014-12-02,38.0,11.0,15.0,5.0,7.0,32.5,42.4,36.5,0.00,2.19
2014-12-03,40.0,11.0,11.0,10.0,8.0,38.1,46.8,40.7,0.00,5.52
2014-12-04,29.0,7.0,14.0,3.0,5.0,41.2,46.0,43.9,0.00,2.65
2014-12-05,34.0,10.0,10.0,7.0,7.0,44.1,49.6,46.4,0.00,2.65
2014-12-06,33.0,10.0,10.0,7.0,6.0,48.2,54.0,49.8,0.00,5.18
2014-12-07,44.0,12.0,15.0,10.0,7.0,45.5,53.6,50.5,0.00,3.22
2014-12-08,28.0,7.0,9.0,5.0,7.0,49.5,59.0,52.9,0.00,3.80
2014-12-09,31.0,8.0,10.0,8.0,5.0,49.8,61.2,54.9,0.00,7.94
2014-12-10,29.0,8.0,11.0,5.0,5.0,53.1,64.6,58.2,0.00,7.94
2014-12-11,18.0,4.0,6.0,4.0,4.0,48.9,59.2,53.4,0.00,7.13
2014-12-12,52.0,9.0,21.0,9.0,13.0,50.2,58.6,52.8,0.00,8.75
2014-12-13,58.0,22.0,24.0,7.0,5.0,45.0,53.2,48.1,0.00,2.76
2014-12-14,54.0,16.0,14.0,15.0,9.0,38.3,55.9,44.4,0.00,3.11
2014-12-15,56.0,12.0,20.0,11.0,13.0,43.7,54.1,47.6,0.00,2.76
2014-12-16,49.0,14.0,18.0,8.0,9.0,48.7,52.2,50.7,0.00,4.95
2014-12-17,57.0,14.0,23.0,8.0,12.0,44.4,49.3,46.8,0.00,1.96
2014-12-18,34.0,8.0,11.0,7.0,8.0,46.0,50.2,47.4,0.00,3.45
2014-12-19,36.0,9.0,11.0,9.0,7.0,47.8,52.3,49.4,0.00,6.67
2014-12-20,12.0,2.0,4.0,4.0,2.0,45.3,52.0,47.7,0.00,5.52
2014-12-21,37.0,9.0,14.0,8.0,6.0,49.6,56.5,53.5,0.00,9.44
2014-12-22,29.0,5.0,9.0,9.0,6.0,46.8,53.8,50.3,0.00,2.76
2014-12-23,24.0,5.0,10.0,3.0,6.0,46.0,54.0,48.3,0.00,4.60
2014-12-24,19.0,5.0,10.0,2.0,2.0,40.3,48.7,43.2,0.00,4.72
2014-12-25,41.0,18.0,17.0,4.0,2.0,41.5,47.3,43.9,0.00,4.03
2014-12-26,32.0,3.0,15.0,9.0,5.0,39.2,45.5,40.9,0.00,3.45
2014-12-27,6.0,0.0,3.0,1.0,2.0,41.0,50.2,44.1,0.00,6.21
2014-12-28,33.0,8.0,14.0,4.0,7.0,41.7,47.1,44.3,0.00,3.57
2014-12-29,31.0,10.0,7.0,6.0,8.0,39.9,43.5,41.3,0.00,5.64
2014-12-30,28.0,10.0,14.0,1.0,3.0,32.2,43.0,36.3,0.00,3.91
2014-12-31,31.0,11.0,12.0,5.0,3.0,32.0,40.3,35.0,0.00,3.57
2015-01-01,33.0,11.0,15.0,6.0,1.0,31.5,42.8,36.2,0.00,2.42
2015-01-02,30.0,9.0,12.0,5.0,4.0,33.6,42.1,37.6,0.00,4.14
2015-01-03,44.0,11.0,13.0,6.0,14.0,38.5,43.0,41.2,0.00,3.80
2015-01-04,18.0,6.0,8.0,2.0,2.0,40.1,47.1,42.0,0.00,4.49
2015-01-05,23.0,9.0,7.0,4.0,3.0,47.5,55.4,52.3,0.00,8.86
2015-01-06,35.0,8.0,9.0,9.0,9.0,48.7,55.4,52.2,0.00,4.83
2015-01-07,32.0,5.0,10.0,9.0,8.0,44.8,49.1,46.5,0.00,2.99
2015-01-08,41.0,11.0,15.0,9.0,6.0,41.0,48.2,43.8,0.00,3.68
2015-01-09,37.0,9.0,13.0,8.0,7.0,38.7,48.9,42.4,0.00,2.53
2015-01-10,24.0,9.0,13.0,0.0,2.0,44.4,48.6,45.7,0.00,2.99
2015-01-11,19.0,5.0,8.0,2.0,4.0,45.9,48.2,46.5,0.00,1.27
2015-01-12,38.0,8.0,16.0,8.0,6.0,45.9,49.8,47.3,0.00,2.53
2015-01-13,46.0,13.0,14.0,10.0,9.0,41.7,50.0,45.0,0.00,2.99
2015-01-14,48.0,8.0,13.0,10.0,17.0,37.0,47.7,41.9,0.00,3.45
2015-01-15,35.0,7.0,16.0,6.0,6.0,40.5,46.8,43.4,0.00,3.68
2015-01-16,39.0,10.0,12.0,7.0,10.0,43.9,53.2,47.8,0.00,5.29
2015-01-17,21.0,5.0,9.0,6.0,1.0,43.0,53.1,46.2,0.00,3.22
2015-01-18,23.0,11.0,11.0,1.0,0.0,46.0,57.0,51.1,0.00,11.16
2015-01-19,28.0,10.0,9.0,5.0,4.0,47.1,51.3,48.4,0.00,5.98
2015-01-20,36.0,13.0,9.0,8.0,6.0,42.3,50.2,45.9,0.00,2.65
2015-01-21,42.0,15.0,8.0,10.0,9.0,37.8,48.9,42.7,0.00,2.65
2015-01-22,40.0,13.0,17.0,6.0,4.0,44.8,49.1,45.9,0.00,2.88
2015-01-23,23.0,6.0,10.0,3.0,4.0,49.6,52.3,50.4,0.00,4.72
2015-01-24,45.0,11.0,10.0,9.0,15.0,53.4,59.5,55.5,0.00,7.48
2015-01-25,85.0,24.0,24.0,24.0,13.0,52.0,60.1,55.6,0.00,3.68
2015-01-26,55.0,9.0,18.0,15.0,13.0,46.8,64.0,52.0,0.00,3.34
2015-01-27,72.0,34.0,27.0,7.0,4.0,50.4,64.6,53.7,0.00,4.60
2015-01-28,56.0,16.0,20.0,10.0,10.0,46.8,52.5,49.1,0.00,3.34
2015-01-29,58.0,13.0,19.0,12.0,14.0,45.0,53.1,47.6,0.00,4.14
2015-01-30,41.0,13.0,16.0,6.0,6.0,37.8,51.4,44.1,0.00,3.34
2015-01-31,44.0,6.0,11.0,17.0,10.0,40.1,45.7,41.9,0.00,2.99
2015-02-01,16.0,3.0,6.0,4.0,3.0,43.3,48.2,45.1,0.00,4.37
2015-02-02,28.0,8.0,7.0,7.0,6.0,45.3,52.5,48.3,0.00,4.26
2015-02-03,40.0,12.0,15.0,8.0,5.0,48.2,53.6,49.8,0.00,5.52
2015-02-04,37.0,11.0,10.0,7.0,9.0,44.2,50.4,47.3,0.00,1.73
2015-02-05,18.0,2.0,4.0,6.0,6.0,48.0,57.4,50.6,0.00,6.33
2015-02-06,31.0,5.0,15.0,6.0,5.0,53.6,58.1,55.7,0.00,8.06
2015-02-07,24.0,8.0,8.0,1.0,7.0,55.2,55.9,55.6,0.00,9.44
2015-02-08,43.0,14.0,10.0,7.0,12.0,46.9,60.1,53.8,0.71,5.41
2015-02-09,32.0,7.0,12.0,5.0,8.0,50.2,56.7,53.0,0.00,2.30
2015-02-10,40.0,9.0,17.0,8.0,6.0,51.4,56.1,53.3,0.00,6.21
2015-02-11,46.0,9.0,8.0,12.0,17.0,45.9,55.4,49.0,0.00,2.19
2015-02-12,35.0,8.0,11.0,9.0,7.0,50.2,61.5,54.5,0.00,3.91
2015-02-13,26.0,2.0,5.0,11.0,8.0,47.7,60.3,52.2,0.00,3.22
2015-02-14,48.0,17.0,16.0,6.0,9.0,51.1,56.1,53.0,0.00,2.07
2015-02-15,74.0,20.0,18.0,20.0,16.0,45.5,54.0,49.3,0.00,4.03
2015-02-16,52.0,10.0,18.0,8.0,16.0,45.0,57.2,48.9,0.00,3.34
2015-02-17,48.0,10.0,13.0,14.0,11.0,46.6,58.3,51.0,0.00,5.75
2015-02-18,46.0,8.0,14.0,12.0,12.0,44.8,58.6,49.9,0.00,4.26
2015-02-19,33.0,9.0,12.0,5.0,7.0,48.4,55.0,51.1,0.00,3.22
2015-02-20,36.0,11.0,11.0,8.0,6.0,48.4,52.0,49.8,0.00,2.30
2015-02-21,57.0,11.0,17.0,14.0,15.0,45.0,55.9,50.5,0.02,3.91
2015-02-22,46.0,11.0,16.0,13.0,6.0,39.7,54.0,47.4,0.00,2.76
2015-02-23,48.0,15.0,15.0,8.0,10.0,38.3,52.9,45.6,0.00,2.65
2015-02-24,53.0,13.0,23.0,11.0,6.0,40.1,53.1,47.7,0.00,1.73
2015-02-25,46.0,16.0,18.0,4.0,8.0,46.8,49.8,48.0,0.00,3.34
2015-02-26,39.0,10.0,17.0,5.0,7.0,46.9,51.3,48.4,0.00,2.88
2015-02-27,31.0,5.0,12.0,7.0,7.0,47.7,52.0,49.5,0.00,4.03
2015-02-28,78.0,28.0,22.0,19.0,9.0,45.3,53.8,48.8,0.00,7.02
2015-03-01,71.0,18.0,23.0,12.0,18.0,38.7,52.9,45.8,0.00,4.60
2015-03-02,33.0,8.0,9.0,8.0,8.0,44.1,52.0,46.9,0.00,5.64
2015-03-03,61.0,25.0,15.0,9.0,12.0,36.5,49.8,45.0,0.00,4.72
2015-03-04,36.0,7.0,10.0,9.0,10.0,35.4,51.4,43.3,0.00,4.26
2015-03-05,45.0,10.0,18.0,10.0,7.0,40.8,54.0,46.7,0.00,3.11
2015-03-06,37.0,3.0,14.0,13.0,7.0,42.6,53.4,47.7,0.00,2.07
2015-03-07,86.0,23.0,22.0,28.0,13.0,42.1,59.5,49.5,0.00,2.76
2015-03-08,53.0,12.0,12.0,14.0,15.0,43.5,59.0,51.2,0.00,3.22
2015-03-09,65.0,24.0,25.0,9.0,7.0,44.4,60.4,49.8,0.00,3.22
2015-03-10,45.0,17.0,11.0,11.0,6.0,43.3,54.0,47.7,0.00,3.80
2015-03-11,40.0,7.0,26.0,5.0,2.0,50.7,58.6,54.0,0.00,4.72
2015-03-12,64.0,22.0,18.0,14.0,10.0,53.8,64.2,56.6,0.00,7.02
2015-03-13,59.0,14.0,14.0,18.0,13.0,50.5,63.0,54.1,0.00,2.30
2015-03-14,16.0,7.0,9.0,0.0,0.0,52.3,64.0,56.2,0.00,6.33
2015-03-15,12.0,6.0,3.0,0.0,3.0,45.5,57.6,50.4,0.00,4.60
2015-03-16,48.0,12.0,19.0,8.0,9.0,44.1,54.0,46.7,0.00,4.72
2015-03-17,38.0,7.0,16.0,8.0,7.0,45.1,57.0,50.2,0.00,4.37
2015-03-18,56.0,14.0,18.0,12.0,12.0,48.2,60.4,52.1,0.00,4.37
2015-03-19,59.0,17.0,21.0,12.0,9.0,50.0,60.3,54.7,0.00,4.72
2015-03-20,43.0,11.0,17.0,8.0,7.0,52.0,59.0,54.4,0.00,3.22
2015-03-21,24.0,7.0,9.0,4.0,4.0,49.8,56.3,53.4,0.00,6.90
2015-03-22,57.0,24.0,12.0,10.0,11.0,45.7,57.6,50.2,0.00,4.14
2015-03-23,37.0,16.0,13.0,4.0,4.0,45.0,53.2,48.5,0.00,4.03
2015-03-24,10784.0,10747.0,18.0,15.0,4.0,45.1,54.5,48.1,0.00,5.41
2015-03-25,22.0,7.0,11.0,2.0,2.0,46.4,58.5,51.6,0.00,5.98
2015-03-26,90.0,29.0,23.0,21.0,17.0,54.3,69.4,57.4,0.00,4.26
2015-03-27,1357.0,1306.0,23.0,15.0,13.0,49.8,69.1,58.0,0.00,3.45
2015-03-28,13148.0,13086.0,40.0,9.0,13.0,50.2,60.1,53.8,0.00,10.70
2015-03-29,18089.0,18055.0,21.0,7.0,6.0,51.8,60.3,55.2,0.00,6.90
2015-03-30,12291.0,12228.0,40.0,14.0,9.0,54.0,63.7,57.4,0.00,5.98
2015-03-31,11171.0,11120.0,15.0,21.0,15.0,45.5,64.8,53.1,0.00,5.98
2015-04-01,10089.0,10036.0,26.0,18.0,9.0,43.7,52.9,46.7,0.00,3.91
2015-04-02,10858.0,10812.0,32.0,6.0,8.0,43.9,56.5,47.7,0.00,4.26
2015-04-03,12611.0,12572.0,21.0,10.0,8.0,45.5,56.1,49.3,0.00,6.10
2015-04-04,21618.0,21552.0,36.0,19.0,11.0,42.4,54.3,47.5,0.00,5.41
2015-04-05,18410.0,18314.0,39.0,24.0,33.0,41.9,57.6,48.7,0.00,4.14
2015-04-06,19469.0,19423.0,30.0,6.0,10.0,46.4,59.4,50.9,0.00,5.18
2015-04-07,18034.0,17980.0,39.0,5.0,10.0,47.1,55.8,51.0,0.00,3.80
2015-04-08,22663.0,22557.0,83.0,9.0,14.0,46.6,61.9,52.6,0.00,3.57
2015-04-09,43719.0,43606.0,88.0,13.0,12.0,46.0,62.1,51.8,0.00,3.57
2015-04-10,19257.0,19225.0,20.0,4.0,8.0,49.6,64.9,54.6,0.00,6.21
2015-04-11,21109.0,21054.0,38.0,9.0,8.0,45.0,51.6,48.5,0.00,8.29
2015-04-12,18793.0,18699.0,54.0,27.0,13.0,44.8,55.0,48.1,0.00,4.83
2015-04-13,36871.0,36847.0,19.0,3.0,2.0,46.8,53.6,50.1,0.00,3.68
2015-04-14,37773.0,37730.0,39.0,3.0,1.0,40.5,52.5,43.9,0.00,5.29
2015-04-15,31288.0,31188.0,78.0,19.0,3.0,42.1,53.1,47.0,0.00,4.37
2015-04-16,26903.0,26869.0,0.0,32.0,2.0,43.5,59.5,50.9,0.00,4.83
2015-04-17,13902.0,13883.0,0.0,18.0,1.0,49.3,62.6,54.8,0.00,5.52
2015-04-18,8836.0,8800.0,0.0,28.0,8.0,50.2,62.8,55.7,0.00,5.41
2015-04-19,10351.0,10309.0,0.0,35.0,7.0,50.2,63.1,56.9,0.00,4.60
2015-04-20,11021.0,10988.0,1.0,22.0,10.0,49.5,69.4,57.0,0.00,3.22
2015-04-21,1574.0,1460.0,81.0,19.0,14.0,52.2,70.5,58.5,0.00,3.68
2015-04-22,14739.0,14695.0,24.0,8.0,12.0,44.2,56.7,48.5,0.00,5.06
2015-04-23,1100.0,1056.0,16.0,19.0,9.0,47.1,58.8,50.2,0.00,6.21
2015-04-24,1035.0,1010.0,10.0,5.0,10.0,45.0,54.1,48.6,0.00,8.75
2015-04-25,7241.0,7197.0,25.0,14.0,5.0,44.6,55.2,49.4,0.00,5.18
2015-04-26,5777.0,5728.0,30.0,12.0,7.0,43.5,59.7,49.9,0.00,4.14
2015-04-27,13434.0,13345.0,66.0,9.0,14.0,53.1,66.2,57.1,0.00,5.41
2015-04-28,7613.0,7574.0,16.0,15.0,8.0,52.0,70.2,59.7,0.00,5.64
2015-04-29,6213.0,6133.0,55.0,16.0,9.0,47.8,59.7,51.6,0.00,4.49
2015-04-30,3788.0,3733.0,30.0,15.0,10.0,49.8,61.2,53.8,0.00,4.72
2015-05-01,13299.0,13232.0,38.0,14.0,15.0,52.3,60.6,55.4,0.00,4.95
2015-05-02,4750.0,4705.0,24.0,14.0,7.0,50.0,61.9,55.5,0.00,5.87
2015-05-03,5683.0,5613.0,26.0,25.0,19.0,48.9,64.2,56.0,0.00,5.64
2015-05-04,2305.0,2261.0,13.0,15.0,16.0,48.9,65.5,56.3,0.00,6.10
2015-05-05,2428.0,2394.0,17.0,8.0,9.0,47.7,61.0,53.1,0.00,8.86
2015-05-06,11592.0,11492.0,68.0,14.0,18.0,47.1,59.2,50.3,0.00,5.41
2015-05-07,11722.0,11641.0,42.0,18.0,21.0,47.5,64.6,54.6,0.00,4.14
2015-05-08,7095.0,6939.0,94.0,42.0,20.0,51.6,67.8,59.1,0.00,5.29
2015-05-09,48.0,15.0,16.0,8.0,9.0,51.3,74.7,59.8,0.00,3.57
2015-05-10,255.0,122.0,91.0,20.0,22.0,53.2,74.8,61.3,0.00,3.80
2015-05-11,74.0,20.0,29.0,11.0,14.0,52.7,66.7,57.5,0.00,5.41
2015-05-12,62.0,21.0,15.0,13.0,13.0,55.0,62.6,56.9,0.00,3.91
2015-05-13,49.0,15.0,18.0,7.0,9.0,53.2,53.6,53.4,0.00,5.87
2015-05-14,70.0,19.0,16.0,17.0,18.0,51.3,58.1,53.0,0.00,3.34
2015-05-15,52.0,12.0,14.0,12.0,14.0,50.7,62.2,55.8,0.00,3.80
2015-05-16,68.0,16.0,26.0,12.0,14.0,53.4,64.2,56.5,0.00,4.14
2015-05-17,110.0,36.0,28.0,23.0,23.0,52.5,59.9,55.9,0.00,3.22
2015-05-18,90.0,18.0,34.0,16.0,22.0,53.1,72.0,59.3,0.00,4.03
2015-05-19,72.0,21.0,25.0,9.0,17.0,54.3,71.6,59.5,0.00,3.68
2015-05-20,68.0,17.0,25.0,13.0,13.0,52.0,65.3,57.0,0.00,3.34
2015-05-21,72.0,20.0,26.0,12.0,14.0,53.4,70.0,58.4,0.00,2.99
2015-05-22,66.0,17.0,28.0,11.0,10.0,54.3,68.9,59.2,0.00,3.80
2015-05-23,70.0,22.0,24.0,15.0,9.0,54.3,59.2,56.4,0.00,4.37
2015-05-24,49.0,15.0,9.0,12.0,13.0,53.4,61.0,57.2,0.00,3.68
2015-05-25,52.0,13.0,15.0,13.0,11.0,54.0,60.1,57.0,0.00,4.14
2015-05-26,86.0,29.0,29.0,12.0,16.0,53.8,64.2,56.9,0.00,3.11
2015-05-27,74.0,27.0,29.0,11.0,7.0,55.0,66.0,59.3,0.00,2.42
2015-05-28,97.0,38.0,33.0,12.0,14.0,54.3,70.9,61.3,0.00,2.88
2015-05-29,78.0,18.0,31.0,15.0,14.0,56.3,77.4,63.6,0.00,3.22
2015-05-30,95.0,37.0,37.0,10.0,11.0,52.3,71.6,59.6,0.00,3.80
2015-05-31,87.0,23.0,30.0,19.0,15.0,54.3,68.7,60.2,0.00,4.03
2015-06-01,44.0,11.0,14.0,9.0,10.0,55.0,68.2,59.6,0.00,4.60
2015-06-02,57.0,21.0,20.0,9.0,7.0,55.9,61.2,58.2,0.00,4.72
2015-06-03,57.0,17.0,15.0,12.0,13.0,53.2,61.2,56.6,0.00,4.03
2015-06-04,112.0,56.0,19.0,23.0,14.0,55.2,66.2,58.7,0.00,3.91
2015-06-05,58.0,13.0,18.0,11.0,16.0,55.2,73.4,62.8,0.00,4.37
2015-06-06,76.0,22.0,29.0,11.0,14.0,54.9,77.5,65.4,0.00,3.34
2015-06-07,92.0,22.0,33.0,25.0,12.0,56.8,78.4,65.1,0.00,3.57
2015-06-08,70.0,13.0,28.0,11.0,18.0,55.9,83.7,67.5,0.00,4.03
2015-06-09,81.0,30.0,25.0,15.0,11.0,58.5,79.2,69.8,0.00,3.68
2015-06-10,115.0,49.0,44.0,9.0,13.0,54.3,77.2,63.4,0.00,3.91
2015-06-11,102.0,34.0,26.0,16.0,26.0,55.2,74.5,62.0,0.00,3.34
2015-06-12,79.0,30.0,29.0,9.0,11.0,55.4,71.1,60.2,0.00,4.14
2015-06-13,82.0,25.0,23.0,19.0,15.0,52.7,65.7,57.9,0.00,2.76
2015-06-14,94.0,23.0,29.0,22.0,20.0,54.7,74.5,63.6,0.00,4.03
2015-06-15,90.0,27.0,26.0,19.0,18.0,56.1,78.3,67.0,0.00,3.57
2015-06-16,72.0,18.0,21.0,21.0,12.0,54.7,78.6,61.7,0.00,4.49
2015-06-17,73.0,16.0,29.0,9.0,19.0,53.6,65.7,59.3,0.00,3.57
2015-06-18,54.0,13.0,13.0,12.0,16.0,58.5,72.3,63.7,0.00,3.45
2015-06-19,57.0,21.0,21.0,8.0,7.0,56.8,72.7,61.2,0.00,4.26
2015-06-20,67.0,23.0,15.0,18.0,11.0,55.8,70.0,61.6,0.00,4.37
2015-06-21,68.0,16.0,16.0,18.0,18.0,57.6,71.2,63.4,0.00,4.60
2015-06-22,60.0,13.0,24.0,8.0,15.0,56.5,71.4,62.6,0.00,3.11
2015-06-23,46.0,11.0,14.0,12.0,9.0,54.7,68.2,60.8,0.00,2.76
2015-06-24,66.0,19.0,22.0,10.0,15.0,59.4,75.7,66.3,0.00,2.76
2015-06-25,80.0,32.0,23.0,18.0,7.0,58.1,79.5,65.6,0.00,2.76
2015-06-26,64.0,21.0,22.0,10.0,11.0,60.3,78.8,70.4,0.00,4.37
2015-06-27,55.0,21.0,18.0,5.0,11.0,60.3,80.8,70.5,0.00,3.57
2015-06-28,73.0,21.0,27.0,8.0,17.0,61.5,80.6,69.8,0.00,2.99
2015-06-29,67.0,18.0,24.0,10.0,15.0,62.2,77.5,69.1,0.00,2.88
2015-06-30,80.0,16.0,26.0,24.0,14.0,60.1,80.6,67.3,0.00,3.34
2015-07-01,55.0,18.0,20.0,12.0,5.0,60.4,81.5,71.1,0.00,4.14
2015-07-02,59.0,21.0,19.0,9.0,10.0,59.2,82.8,71.3,0.00,3.57
2015-07-03,60.0,18.0,21.0,12.0,9.0,60.6,83.3,69.8,0.00,2.42
2015-07-04,80.0,21.0,21.0,20.0,18.0,58.8,83.1,69.2,0.00,3.34
2015-07-05,72.0,23.0,24.0,15.0,10.0,60.1,85.1,71.2,0.00,3.34
2015-07-06,52.0,15.0,16.0,12.0,9.0,62.1,84.9,69.9,0.00,3.45
2015-07-07,69.0,22.0,20.0,15.0,12.0,59.9,73.8,64.0,0.00,3.11
2015-07-08,67.0,15.0,14.0,17.0,21.0,57.7,73.9,63.6,0.00,2.76
2015-07-09,62.0,18.0,17.0,13.0,14.0,59.0,74.1,64.1,0.00,3.34
2015-07-10,75.0,22.0,14.0,15.0,24.0,62.8,71.2,65.3,0.00,4.95
2015-07-11,74.0,21.0,24.0,12.0,17.0,63.0,68.2,65.0,0.00,4.72
2015-07-12,71.0,20.0,17.0,17.0,17.0,63.0,73.8,65.8,0.00,3.34
2015-07-13,57.0,13.0,18.0,11.0,15.0,60.1,75.6,66.5,0.00,3.22
2015-07-14,55.0,22.0,15.0,13.0,5.0,60.1,74.5,65.4,0.00,3.45
2015-07-15,91.0,42.0,26.0,12.0,11.0,58.1,75.6,66.2,0.00,3.22
2015-07-16,70.0,20.0,21.0,18.0,11.0,59.4,72.1,65.1,0.00,3.68
2015-07-17,77.0,46.0,13.0,12.0,6.0,57.6,76.8,65.5,0.00,3.91
2015-07-18,80.0,40.0,17.0,13.0,10.0,59.4,85.6,69.9,0.00,2.76
2015-07-19,235.0,196.0,29.0,5.0,5.0,61.2,91.0,72.1,0.00,2.65
2015-07-20,135.0,79.0,23.0,21.0,12.0,63.5,88.0,70.0,0.00,5.64
2015-07-21,60.0,16.0,12.0,17.0,15.0,59.4,74.7,65.2,0.00,3.80
2015-07-22,88.0,41.0,16.0,19.0,12.0,59.0,70.2,63.8,0.00,4.26
2015-07-23,96.0,46.0,20.0,15.0,15.0,59.0,73.0,64.4,0.00,3.22
2015-07-24,76.0,34.0,20.0,13.0,9.0,59.0,72.3,64.8,0.00,4.03
2015-07-25,48.0,15.0,10.0,11.0,12.0,59.4,70.3,63.5,0.00,4.60
2015-07-26,66.0,23.0,24.0,13.0,6.0,57.9,66.7,61.6,0.00,2.99
2015-07-27,68.0,18.0,21.0,14.0,15.0,56.1,67.1,60.1,0.00,2.76
2015-07-28,46.0,14.0,11.0,10.0,11.0,59.7,75.7,64.9,0.00,3.57
2015-07-29,93.0,35.0,25.0,20.0,13.0,59.5,79.7,66.8,0.00,2.99
2015-07-30,188.0,88.0,21.0,12.0,67.0,61.0,83.3,74.1,0.00,3.91
2015-07-31,201.0,154.0,29.0,11.0,7.0,60.3,86.4,70.1,0.00,2.42
2015-08-01,121.0,70.0,26.0,11.0,14.0,59.7,86.9,69.9,0.00,2.88
2015-08-02,250.0,187.0,25.0,18.0,20.0,59.7,85.6,70.5,0.00,3.34
2015-08-03,154.0,97.0,36.0,10.0,11.0,59.4,76.5,65.5,0.00,2.19
2015-08-04,70.0,21.0,26.0,12.0,11.0,60.4,76.3,65.5,0.00,3.22
2015-08-05,66.0,18.0,23.0,9.0,16.0,58.5,73.8,63.6,0.00,4.03
2015-08-06,111.0,69.0,24.0,12.0,6.0,59.2,68.4,62.6,0.00,3.57
2015-08-07,55.0,21.0,13.0,10.0,11.0,57.9,73.4,64.8,0.00,3.68
2015-08-08,104.0,35.0,36.0,19.0,14.0,59.9,78.4,67.5,0.00,4.83
2015-08-09,96.0,43.0,28.0,16.0,9.0,60.1,71.8,65.2,0.00,4.26
2015-08-10,70.0,37.0,11.0,12.0,10.0,60.6,75.7,67.0,0.00,2.99
2015-08-11,59.0,24.0,16.0,9.0,10.0,59.5,79.0,69.3,0.00,3.68
2015-08-12,56.0,15.0,12.0,13.0,16.0,60.3,82.0,68.2,0.00,2.76
2015-08-13,52.0,21.0,17.0,6.0,8.0,61.7,82.6,69.8,0.00,3.11
2015-08-14,19.0,5.0,7.0,2.0,5.0,60.1,76.1,64.7,0.00,4.72
2015-08-15,57.0,14.0,20.0,15.0,8.0,60.1,69.6,61.7,0.00,4.95
2015-08-16,59.0,15.0,20.0,13.0,11.0,57.9,68.4,60.7,0.00,2.19
2015-08-17,64.0,19.0,18.0,16.0,11.0,58.5,74.7,64.2,0.00,2.99
2015-08-18,77.0,17.0,21.0,19.0,20.0,58.8,75.7,67.6,0.00,3.68
2015-08-19,117.0,61.0,32.0,12.0,12.0,59.9,80.4,67.8,0.00,2.30
2015-08-20,64.0,20.0,23.0,8.0,13.0,59.4,83.3,65.9,0.00,4.14
2015-08-21,60.0,18.0,14.0,14.0,14.0,58.5,71.1,63.0,0.00,4.37
2015-08-22,63.0,18.0,23.0,14.0,8.0,57.6,74.3,62.7,0.00,2.19
2015-08-23,86.0,44.0,18.0,13.0,11.0,57.9,74.8,64.8,0.00,2.53
2015-08-24,102.0,43.0,31.0,13.0,15.0,57.6,77.0,64.2,0.00,2.65
2015-08-25,71.0,19.0,16.0,18.0,18.0,57.6,72.3,63.5,0.00,3.34
2015-08-26,96.0,33.0,33.0,13.0,17.0,57.6,73.0,64.9,0.00,3.11
2015-08-27,71.0,21.0,18.0,19.0,13.0,59.2,74.7,66.1,0.00,2.99
2015-08-28,49.0,20.0,15.0,9.0,5.0,62.4,81.5,67.7,0.00,3.22
2015-08-29,31.0,8.0,10.0,8.0,5.0,63.0,75.9,69.3,0.04,8.52
2015-08-30,40.0,12.0,17.0,5.0,6.0,52.0,75.0,63.2,0.22,8.98
2015-08-31,44.0,9.0,13.0,11.0,11.0,62.1,65.3,63.4,0.00,7.36
2015-09-01,61.0,27.0,34.0,0.0,0.0,59.7,64.9,63.1,0.00,5.75
2015-09-02,73.0,36.0,37.0,0.0,0.0,57.4,65.3,60.4,0.00,5.18
2015-09-03,59.0,31.0,28.0,0.0,0.0,53.8,65.1,57.7,0.00,3.91
2015-09-04,53.0,23.0,30.0,0.0,0.0,52.7,63.9,56.7,0.00,5.29
2015-09-05,56.0,37.0,19.0,0.0,0.0,50.4,64.0,57.2,0.00,3.91
2015-09-06,34.0,16.0,18.0,0.0,0.0,54.1,63.5,57.9,0.00,5.06
2015-09-07,81.0,50.0,31.0,0.0,0.0,56.3,64.2,58.7,0.00,2.53
2015-09-08,64.0,31.0,33.0,0.0,0.0,58.3,67.3,62.2,0.00,4.14
2015-09-09,89.0,40.0,49.0,0.0,0.0,57.7,69.1,62.8,0.00,2.30
2015-09-10,86.0,45.0,41.0,0.0,0.0,58.3,73.6,64.9,0.00,3.80
2015-09-11,60.0,29.0,31.0,0.0,0.0,60.3,74.3,67.0,0.00,4.03
2015-09-12,69.0,36.0,33.0,0.0,0.0,58.1,76.5,65.0,0.00,2.42
2015-09-13,36.0,22.0,14.0,0.0,0.0,61.0,81.0,67.1,0.00,3.68
2015-09-14,72.0,35.0,37.0,0.0,0.0,53.8,60.6,56.4,0.00,4.60
2015-09-15,73.0,38.0,35.0,0.0,0.0,53.2,62.4,57.1,0.00,4.26
2015-09-16,63.0,34.0,29.0,0.0,0.0,52.9,64.9,57.4,0.00,3.68
2015-09-17,32.0,14.0,18.0,0.0,0.0,56.8,65.1,59.7,0.00,2.99
2015-09-18,57.0,30.0,27.0,0.0,0.0,57.4,65.7,60.1,0.00,4.14
2015-09-19,30.0,17.0,13.0,0.0,0.0,59.9,68.5,63.9,0.00,4.95
2015-09-20,77.0,44.0,33.0,0.0,0.0,64.6,70.0,66.8,0.00,6.79
2015-09-21,65.0,30.0,35.0,0.0,0.0,55.4,68.0,59.5,0.00,4.95
2015-09-22,56.0,31.0,25.0,0.0,0.0,52.0,63.3,57.1,0.00,3.68
2015-09-23,72.0,33.0,39.0,0.0,0.0,50.5,67.6,57.8,0.00,3.68
2015-09-24,59.0,31.0,28.0,0.0,0.0,56.1,70.5,62.9,0.00,3.57
2015-09-25,48.0,22.0,26.0,0.0,0.0,56.3,69.4,60.4,0.00,4.49
2015-09-26,55.0,31.0,24.0,0.0,0.0,54.9,60.4,57.4,0.00,3.68
2015-09-27,68.0,40.0,28.0,0.0,0.0,50.4,61.0,55.9,0.00,3.57
2015-09-28,89.0,43.0,46.0,0.0,0.0,52.0,59.9,55.3,0.00,4.14
2015-09-29,60.0,34.0,26.0,0.0,0.0,53.6,66.6,58.8,0.00,3.22
2015-09-30,45.0,20.0,25.0,0.0,0.0,51.8,65.3,57.0,0.00,2.19
2015-10-01,68.0,20.0,23.0,15.0,10.0,52.7,63.5,56.8,0.00,2.30
2015-10-02,63.0,18.0,15.0,9.0,21.0,53.6,62.8,57.5,0.00,3.68
2015-10-03,46.0,8.0,10.0,14.0,14.0,54.7,63.5,58.0,0.00,5.41
2015-10-04,86.0,25.0,22.0,22.0,17.0,54.9,68.4,60.7,0.00,2.76
2015-10-05,61.0,17.0,23.0,8.0,13.0,54.5,68.0,59.7,0.00,2.99
2015-10-06,53.0,14.0,15.0,11.0,13.0,54.0,68.4,59.7,0.00,3.68
2015-10-07,25.0,4.0,7.0,7.0,7.0,58.1,62.6,60.2,0.00,3.91
2015-10-08,44.0,20.0,15.0,4.0,5.0,56.8,61.5,59.4,0.00,3.11
2015-10-09,52.0,20.0,19.0,7.0,6.0,57.6,66.7,61.6,0.00,2.88
2015-10-10,21.0,7.0,9.0,3.0,2.0,61.0,68.5,64.7,0.00,5.64
2015-10-11,59.0,18.0,15.0,14.0,12.0,55.2,63.9,58.4,0.00,4.95
2015-10-12,37.0,18.0,13.0,3.0,3.0,55.6,64.8,59.3,0.00,4.60
2015-10-13,54.0,19.0,17.0,10.0,8.0,54.9,63.5,57.5,0.00,3.68
2015-10-14,52.0,17.0,13.0,11.0,11.0,51.6,60.4,54.9,0.00,2.99
2015-10-15,70.0,21.0,24.0,13.0,12.0,51.4,64.4,55.7,0.00,3.57
2015-10-16,102.0,41.0,34.0,12.0,15.0,52.9,64.6,57.7,0.00,2.99
2015-10-17,49.0,16.0,13.0,12.0,8.0,55.6,62.6,58.8,0.00,1.96
2015-10-18,28.0,11.0,12.0,1.0,4.0,57.2,60.8,58.7,0.00,2.65
2015-10-19,47.0,14.0,15.0,10.0,8.0,57.4,63.3,59.8,0.00,3.57
2015-10-20,69.0,19.0,28.0,12.0,10.0,55.0,61.2,58.4,0.00,4.83
2015-10-21,55.0,14.0,16.0,10.0,15.0,51.1,61.2,55.4,0.00,2.76
2015-10-22,46.0,11.0,15.0,10.0,10.0,52.5,59.0,55.6,0.00,3.11
2015-10-23,40.0,17.0,15.0,3.0,5.0,49.3,59.4,53.3,0.00,2.88
2015-10-24,48.0,15.0,16.0,12.0,5.0,50.4,57.4,52.6,0.00,3.45
2015-10-25,38.0,15.0,16.0,4.0,3.0,52.3,60.1,55.4,0.00,2.30
2015-10-26,30.0,9.0,9.0,7.0,5.0,51.8,57.9,54.9,0.00,6.90
2015-10-27,57.0,14.0,18.0,16.0,9.0,51.6,56.1,54.4,0.00,3.22
2015-10-28,31.0,10.0,10.0,7.0,4.0,54.0,58.1,55.4,0.00,2.76
2015-10-29,46.0,6.0,13.0,14.0,13.0,55.6,59.4,57.0,0.00,4.95
2015-10-30,92.0,43.0,37.0,6.0,6.0,54.3,63.9,59.7,0.00,7.71
2015-10-31,12.0,4.0,6.0,2.0,0.0,54.7,61.9,58.7,0.00,7.13
2015-11-01,31.0,12.0,11.0,4.0,4.0,51.1,56.1,54.1,0.00,7.48
2015-11-02,44.0,14.0,14.0,6.0,10.0,49.6,55.0,52.1,0.00,5.06
2015-11-03,68.0,11.0,16.0,19.0,22.0,46.8,53.2,49.2,0.00,2.30
2015-11-04,50.0,17.0,20.0,7.0,6.0,40.6,52.5,46.2,0.00,4.26
2015-11-05,44.0,5.0,11.0,15.0,13.0,48.0,52.0,49.5,0.00,4.37
2015-11-06,74.0,21.0,33.0,9.0,11.0,48.0,63.0,53.0,0.01,4.37
2015-11-07,29.0,8.0,8.0,4.0,9.0,50.0,63.0,55.1,0.28,5.18
2015-11-08,46.0,13.0,20.0,6.0,7.0,48.2,54.1,51.1,0.00,2.99
2015-11-09,28.0,7.0,16.0,2.0,3.0,47.1,53.6,49.2,0.00,3.22
2015-11-10,47.0,14.0,15.0,8.0,10.0,40.8,51.6,47.1,0.00,3.80
2015-11-11,52.0,14.0,25.0,6.0,7.0,46.9,53.4,50.0,0.00,6.10
2015-11-12,48.0,18.0,15.0,7.0,8.0,49.1,51.8,50.3,0.00,8.63
2015-11-13,21.0,6.0,10.0,2.0,3.0,47.7,57.7,53.2,0.00,7.48
2015-11-14,18.0,4.0,7.0,3.0,4.0,46.0,56.5,49.5,0.00,3.22
2015-11-15,58.0,23.0,20.0,7.0,8.0,39.6,48.7,43.4,0.00,4.72
2015-11-16,38.0,8.0,12.0,11.0,7.0,38.3,48.0,42.7,0.00,4.95
2015-11-17,15.0,4.0,7.0,2.0,2.0,45.0,59.0,51.9,0.00,7.83
2015-11-18,64.0,18.0,25.0,9.0,12.0,42.4,56.3,46.7,0.00,5.06
2015-11-19,56.0,13.0,21.0,12.0,10.0,43.0,48.4,45.8,0.00,3.45
2015-11-20,33.0,9.0,14.0,6.0,4.0,37.2,48.4,41.5,0.00,1.96
2015-11-21,35.0,5.0,14.0,11.0,5.0,39.0,48.0,42.8,0.00,5.06
2015-11-22,80.0,20.0,30.0,17.0,13.0,39.6,49.3,43.3,0.00,3.57
2015-11-23,38.0,8.0,14.0,10.0,6.0,36.3,48.6,41.4,0.00,2.65
2015-11-24,35.0,11.0,12.0,4.0,8.0,40.3,46.6,43.3,0.00,4.72
2015-11-25,42.0,15.0,17.0,4.0,6.0,37.2,46.4,41.9,0.00,5.52
2015-11-26,49.0,13.0,20.0,9.0,7.0,36.3,49.8,41.4,0.00,2.76
2015-11-27,56.0,22.0,16.0,10.0,8.0,34.2,49.6,41.6,0.00,2.53
2015-11-28,48.0,14.0,18.0,8.0,8.0,31.1,47.3,38.7,0.00,3.45
2015-11-29,28.0,5.0,10.0,8.0,5.0,30.6,45.7,36.4,0.00,3.57
2015-11-30,39.0,14.0,11.0,8.0,6.0,30.6,43.7,35.0,0.00,3.22
2020-06-01,119.0,0.0,0.0,51.0,68.0,50.0,68.0,57.8,0.01,2.53
2020-06-02,63.0,0.0,0.0,22.0,41.0,50.0,68.0,59.3,0.00,3.22
2020-06-03,78.0,0.0,0.0,32.0,46.0,50.0,66.0,58.0,0.00,3.22
2020-06-04,104.0,0.0,0.0,39.0,65.0,54.0,69.1,60.1,0.00,3.68
2020-06-05,71.0,0.0,0.0,35.0,36.0,52.0,69.1,58.9,0.00,2.99
2020-06-06,119.0,0.0,0.0,60.0,59.0,52.0,66.9,58.3,0.00,7.13
2020-06-07,221.0,0.0,0.0,99.0,122.0,51.1,64.9,55.5,0.00,5.29
2020-06-08,88.0,0.0,0.0,32.0,56.0,51.1,64.9,58.2,0.00,9.09
2020-06-09,41.0,0.0,0.0,18.0,23.0,52.0,64.9,56.9,0.00,7.48
2020-06-10,98.0,0.0,0.0,44.0,54.0,52.0,73.0,61.5,0.05,4.83
2020-06-11,90.0,0.0,0.0,47.0,43.0,55.9,73.0,63.2,0.03,3.91
2020-06-12,59.0,0.0,0.0,37.0,22.0,54.0,72.0,60.1,0.05,5.29
2020-06-13,59.0,0.0,0.0,30.0,29.0,53.1,64.0,57.3,0.22,4.37
2020-06-14,131.0,0.0,0.0,68.0,63.0,51.1,66.9,56.7,0.01,8.17
2020-06-15,45.0,0.0,0.0,28.0,17.0,51.1,66.9,59.3,0.00,6.90
2020-06-16,89.0,0.0,0.0,41.0,48.0,52.0,66.9,57.7,0.03,5.87
2020-06-17,113.0,0.0,0.0,45.0,68.0,51.1,73.0,61.2,0.00,4.37
2020-06-18,97.0,0.0,0.0,48.0,49.0,51.1,75.0,64.1,0.00,4.03
2020-06-19,73.0,0.0,0.0,33.0,40.0,54.0,80.1,68.6,0.00,3.11
2020-06-20,88.0,0.0,0.0,60.0,28.0,57.9,80.1,68.1,0.00,6.79
2020-06-21,123.0,0.0,0.0,69.0,54.0,57.9,73.9,64.0,0.01,6.79
2020-06-22,75.0,0.0,0.0,36.0,39.0,55.0,78.1,63.7,0.00,3.57
2020-06-23,102.0,0.0,0.0,43.0,59.0,55.0,82.0,69.8,0.00,3.80
2020-06-24,101.0,0.0,0.0,50.0,51.0,60.1,82.0,69.0,0.00,5.18
2020-06-25,99.0,0.0,0.0,38.0,61.0,60.1,78.1,67.7,0.00,4.49
2020-06-26,68.0,0.0,0.0,28.0,40.0,60.1,82.0,70.7,0.00,4.14
2020-06-27,53.0,0.0,0.0,20.0,33.0,55.9,82.0,61.9,0.00,4.72
2020-06-28,124.0,0.0,0.0,66.0,58.0,53.1,69.1,58.1,0.41,4.37
2020-06-29,68.0,0.0,0.0,33.0,35.0,53.1,72.0,62.5,0.09,5.75
2020-06-30,58.0,0.0,0.0,26.0,32.0,55.0,72.0,60.1,0.00,8.63
2020-07-01,53.0,0.0,0.0,25.0,28.0,55.0,66.9,59.1,0.00,10.01
2020-07-02,73.0,0.0,0.0,25.0,48.0,55.0,68.0,59.7,0.00,10.36
2020-07-03,106.0,0.0,0.0,54.0,52.0,57.0,68.0,61.1,0.00,6.33
2020-07-04,96.0,0.0,0.0,45.0,51.0,55.0,71.1,61.4,0.00,3.34
2020-07-05,118.0,0.0,0.0,62.0,56.0,55.0,75.0,64.1,0.00,2.88
2020-07-06,116.0,0.0,0.0,60.0,56.0,55.0,75.0,64.1,0.00,5.29
2020-07-07,64.0,0.0,0.0,29.0,35.0,55.9,72.0,62.2,0.00,8.40
2020-07-08,105.0,0.0,0.0,46.0,59.0,57.0,73.9,63.6,0.00,3.22
2020-07-09,103.0,0.0,0.0,45.0,58.0,59.0,73.9,64.9,0.00,4.60
2020-07-10,78.0,0.0,0.0,32.0,46.0,54.0,73.0,63.0,0.00,4.60
2020-07-11,108.0,0.0,0.0,51.0,57.0,54.0,73.9,63.9,0.00,4.37
2020-07-12,108.0,0.0,0.0,54.0,54.0,55.9,73.0,62.9,0.00,6.90
2020-07-13,96.0,0.0,0.0,38.0,58.0,55.0,75.0,63.8,0.02,5.29
2020-07-14,81.0,0.0,0.0,43.0,38.0,55.0,79.0,66.8,0.00,4.37
2020-07-15,94.0,0.0,0.0,37.0,57.0,55.9,82.0,70.7,0.00,4.03
2020-07-16,82.0,0.0,0.0,41.0,41.0,60.1,82.0,69.9,0.00,4.03
2020-07-17,61.0,0.0,0.0,25.0,36.0,57.9,77.0,65.3,0.01,3.11
2020-07-18,120.0,0.0,0.0,57.0,63.0,55.9,79.0,65.8,0.05,3.91
2020-07-19,86.0,0.0,0.0,37.0,49.0,55.9,82.9,71.2,0.00,4.26
2020-07-20,75.0,0.0,0.0,34.0,41.0,60.1,84.9,73.6,0.00,3.91
2020-07-21,52.0,0.0,0.0,21.0,31.0,63.0,86.0,73.8,0.00,4.37
2020-07-22,101.0,0.0,0.0,47.0,54.0,60.1,81.0,67.5,0.00,5.41
2020-07-23,87.0,0.0,0.0,47.0,40.0,59.0,72.0,64.4,0.00,6.21
2020-07-24,108.0,0.0,0.0,44.0,64.0,57.0,70.0,63.2,0.00,6.10
2020-07-25,163.0,0.0,0.0,45.0,118.0,55.9,75.9,64.9,0.00,4.83
2020-07-26,60.0,0.0,0.0,27.0,33.0,55.9,82.9,69.9,0.00,4.83
2020-07-27,63.0,0.0,0.0,28.0,35.0,60.1,93.0,76.3,0.00,3.11
2020-07-28,69.0,0.0,0.0,29.0,40.0,59.0,93.0,72.0,0.00,5.18
2020-07-29,78.0,0.0,0.0,35.0,43.0,59.0,84.0,70.5,0.00,3.91
2020-07-30,73.0,0.0,0.0,28.0,45.0,60.1,86.0,73.4,0.00,5.52
2020-07-31,60.0,0.0,0.0,25.0,35.0,61.0,86.0,74.4,0.00,5.06
2020-08-01,92.0,0.0,0.0,50.0,42.0,60.1,82.9,66.6,0.00,5.29
2020-08-02,102.0,0.0,0.0,36.0,66.0,59.0,81.0,69.6,0.00,3.57
2020-08-03,82.0,0.0,0.0,38.0,44.0,59.0,82.0,70.0,0.00,5.18
2020-08-04,91.0,0.0,0.0,35.0,56.0,60.1,82.0,71.2,0.00,4.60
2020-08-05,73.0,0.0,0.0,36.0,37.0,62.1,82.9,71.8,0.00,3.91
2020-08-06,51.0,0.0,0.0,23.0,28.0,57.2,81.0,65.0,0.00,8.98
2020-08-07,85.0,0.0,0.0,39.0,46.0,57.9,75.0,63.8,0.05,4.83
2020-08-08,60.0,0.0,0.0,26.0,34.0,57.9,75.0,63.1,0.00,4.03
2020-08-09,115.0,0.0,0.0,61.0,54.0,55.0,75.9,64.1,0.00,3.80
2020-08-10,98.0,0.0,0.0,51.0,47.0,55.0,80.1,68.5,0.00,4.26
2020-08-11,75.0,0.0,0.0,36.0,39.0,57.0,80.1,66.5,0.00,5.41
2020-08-12,84.0,0.0,0.0,41.0,43.0,57.0,75.0,62.8,0.00,5.52
2020-08-13,82.0,0.0,0.0,45.0,37.0,54.0,75.0,63.8,0.00,2.76
2020-08-14,87.0,0.0,0.0,42.0,45.0,54.0,79.0,66.6,0.00,4.37
2020-08-15,75.0,0.0,0.0,35.0,40.0,55.9,84.0,71.7,0.00,4.37
2020-08-16,35.0,0.0,0.0,23.0,12.0,61.0,97.0,77.3,0.00,2.19
2020-08-17,60.0,0.0,0.0,28.0,32.0,64.0,98.1,79.7,0.00,5.64
2020-08-18,69.0,0.0,0.0,26.0,43.0,62.1,90.0,71.7,0.00,4.49
2020-08-19,72.0,0.0,0.0,32.0,40.0,60.1,84.0,70.6,0.00,3.11
2020-08-20,71.0,0.0,0.0,29.0,42.0,60.1,84.0,71.4,0.00,6.67
2020-08-21,44.0,0.0,0.0,22.0,22.0,64.0,80.1,70.0,0.02,7.36
2020-08-22,98.0,0.0,0.0,47.0,51.0,59.0,73.9,66.1,0.00,7.25
2020-08-23,87.0,0.0,0.0,40.0,47.0,55.0,75.9,65.2,0.00,4.03
2020-08-24,67.0,0.0,0.0,32.0,35.0,55.0,75.9,66.2,0.00,3.11
2020-08-25,58.0,0.0,0.0,28.0,30.0,54.0,75.9,65.7,0.00,3.68
2020-08-26,102.0,0.0,0.0,46.0,56.0,54.0,75.9,67.4,0.00,4.49
2020-08-27,82.0,0.0,0.0,41.0,41.0,57.0,79.0,67.2,0.00,3.34
2020-08-28,64.0,0.0,0.0,25.0,39.0,57.0,79.0,67.7,0.00,3.91
2020-08-29,99.0,0.0,0.0,59.0,40.0,57.9,78.1,66.0,0.00,3.57
2020-08-30,128.0,0.0,0.0,67.0,61.0,51.1,73.9,62.5,0.00,4.03
2020-08-31,89.0,0.0,0.0,40.0,49.0,51.1,73.9,61.9,0.00,4.49
2020-09-01,86.0,0.0,0.0,29.0,57.0,55.0,80.1,66.9,0.00,4.26
2020-09-02,93.0,0.0,0.0,40.0,53.0,59.0,80.1,69.3,0.00,4.14
2020-09-03,79.0,0.0,0.0,32.0,47.0,57.9,81.0,68.4,0.00,4.83
2020-09-04,57.0,0.0,0.0,33.0,24.0,57.9,82.9,70.8,0.00,2.53
2020-09-05,99.0,0.0,0.0,54.0,45.0,59.0,84.0,66.3,0.00,5.98
2020-09-06,75.0,0.0,0.0,35.0,40.0,57.0,79.0,65.7,0.00,3.45
2020-09-07,96.0,0.0,0.0,42.0,54.0,57.0,84.0,70.3,0.00,5.06
2020-09-08,46.0,0.0,0.0,25.0,21.0,61.0,84.0,73.1,0.00,6.79
2020-09-09,60.0,0.0,0.0,32.0,28.0,57.9,90.0,71.4,0.00,4.03
2020-09-10,56.0,0.0,0.0,25.0,31.0,57.9,90.0,74.0,0.00,3.11
2020-09-11,20.0,0.0,0.0,9.0,11.0,55.9,89.1,67.8,0.00,4.37
2020-09-12,30.0,0.0,0.0,14.0,16.0,53.1,77.0,60.6,0.00,2.65
2020-09-13,22.0,0.0,0.0,11.0,11.0,50.0,64.0,56.7,0.00,1.73
2020-09-14,13.0,0.0,0.0,5.0,8.0,50.0,70.0,62.0,0.00,1.61
2020-09-15,14.0,0.0,0.0,8.0,6.0,57.9,78.1,66.5,0.05,3.22
2020-09-16,20.0,0.0,0.0,10.0,10.0,60.1,78.1,66.2,0.00,2.65
2020-09-17,20.0,0.0,0.0,12.0,8.0,60.1,73.0,66.3,0.00,3.22
2020-09-18,23.0,0.0,0.0,13.0,10.0,61.0,73.0,64.5,0.00,4.14
2020-09-19,72.0,0.0,0.0,38.0,34.0,60.8,72.0,63.9,0.22,5.29
2020-09-20,120.0,0.0,0.0,54.0,66.0,60.1,73.0,63.4,0.01,3.91
2020-09-21,55.0,0.0,0.0,27.0,28.0,53.1,72.0,61.3,0.00,2.19
2020-09-22,71.0,0.0,0.0,38.0,33.0,53.1,73.9,65.9,0.00,4.37
2020-09-23,18.0,0.0,0.0,7.0,11.0,59.0,73.9,63.3,0.06,7.94
2020-09-24,25.0,0.0,0.0,9.0,16.0,59.0,64.9,61.2,0.70,12.31
2020-09-25,26.0,0.0,0.0,15.0,11.0,55.9,66.0,59.6,0.43,10.82
2020-09-26,61.0,0.0,0.0,26.0,35.0,55.0,66.9,58.9,0.37,7.48
2020-09-27,102.0,0.0,0.0,45.0,57.0,51.8,68.0,59.0,0.02,3.45
2020-09-28,64.0,0.0,0.0,31.0,33.0,52.0,72.0,61.0,0.00,3.91
2020-09-29,71.0,0.0,0.0,33.0,38.0,54.0,77.0,64.1,0.00,3.11
2020-09-30,48.0,0.0,0.0,20.0,28.0,54.0,77.0,63.4,0.00,1.38
2020-10-01,61.0,0.0,0.0,25.0,36.0,54.0,75.0,61.4,0.00,1.50
2020-10-02,48.0,0.0,0.0,21.0,27.0,55.0,73.0,61.9,0.00,1.84
2020-10-03,63.0,0.0,0.0,30.0,33.0,54.0,73.0,59.2,0.00,1.38
2020-10-04,60.0,0.0,0.0,37.0,23.0,54.0,62.1,58.1,0.00,0.69
2020-10-05,62.0,0.0,0.0,30.0,32.0,57.0,66.9,60.5,0.00,2.99
2020-10-06,70.0,0.0,0.0,34.0,36.0,54.0,70.0,60.0,0.00,3.22
2020-10-07,63.0,0.0,0.0,30.0,33.0,54.0,70.0,60.4,0.00,1.61
2020-10-08,61.0,0.0,0.0,26.0,35.0,55.9,68.0,60.4,0.00,5.06
2020-10-09,71.0,0.0,0.0,34.0,37.0,55.9,68.0,61.8,0.00,6.44
2020-10-10,54.0,0.0,0.0,33.0,21.0,55.9,68.0,59.9,0.62,9.90
2020-10-11,32.0,0.0,0.0,16.0,16.0,51.1,64.0,54.2,0.03,8.52
2020-10-12,63.0,0.0,0.0,36.0,27.0,51.1,62.1,57.6,0.21,10.01
2020-10-13,46.0,0.0,0.0,21.0,25.0,50.0,64.0,56.6,0.20,9.32
2020-10-14,79.0,0.0,0.0,35.0,44.0,50.0,64.0,56.6,0.25,7.71
2020-10-15,64.0,0.0,0.0,28.0,36.0,44.1,63.0,53.5,0.00,1.84
2020-10-16,33.0,0.0,0.0,14.0,19.0,44.1,64.9,57.1,0.00,7.83
2020-10-17,58.0,0.0,0.0,33.0,25.0,50.0,64.9,56.8,0.04,6.33
2020-10-18,40.0,0.0,0.0,23.0,17.0,53.1,63.0,57.0,0.00,7.02
2020-10-19,35.0,0.0,0.0,19.0,16.0,53.1,63.0,56.9,0.00,5.87
2020-10-20,80.0,0.0,0.0,45.0,35.0,51.1,60.1,53.5,0.02,3.45
2020-10-21,31.0,0.0,0.0,13.0,18.0,45.0,60.1,50.4,0.04,3.68
2020-10-22,65.0,0.0,0.0,29.0,36.0,39.0,55.0,45.7,0.18,2.53
2020-10-23,16.0,0.0,0.0,8.0,8.0,37.9,51.1,44.8,0.00,5.52
2020-10-24,47.0,0.0,0.0,21.0,26.0,37.9,51.1,47.2,0.05,6.56
2020-10-25,72.0,0.0,0.0,41.0,31.0,33.1,51.1,42.7,0.00,2.76
2020-10-26,45.0,0.0,0.0,17.0,28.0,33.1,52.0,43.3,0.00,2.07
2020-10-27,72.0,0.0,0.0,36.0,36.0,35.1,59.0,51.9,0.00,2.19
2020-10-28,58.0,0.0,0.0,29.0,29.0,45.0,59.0,51.4,0.00,6.10
2020-10-29,45.0,0.0,0.0,17.0,28.0,45.0,62.1,56.1,0.00,4.37
2020-10-30,49.0,0.0,0.0,23.0,26.0,46.9,62.1,54.9,0.00,7.36
2020-10-31,72.0,0.0,0.0,46.0,26.0,39.0,62.1,50.0,0.01,2.88
2020-11-01,125.0,0.0,0.0,68.0,57.0,39.0,60.1,50.7,0.00,2.65
2020-11-02,60.0,0.0,0.0,32.0,28.0,41.0,66.0,51.5,0.00,2.76
2020-11-03,18.0,0.0,0.0,10.0,8.0,37.0,66.9,51.1,0.00,6.10
2020-11-04,31.0,0.0,0.0,15.0,16.0,46.9,64.9,59.8,0.60,9.67
2020-11-05,28.0,0.0,0.0,14.0,14.0,48.9,64.9,57.5,0.03,11.28
2020-11-06,44.0,0.0,0.0,24.0,20.0,46.0,60.1,48.0,0.03,5.41
2020-11-07,40.0,0.0,0.0,19.0,21.0,34.0,51.1,40.6,0.00,3.22
2020-11-08,50.0,0.0,0.0,26.0,24.0,28.9,48.0,41.2,0.00,7.13
2020-11-09,35.0,0.0,0.0,18.0,17.0,28.0,45.0,35.0,0.00,5.06
2020-11-10,19.0,0.0,0.0,9.0,10.0,33.8,46.9,43.1,0.01,6.56
2020-11-11,60.0,0.0,0.0,27.0,33.0,35.1,46.9,41.8,0.00,1.61
2020-11-12,29.0,0.0,0.0,16.0,13.0,35.1,51.1,43.6,0.00,5.41
2020-11-13,38.0,0.0,0.0,20.0,18.0,39.0,53.1,47.8,0.44,13.81
2020-11-14,50.0,0.0,0.0,22.0,28.0,39.9,53.1,45.2,0.18,6.90
2020-11-15,81.0,0.0,0.0,48.0,33.0,39.9,54.0,48.1,0.36,10.36
2020-11-16,11.0,0.0,0.0,7.0,4.0,46.0,54.0,47.6,0.05,5.64
2020-11-17,25.0,0.0,0.0,10.0,15.0,44.1,63.0,49.5,0.26,5.87
2020-11-18,27.0,0.0,0.0,18.0,9.0,44.1,63.0,48.5,0.23,8.06
2020-11-19,43.0,0.0,0.0,22.0,21.0,43.0,50.0,46.2,0.43,10.24
2020-11-20,29.0,0.0,0.0,18.0,11.0,43.0,51.1,46.2,0.00,6.33
2020-11-21,107.0,0.0,0.0,53.0,54.0,43.0,54.0,48.7,0.01,5.06
2020-11-22,103.0,0.0,0.0,55.0,48.0,36.0,54.0,42.5,0.00,4.03
2020-11-23,25.0,0.0,0.0,12.0,13.0,42.8,48.0,44.6,0.04,5.87
2020-11-24,25.0,0.0,0.0,16.0,9.0,37.9,53.1,46.6,0.02,8.40
2020-11-25,47.0,0.0,0.0,23.0,24.0,43.0,53.1,45.4,0.04,6.44
2020-11-26,38.0,0.0,0.0,22.0,16.0,43.0,50.0,45.7,0.05,5.29
2020-11-27,59.0,0.0,0.0,26.0,33.0,43.0,52.0,46.4,0.01,7.25
2020-11-28,31.0,0.0,0.0,17.0,14.0,43.0,52.0,45.7,0.00,4.49
2020-11-29,74.0,0.0,0.0,48.0,26.0,34.0,48.0,38.2,0.00,1.38
2020-11-30,50.0,0.0,0.0,30.0,20.0,34.0,51.1,44.1,0.22,8.52
2020-12-01,50.0,0.0,0.0,26.0,24.0,34.0,51.1,41.0,0.16,3.22
2020-12-02,65.0,0.0,0.0,30.0,35.0,33.1,57.0,42.8,0.00,1.73
2020-12-03,24.0,0.0,0.0,16.0,8.0,32.0,57.0,40.7,0.00,1.50
2020-12-04,59.0,0.0,0.0,29.0,30.0,32.0,54.0,44.7,0.00,2.88
2020-12-05,99.0,0.0,0.0,50.0,49.0,30.0,60.1,41.6,0.00,2.19
2020-12-06,47.0,0.0,0.0,19.0,28.0,30.0,60.1,48.2,0.00,6.21
2020-12-07,36.0,0.0,0.0,20.0,16.0,39.9,54.0,45.8,0.00,5.52
2020-12-08,19.0,0.0,0.0,8.0,11.0,39.9,54.0,50.5,0.00,6.44
2020-12-09,28.0,0.0,0.0,13.0,15.0,46.0,53.1,47.5,0.24,3.68
2020-12-10,45.0,0.0,0.0,26.0,19.0,35.1,50.0,41.0,0.00,2.88
2020-12-11,30.0,0.0,0.0,15.0,15.0,35.1,46.0,42.1,0.00,7.83
2020-12-12,54.0,0.0,0.0,23.0,31.0,30.9,46.0,37.5,0.00,1.84
2020-12-13,21.0,0.0,0.0,12.0,9.0,35.1,44.6,40.0,0.02,4.37
2020-12-14,33.0,0.0,0.0,16.0,17.0,37.0,50.0,43.9,0.06,7.83
2020-12-15,12.0,0.0,0.0,4.0,8.0,41.0,50.0,43.9,0.04,8.98
2020-12-16,20.0,0.0,0.0,9.0,11.0,41.0,48.9,46.4,0.10,9.90
2020-12-17,27.0,0.0,0.0,10.0,17.0,44.1,51.1,47.3,0.30,11.62
2020-12-18,14.0,0.0,0.0,4.0,10.0,44.1,51.8,46.3,0.04,9.67
2020-12-19,24.0,0.0,0.0,12.0,12.0,44.1,52.0,47.9,0.05,10.93
2020-12-20,40.0,0.0,0.0,20.0,20.0,45.0,55.0,50.7,0.15,9.55
2020-12-21,3.0,0.0,0.0,2.0,1.0,39.9,55.9,47.9,0.08,5.64
2020-12-22,0.0,0.0,0.0,0.0,0.0,32.0,55.9,37.9,1.70,3.80
2020-12-23,0.0,0.0,0.0,0.0,0.0,28.0,46.0,35.0,0.00,1.50
2020-12-24,0.0,0.0,0.0,0.0,0.0,26.1,44.1,34.3,0.00,2.76
2020-12-25,0.0,0.0,0.0,0.0,0.0,26.1,46.0,37.0,0.00,2.53
2020-12-26,0.0,0.0,0.0,0.0,0.0,30.9,50.0,44.8,0.24,10.59
2020-12-27,0.0,0.0,0.0,0.0,0.0,37.9,50.0,43.2,0.01,4.03
2020-12-28,0.0,0.0,0.0,0.0,0.0,28.4,46.9,37.1,0.05,1.38
2020-12-29,0.0,0.0,0.0,0.0,0.0,28.9,46.9,38.7,0.00,4.72
2020-12-30,0.0,0.0,0.0,0.0,0.0,34.0,48.0,41.8,0.06,5.87
2020-12-31,0.0,0.0,0.0,0.0,0.0,39.9,51.1,47.9,0.48,12.89
2021-01-01,0.0,0.0,0.0,0.0,0.0,44.1,52.0,47.2,0.02,6.21
2021-01-02,0.0,0.0,0.0,0.0,0.0,44.1,52.0,48.4,0.18,14.61
2021-01-03,0.0,0.0,0.0,0.0,0.0,37.9,48.9,43.9,1.46,11.16
2021-01-04,0.0,0.0,0.0,0.0,0.0,37.9,50.0,45.9,0.16,7.71
2021-01-05,0.0,0.0,0.0,0.0,0.0,39.9,50.0,44.0,0.10,9.21
2021-01-06,0.0,0.0,0.0,0.0,0.0,39.9,52.0,45.7,0.81,6.56
2021-01-07,0.0,0.0,0.0,0.0,0.0,36.0,52.0,44.2,0.12,2.19
2021-01-08,0.0,0.0,0.0,0.0,0.0,39.9,51.1,45.5,0.00,3.80
2021-01-09,1.0,0.0,0.0,1.0,0.0,33.8,44.6,37.7,0.09,0.92
2021-01-10,0.0,0.0,0.0,0.0,0.0,34.0,48.9,43.7,0.02,2.88
2021-01-11,0.0,0.0,0.0,0.0,0.0,39.0,48.9,44.8,0.24,4.49
2021-01-12,0.0,0.0,0.0,0.0,0.0,39.0,55.9,49.4,1.14,7.48
2021-01-13,1.0,0.0,0.0,1.0,0.0,45.0,57.2,50.8,1.49,13.69
2021-01-14,0.0,0.0,0.0,0.0,0.0,36.0,57.0,43.6,0.02,2.65
2021-01-15,0.0,0.0,0.0,0.0,0.0,36.0,54.0,48.2,0.08,3.91
2021-01-16,0.0,0.0,0.0,0.0,0.0,36.0,54.0,41.9,0.03,0.92
2021-01-17,0.0,0.0,0.0,0.0,0.0,36.0,50.0,45.4,0.00,4.26
2021-01-18,0.0,0.0,0.0,0.0,0.0,39.9,50.0,44.6,0.00,1.84
2021-01-19,0.0,0.0,0.0,0.0,0.0,34.0,48.9,39.6,0.00,3.22
2021-01-20,0.0,0.0,0.0,0.0,0.0,33.1,45.0,38.6,0.00,1.96
2021-01-21,0.0,0.0,0.0,0.0,0.0,33.1,46.9,43.5,0.00,1.15
2021-01-22,0.0,0.0,0.0,0.0,0.0,41.0,46.9,43.3,0.01,6.10
2021-01-23,0.0,0.0,0.0,0.0,0.0,25.0,46.9,34.9,0.00,3.11
2021-01-24,0.0,0.0,0.0,0.0,0.0,25.0,43.0,38.9,0.00,6.10
2021-01-25,0.0,0.0,0.0,0.0,0.0,37.0,45.0,40.4,0.02,8.40
2021-01-26,0.0,0.0,0.0,0.0,0.0,30.0,45.0,37.3,0.00,5.98
2021-01-27,0.0,0.0,0.0,0.0,0.0,30.0,46.0,41.8,0.00,5.98
2021-01-28,0.0,0.0,0.0,0.0,0.0,37.0,46.0,42.0,0.02,2.53
2021-01-29,0.0,0.0,0.0,0.0,0.0,37.9,46.9,42.7,0.14,2.19
2021-01-30,0.0,0.0,0.0,0.0,0.0,39.0,48.9,42.8,0.03,4.03
2021-01-31,0.0,0.0,0.0,0.0,0.0,39.9,48.9,45.7,0.05,3.22
2021-02-01,0.0,0.0,0.0,0.0,0.0,42.8,50.0,45.6,0.06,3.80
2021-02-02,0.0,0.0,0.0,0.0,0.0,39.9,50.0,44.6,0.31,7.02
2021-02-03,0.0,0.0,0.0,0.0,0.0,39.0,48.9,42.5,0.26,4.03
2021-02-04,0.0,0.0,0.0,0.0,0.0,39.9,48.9,43.9,0.02,6.10
2021-02-05,0.0,0.0,0.0,0.0,0.0,42.1,53.1,48.1,0.00,8.63
2021-02-06,0.0,0.0,0.0,0.0,0.0,44.1,53.1,46.1,0.00,11.97
2021-02-07,0.0,0.0,0.0,0.0,0.0,39.0,51.1,44.3,0.00,8.52
2021-02-08,0.0,0.0,0.0,0.0,0.0,33.1,48.0,38.9,0.00,5.41
2021-02-09,0.0,0.0,0.0,0.0,0.0,33.1,43.0,38.9,0.06,2.76
2021-02-10,0.0,0.0,0.0,0.0,0.0,27.0,43.0,35.5,0.00,4.14
2021-02-11,0.0,0.0,0.0,0.0,0.0,32.0,41.0,36.0,0.00,4.37
2021-02-12,0.0,0.0,0.0,0.0,0.0,30.0,34.0,31.9,0.00,5.75
2021-02-13,0.0,0.0,0.0,0.0,0.0,24.8,30.2,27.0,0.13,9.90
2021-02-14,0.0,0.0,0.0,0.0,0.0,25.0,36.0,31.0,0.07,7.13
2021-02-15,0.0,0.0,0.0,0.0,0.0,30.0,45.0,36.1,0.10,8.86
2021-02-16,0.0,0.0,0.0,0.0,0.0,33.1,48.9,40.5,0.04,3.11
2021-02-17,0.0,0.0,0.0,0.0,0.0,36.0,50.0,41.0,0.00,3.22
2021-02-18,0.0,0.0,0.0,0.0,0.0,35.1,48.0,39.8,0.02,3.22
2021-02-19,0.0,0.0,0.0,0.0,0.0,39.9,48.0,43.8,0.02,10.01
2021-02-20,0.0,0.0,0.0,0.0,0.0,39.0,50.0,42.8,0.03,6.67
2021-02-21,0.0,0.0,0.0,0.0,0.0,42.1,52.0,46.1,0.00,13.23
2021-02-22,0.0,0.0,0.0,0.0,0.0,42.1,52.0,50.0,0.10,14.73
2021-02-23,0.0,0.0,0.0,0.0,0.0,35.1,52.0,43.2,0.03,5.98
2021-02-24,0.0,0.0,0.0,0.0,0.0,33.1,48.9,38.9,0.13,3.68
2021-02-25,0.0,0.0,0.0,0.0,0.0,33.1,50.0,42.4,0.06,9.67
2021-02-26,0.0,0.0,0.0,0.0,0.0,37.9,52.0,43.6,0.03,7.71
2021-02-27,0.0,0.0,0.0,0.0,0.0,30.9,52.0,39.8,0.06,5.18
2021-02-28,0.0,0.0,0.0,0.0,0.0,30.9,53.1,45.0,0.00,8.17
2021-03-01,0.0,0.0,0.0,0.0,0.0,37.0,57.9,46.4,0.00,4.95
2021-03-02,0.0,0.0,0.0,0.0,0.0,37.0,57.9,46.1,0.00,2.42
2021-03-03,0.0,0.0,0.0,0.0,0.0,33.1,57.0,43.5,0.00,2.53
2021-03-04,0.0,0.0,0.0,0.0,0.0,33.1,57.0,44.2,0.00,5.64
2021-03-05,0.0,0.0,0.0,0.0,0.0,36.0,54.0,47.9,0.19,6.10
2021-03-06,0.0,0.0,0.0,0.0,0.0,41.0,54.0,45.5,0.01,9.32
2021-03-07,0.0,0.0,0.0,0.0,0.0,39.0,51.1,43.9,0.00,9.67
2021-03-08,0.0,0.0,0.0,0.0,0.0,28.9,52.0,38.9,0.18,3.11
2021-03-09,0.0,0.0,0.0,0.0,0.0,28.9,54.0,44.7,0.00,2.30
2021-03-10,0.0,0.0,0.0,0.0,0.0,30.9,54.0,42.0,0.00,3.45
2021-03-11,0.0,0.0,0.0,0.0,0.0,30.9,54.0,43.4,0.00,3.11
2021-03-12,0.0,0.0,0.0,0.0,0.0,30.9,57.0,43.4,0.00,2.30
2021-03-13,0.0,0.0,0.0,0.0,0.0,30.9,60.1,46.0,0.00,3.34
2021-03-14,0.0,0.0,0.0,0.0,0.0,32.0,60.1,46.4,0.00,4.49
2021-03-15,1.0,0.0,0.0,1.0,0.0,36.0,48.0,40.4,0.10,4.14
2021-03-16,24.0,0.0,0.0,12.0,12.0,30.9,51.1,40.6,0.00,2.30
2021-03-17,66.0,0.0,0.0,30.0,36.0,30.9,59.0,43.7,0.00,1.27
2021-03-18,27.0,0.0,0.0,10.0,17.0,32.0,59.0,47.2,0.00,4.03
2021-03-19,23.0,0.0,0.0,11.0,12.0,37.0,55.9,46.1,0.12,7.48
2021-03-20,31.0,0.0,0.0,15.0,16.0,37.0,55.9,46.8,0.08,8.98
2021-03-21,25.0,0.0,0.0,12.0,13.0,39.9,53.1,42.9,0.10,8.75
2021-03-22,35.0,0.0,0.0,14.0,21.0,41.0,48.9,44.1,0.00,7.94
2021-03-23,78.0,0.0,0.0,38.0,40.0,37.0,54.0,44.4,0.16,2.65
2021-03-24,24.0,0.0,0.0,12.0,12.0,37.0,54.0,47.4,0.00,9.21
2021-03-25,46.0,0.0,0.0,21.0,25.0,42.1,53.6,46.2,0.34,4.37
2021-03-26,65.0,0.0,0.0,36.0,29.0,39.9,54.0,46.6,0.12,5.75
2021-03-27,96.0,0.0,0.0,46.0,50.0,39.9,54.0,47.9,0.00,4.72
2021-03-28,10.0,0.0,0.0,6.0,4.0,42.1,54.0,46.9,0.00,10.70
2021-03-29,45.0,0.0,0.0,19.0,26.0,30.9,50.0,41.2,0.34,6.56
2021-03-30,34.0,0.0,0.0,14.0,20.0,30.9,54.0,41.9,0.00,3.57
2021-03-31,26.0,0.0,0.0,14.0,12.0,30.9,59.0,46.5,0.00,2.88
2021-04-01,43.0,0.0,0.0,21.0,22.0,34.0,59.0,48.5,0.00,3.22
2021-04-02,44.0,0.0,0.0,21.0,23.0,39.0,57.0,48.7,0.00,5.18
2021-04-03,59.0,0.0,0.0,23.0,36.0,39.9,62.1,49.7,0.00,4.95
2021-04-04,24.0,0.0,0.0,13.0,11.0,39.9,62.1,48.2,0.00,5.41
2021-04-05,58.0,0.0,0.0,24.0,34.0,33.1,55.0,43.9,0.00,2.88
2021-04-06,87.0,0.0,0.0,43.0,44.0,33.1,60.1,47.3,0.00,3.57
2021-04-07,27.0,0.0,0.0,9.0,18.0,35.1,60.1,47.0,0.00,7.36
2021-04-08,50.0,0.0,0.0,24.0,26.0,39.0,54.0,45.1,0.09,7.94
2021-04-09,26.0,0.0,0.0,10.0,16.0,35.1,54.0,44.1,0.01,8.29
2021-04-10,58.0,0.0,0.0,30.0,28.0,35.1,52.0,45.0,0.01,8.29
2021-04-11,70.0,0.0,0.0,31.0,39.0,32.0,52.0,43.4,0.00,4.72
2021-04-12,39.0,0.0,0.0,15.0,24.0,32.0,57.0,46.3,0.00,5.06
2021-04-13,65.0,0.0,0.0,23.0,42.0,37.0,62.1,52.2,0.00,6.79
2021-04-14,57.0,0.0,0.0,25.0,32.0,41.0,64.9,53.5,0.00,5.41
2021-04-15,72.0,0.0,0.0,29.0,43.0,42.1,73.9,57.5,0.00,2.99
2021-04-16,49.0,0.0,0.0,20.0,29.0,43.0,75.9,60.7,0.00,3.57
2021-04-17,77.0,0.0,0.0,35.0,42.0,46.0,77.0,61.8,0.00,2.76
2021-04-18,87.0,0.0,0.0,33.0,54.0,46.0,78.1,63.1,0.00,2.42
2021-04-19,64.0,0.0,0.0,29.0,35.0,45.0,80.1,60.7,0.00,4.03
2021-04-20,71.0,0.0,0.0,25.0,46.0,45.0,72.0,60.7,0.00,3.11
2021-04-21,77.0,0.0,0.0,35.0,42.0,46.0,71.1,59.1,0.00,3.80
2021-04-22,54.0,0.0,0.0,27.0,27.0,46.0,71.1,56.1,0.00,5.41
2021-04-23,58.0,0.0,0.0,27.0,31.0,45.0,62.1,52.5,0.00,7.36
2021-04-24,6.0,0.0,0.0,2.0,4.0,45.0,60.1,49.6,0.00,7.13
2021-04-25,76.0,0.0,0.0,40.0,36.0,46.4,59.0,50.1,0.10,6.10
2021-04-26,67.0,0.0,0.0,28.0,39.0,44.1,60.1,52.1,0.06,6.10
2021-04-27,71.0,0.0,0.0,27.0,44.0,44.1,60.1,52.9,0.00,5.75
2021-04-28,92.0,0.0,0.0,48.0,44.0,45.0,64.9,55.3,0.00,2.76
2021-04-29,84.0,0.0,0.0,35.0,49.0,48.0,73.9,58.9,0.00,3.22
2021-04-30,41.0,0.0,0.0,25.0,16.0,50.0,73.9,58.4,0.00,10.01
2021-05-01,24.0,0.0,0.0,13.0,11.0,48.0,64.9,54.5,0.03,4.60
2021-05-02,35.0,0.0,0.0,30.0,5.0,44.1,62.1,52.6,0.01,3.34
2021-05-03,33.0,0.0,0.0,19.0,14.0,44.1,62.1,53.0,0.00,5.75
2021-05-04,72.0,0.0,0.0,29.0,43.0,46.0,63.0,54.5,0.08,4.03
2021-05-05,66.0,0.0,0.0,31.0,35.0,46.0,68.0,55.0,0.00,4.60
2021-05-06,37.0,0.0,0.0,11.0,26.0,46.0,68.0,58.2,0.00,7.71
2021-05-07,80.0,0.0,0.0,39.0,41.0,46.0,66.0,50.2,0.00,7.71
2021-05-08,81.0,0.0,0.0,40.0,41.0,44.1,57.9,50.6,0.01,6.90
2021-05-09,143.0,0.0,0.0,78.0,65.0,44.1,63.0,53.7,0.00,4.72
2021-05-10,73.0,0.0,0.0,34.0,39.0,43.0,64.9,55.1,0.00,4.03
2021-05-11,70.0,0.0,0.0,17.0,53.0,43.0,68.0,56.7,0.00,3.91
2021-05-12,40.0,0.0,0.0,23.0,17.0,46.9,69.1,60.6,0.00,4.72
2021-05-13,24.0,0.0,0.0,16.0,8.0,48.9,71.1,59.7,0.00,5.29
2021-05-14,17.0,0.0,0.0,10.0,7.0,48.9,72.0,62.0,0.00,4.72
2021-05-15,2.0,0.0,0.0,1.0,1.0,43.0,73.0,60.9,0.00,4.14
2021-05-16,0.0,0.0,0.0,0.0,0.0,50.0,75.9,63.4,0.00,2.99
2021-05-17,1.0,0.0,0.0,1.0,0.0,51.1,75.9,58.6,0.00,7.36
2021-05-18,0.0,0.0,0.0,0.0,0.0,46.9,62.1,52.9,0.03,11.39
2021-05-19,0.0,0.0,0.0,0.0,0.0,44.1,61.0,49.9,0.25,3.80
2021-05-20,0.0,0.0,0.0,0.0,0.0,44.1,61.0,51.3,0.00,5.87
2021-05-21,0.0,0.0,0.0,0.0,0.0,46.0,62.1,53.4,0.00,5.29
2021-05-22,0.0,0.0,0.0,0.0,0.0,46.0,63.0,53.5,0.00,2.99
2021-05-23,0.0,0.0,0.0,0.0,0.0,46.9,63.0,57.0,0.00,7.60
2021-05-24,0.0,0.0,0.0,0.0,0.0,51.1,63.0,54.5,0.00,9.90
2021-05-25,0.0,0.0,0.0,0.0,0.0,50.0,63.0,57.3,0.01,4.83
2021-05-26,0.0,0.0,0.0,0.0,0.0,51.1,64.0,56.7,0.00,7.25
2021-05-27,0.0,0.0,0.0,0.0,0.0,51.1,64.0,56.6,0.02,7.94
2021-05-28,0.0,0.0,0.0,0.0,0.0,50.0,64.0,54.2,0.16,8.29
2021-05-29,0.0,0.0,0.0,0.0,0.0,46.9,70.0,56.6,0.00,4.95
2021-05-30,0.0,0.0,0.0,0.0,0.0,46.9,71.1,61.4,0.00,3.68
2021-05-31,0.0,0.0,0.0,0.0,0.0,52.0,78.1,64.0,0.00,3.68
2021-06-01,0.0,0.0,0.0,0.0,0.0,53.1,82.9,71.0,0.00,3.34
2021-06-02,0.0,0.0,0.0,0.0,0.0,57.9,86.0,73.6,0.00,2.30
2021-06-03,49.0,0.0,0.0,18.0,31.0,57.0,86.0,67.8,0.00,4.60
2021-06-04,78.0,0.0,0.0,34.0,44.0,53.1,78.1,61.1,0.00,6.56
2021-06-05,78.0,0.0,0.0,40.0,38.0,53.1,69.1,60.9,0.00,10.36
2021-06-06,42.0,0.0,0.0,24.0,18.0,50.0,66.9,53.0,0.00,9.21
2021-06-07,73.0,0.0,0.0,34.0,39.0,45.0,62.1,51.6,0.56,5.75
2021-06-08,87.0,0.0,0.0,36.0,51.0,45.0,68.0,57.5,0.08,2.65
2021-06-09,85.0,0.0,0.0,33.0,52.0,48.0,68.0,57.2,0.00,7.25
2021-06-10,66.0,0.0,0.0,22.0,44.0,48.0,68.0,57.9,0.00,5.75
2021-06-11,25.0,0.0,0.0,4.0,21.0,48.9,66.0,58.1,0.00,3.34
2021-06-12,90.0,0.0,0.0,31.0,59.0,52.0,73.0,60.4,0.28,2.65
2021-06-13,22.0,0.0,0.0,9.0,13.0,52.0,73.0,62.8,0.15,2.88
2021-06-14,37.0,0.0,0.0,12.0,25.0,57.9,64.9,61.1,0.42,2.99
2021-06-15,87.0,0.0,0.0,39.0,48.0,55.0,69.1,61.5,0.01,7.60
2021-06-16,94.0,0.0,0.0,43.0,51.0,54.0,71.1,61.4,0.00,6.79
2021-06-17,100.0,0.0,0.0,40.0,60.0,54.0,78.1,64.7,0.00,3.11
2021-06-18,76.0,0.0,0.0,29.0,47.0,54.0,78.1,64.7,0.00,4.95
2021-06-19,68.0,0.0,0.0,31.0,37.0,54.0,77.0,63.6,0.00,3.45
2021-06-20,60.0,0.0,0.0,29.0,31.0,54.0,79.0,68.4,0.00,5.64
2021-06-21,51.0,0.0,0.0,16.0,35.0,60.1,88.0,73.9,0.00,3.91
2021-06-22,65.0,0.0,0.0,26.0,39.0,60.1,88.0,71.7,0.00,5.75
2021-06-23,85.0,0.0,0.0,32.0,53.0,55.9,78.1,65.2,0.00,5.64
2021-06-24,65.0,0.0,0.0,26.0,39.0,55.9,82.0,68.6,0.00,3.91
2021-06-25,55.0,0.0,0.0,19.0,36.0,57.9,87.1,73.9,0.00,4.49
2021-06-26,41.0,0.0,0.0,10.0,31.0,63.0,99.0,81.9,0.00,3.80
2021-06-27,22.0,0.0,0.0,4.0,18.0,69.1,99.0,85.5,0.00,4.72
2021-06-28,12.0,0.0,0.0,1.0,11.0,72.0,104.0,88.9,0.00,4.83
2021-06-29,43.0,0.0,0.0,17.0,26.0,63.0,104.0,79.0,0.00,7.25
2021-06-30,95.0,0.0,0.0,36.0,59.0,61.0,84.9,69.2,0.00,8.06
2021-07-01,141.0,0.0,0.0,60.0,81.0,61.0,75.0,67.6,0.00,5.87
2021-07-02,129.0,0.0,0.0,59.0,70.0,61.0,78.1,67.9,0.00,4.49
2021-07-03,132.0,0.0,0.0,58.0,74.0,61.0,82.9,70.7,0.00,2.65
2021-07-04,54.0,0.0,0.0,24.0,30.0,57.9,82.9,68.8,0.00,5.75
2021-07-05,103.0,0.0,0.0,52.0,51.0,57.0,78.1,65.0,0.00,5.41
2021-07-06,102.0,0.0,0.0,41.0,61.0,57.0,81.0,66.3,0.00,2.76
2021-07-07,112.0,0.0,0.0,45.0,67.0,57.9,81.0,66.6,0.00,7.36
2021-07-08,64.0,0.0,0.0,22.0,42.0,54.0,72.0,61.3,0.00,4.83
2021-07-09,78.0,0.0,0.0,32.0,46.0,54.0,80.1,66.6,0.00,4.03
2021-07-10,83.0,0.0,0.0,35.0,48.0,55.9,80.1,68.2,0.00,4.03
2021-07-11,79.0,0.0,0.0,29.0,50.0,57.9,80.1,68.4,0.00,3.80
2021-07-12,60.0,0.0,0.0,26.0,34.0,57.0,82.0,69.1,0.00,4.49
2021-07-13,74.0,0.0,0.0,25.0,49.0,55.9,82.0,67.8,0.00,3.80
2021-07-14,100.0,0.0,0.0,41.0,59.0,55.0,82.0,65.8,0.00,4.14
2021-07-15,83.0,0.0,0.0,32.0,51.0,55.0,75.9,62.8,0.00,6.33
2021-07-16,79.0,0.0,0.0,30.0,49.0,55.0,71.1,62.7,0.00,5.87
2021-07-17,104.0,0.0,0.0,37.0,67.0,55.9,75.0,64.9,0.00,5.41
2021-07-18,66.0,0.0,0.0,26.0,40.0,55.9,79.0,66.9,0.00,4.03
2021-07-19,37.0,0.0,0.0,14.0,23.0,57.9,82.9,68.8,0.00,3.45
2021-07-20,49.0,0.0,0.0,19.0,30.0,59.0,82.9,65.9,0.00,4.03
2021-07-21,77.0,0.0,0.0,32.0,45.0,57.0,72.0,63.3,0.00,4.03
2021-07-22,102.0,0.0,0.0,43.0,59.0,57.0,75.0,65.3,0.00,4.37
2021-07-23,74.0,0.0,0.0,28.0,46.0,55.0,78.1,66.3,0.00,4.26
2021-07-24,60.0,0.0,0.0,24.0,36.0,55.0,82.0,70.5,0.00,4.60
2021-07-25,70.0,0.0,0.0,34.0,36.0,61.0,84.0,71.8,0.00,4.26
2021-07-26,55.0,0.0,0.0,20.0,35.0,61.0,84.0,70.1,0.00,3.80
2021-07-27,84.0,0.0,0.0,32.0,52.0,61.0,82.9,71.7,0.00,3.34
2021-07-28,82.0,0.0,0.0,25.0,57.0,62.1,84.9,72.9,0.00,4.14
2021-07-29,102.0,0.0,0.0,35.0,67.0,62.1,87.1,73.9,0.00,3.91
2021-07-30,60.0,0.0,0.0,21.0,39.0,60.1,88.0,73.8,0.00,4.83
2021-07-31,73.0,0.0,0.0,34.0,39.0,60.1,88.0,73.4,0.00,4.26
2021-08-01,78.0,0.0,0.0,41.0,37.0,64.9,82.0,70.0,0.00,3.11
2021-08-02,55.0,0.0,0.0,22.0,33.0,60.1,82.0,69.6,0.00,4.49
2021-08-03,83.0,0.0,0.0,43.0,40.0,60.1,82.9,72.0,0.00,3.80
2021-08-04,74.0,0.0,0.0,24.0,50.0,60.1,84.9,71.0,0.02,4.26
2021-08-05,59.0,0.0,0.0,31.0,28.0,60.1,84.9,73.2,0.00,2.99
2021-08-06,45.0,0.0,0.0,22.0,23.0,64.0,84.0,69.0,0.00,6.56
2021-08-07,81.0,0.0,0.0,37.0,44.0,63.0,78.1,67.7,0.00,9.44
2021-08-08,45.0,0.0,0.0,16.0,29.0,55.9,77.0,63.9,0.31,6.33
2021-08-09,69.0,0.0,0.0,28.0,41.0,55.9,77.0,65.5,0.00,4.37
2021-08-10,78.0,0.0,0.0,31.0,47.0,57.0,84.0,70.4,0.00,4.95
2021-08-11,61.0,0.0,0.0,20.0,41.0,60.1,90.0,76.0,0.00,4.37
2021-08-12,44.0,0.0,0.0,13.0,31.0,63.0,90.0,78.3,0.00,4.26
2021-08-13,12.0,0.0,0.0,3.0,9.0,68.0,91.9,79.4,0.00,2.65
2021-08-14,40.0,0.0,0.0,15.0,25.0,63.0,91.9,74.5,0.00,4.95
2021-08-15,38.0,0.0,0.0,15.0,23.0,61.0,82.9,71.3,0.00,2.99
2021-08-16,57.0,0.0,0.0,25.0,32.0,61.0,82.0,68.5,0.00,5.41
2021-08-17,65.0,0.0,0.0,28.0,37.0,55.9,75.9,60.6,0.00,5.52
2021-08-18,81.0,0.0,0.0,28.0,53.0,54.0,77.0,63.9,0.00,2.88
2021-08-19,49.0,0.0,0.0,21.0,28.0,54.0,79.0,67.3,0.00,3.91
2021-08-20,48.0,0.0,0.0,20.0,28.0,57.0,79.0,63.7,0.00,7.60
2021-08-21,57.0,0.0,0.0,20.0,37.0,55.9,70.0,60.9,0.00,3.34
2021-08-22,67.0,0.0,0.0,28.0,39.0,55.9,70.0,63.1,0.00,7.36
2021-08-23,99.0,0.0,0.0,38.0,61.0,53.6,70.0,60.7,0.00,6.10
2021-08-24,73.0,0.0,0.0,30.0,43.0,54.0,75.9,64.2,0.00,3.80
2021-08-25,73.0,0.0,0.0,29.0,44.0,52.0,77.0,66.0,0.00,4.03
2021-08-26,67.0,0.0,0.0,31.0,36.0,52.0,77.0,64.3,0.00,7.71
2021-08-27,62.0,0.0,0.0,29.0,33.0,57.2,68.0,62.1,0.03,6.21
2021-08-28,38.0,0.0,0.0,14.0,24.0,54.0,75.9,62.9,0.00,3.22
2021-08-29,87.0,0.0,0.0,40.0,47.0,54.0,77.0,66.0,0.00,4.03
2021-08-30,36.0,0.0,0.0,16.0,20.0,51.1,77.0,61.1,0.00,5.41
2021-08-31,53.0,0.0,0.0,15.0,38.0,51.1,66.9,58.9,0.00,6.44
2021-09-01,47.0,0.0,0.0,12.0,35.0,46.0,71.1,58.8,0.00,3.11
2021-09-02,69.0,0.0,0.0,30.0,39.0,46.0,75.9,62.6,0.00,3.57
2021-09-03,71.0,0.0,0.0,29.0,42.0,50.0,77.0,64.7,0.00,2.88
2021-09-04,55.0,0.0,0.0,21.0,34.0,50.0,79.0,65.8,0.00,4.95
2021-09-05,63.0,0.0,0.0,24.0,39.0,53.1,79.0,69.8,0.00,4.26
2021-09-06,88.0,0.0,0.0,29.0,59.0,60.1,79.0,65.8,0.00,3.68
2021-09-07,54.0,0.0,0.0,17.0,37.0,55.9,77.0,65.6,0.00,3.57
2021-09-08,58.0,0.0,0.0,16.0,42.0,55.9,80.1,70.4,0.00,4.83
2021-09-09,63.0,0.0,0.0,18.0,45.0,57.9,81.0,68.8,0.00,3.34
2021-09-10,48.0,0.0,0.0,19.0,29.0,57.9,81.0,64.7,0.00,5.75
2021-09-11,75.0,0.0,0.0,29.0,46.0,57.0,72.0,63.1,0.00,6.44
2021-09-12,40.0,0.0,0.0,26.0,14.0,55.4,70.0,62.0,0.00,3.45
2021-09-13,51.0,0.0,0.0,19.0,32.0,55.9,69.1,61.6,0.01,3.45
2021-09-14,47.0,0.0,0.0,14.0,33.0,50.0,71.1,60.7,0.00,3.80
2021-09-15,67.0,0.0,0.0,25.0,42.0,50.0,71.1,60.8,0.00,4.14
2021-09-16,59.0,0.0,0.0,20.0,39.0,48.0,66.0,57.1,0.00,3.45
2021-09-17,20.0,0.0,0.0,8.0,12.0,46.0,66.0,57.5,0.00,4.49
2021-09-18,32.0,0.0,0.0,17.0,15.0,54.0,69.1,59.8,0.50,9.09
2021-09-19,41.0,0.0,0.0,21.0,20.0,52.0,64.9,56.8,0.24,8.06
2021-09-20,70.0,0.0,0.0,30.0,40.0,52.0,69.1,59.4,0.00,5.52
2021-09-21,80.0,0.0,0.0,32.0,48.0,52.0,73.9,61.3,0.00,2.42
2021-09-22,47.0,0.0,0.0,20.0,27.0,52.0,73.9,61.8,0.00,1.84
2021-09-23,76.0,0.0,0.0,23.0,53.0,55.0,68.0,60.9,0.00,3.80
2021-09-24,54.0,0.0,0.0,16.0,38.0,53.1,73.0,61.1,0.00,3.11
2021-09-25,67.0,0.0,0.0,23.0,44.0,52.0,78.1,64.1,0.00,2.99
2021-09-26,34.0,0.0,0.0,22.0,12.0,52.0,78.1,60.4,0.00,7.60
2021-09-27,25.0,0.0,0.0,9.0,16.0,53.1,64.0,58.1,0.33,9.67
2021-09-28,36.0,0.0,0.0,14.0,22.0,52.0,64.0,55.9,0.40,10.01
2021-09-29,39.0,0.0,0.0,16.0,23.0,52.0,64.0,55.5,0.07,7.36
2021-09-30,26.0,0.0,0.0,9.0,17.0,52.0,64.0,58.1,0.10,7.83
2021-10-01,52.0,0.0,0.0,19.0,33.0,52.0,64.0,56.7,0.14,4.60
2021-10-02,46.0,0.0,0.0,15.0,31.0,46.9,66.9,54.9,0.00,2.76
2021-10-03,32.0,0.0,0.0,15.0,17.0,46.9,66.9,56.9,0.00,5.29
2021-10-04,41.0,0.0,0.0,18.0,23.0,52.0,63.0,55.6,0.00,1.84
2021-10-05,14.0,0.0,0.0,3.0,11.0,50.0,63.0,54.6,0.00,5.87
2021-10-06,6.0,0.0,0.0,1.0,5.0,45.0,59.0,50.6,0.15,8.06
2021-10-07,9.0,0.0,0.0,3.0,6.0,45.0,59.0,51.2,0.01,3.80
2021-10-08,5.0,0.0,0.0,2.0,3.0,39.9,59.0,48.1,0.00,2.88
2021-10-09,7.0,0.0,0.0,7.0,0.0,39.9,59.0,50.0,0.00,6.33
2021-10-10,2.0,0.0,0.0,1.0,1.0,42.1,57.9,52.5,0.00,7.71
2021-10-11,8.0,0.0,0.0,5.0,3.0,39.9,55.9,46.8,0.11,3.91
2021-10-12,4.0,0.0,0.0,0.0,4.0,35.1,54.0,43.2,0.03,5.98
2021-10-13,16.0,0.0,0.0,4.0,12.0,35.1,54.0,47.4,0.00,4.95
2021-10-14,6.0,0.0,0.0,1.0,5.0,45.0,60.1,51.0,0.01,7.25
2021-10-15,3.0,0.0,0.0,1.0,2.0,46.9,61.0,54.9,0.00,9.32
2021-10-16,12.0,0.0,0.0,6.0,6.0,52.0,68.0,58.9,0.00,7.94
2021-10-17,11.0,0.0,0.0,2.0,9.0,52.0,68.0,55.6,0.00,4.72
2021-10-18,15.0,0.0,0.0,2.0,13.0,50.0,57.0,52.2,0.00,2.53
2021-10-19,11.0,0.0,0.0,5.0,6.0,43.0,61.0,52.2,0.00,1.38
2021-10-20,0.0,0.0,0.0,0.0,0.0,43.0,62.1,55.2,0.01,5.87
2021-10-21,0.0,0.0,0.0,0.0,0.0,46.0,69.1,56.4,0.10,6.67
2021-10-22,1.0,0.0,0.0,1.0,0.0,46.0,69.1,54.7,0.43,6.44
2021-10-23,0.0,0.0,0.0,0.0,0.0,48.0,57.0,50.7,0.02,5.87
2021-10-24,0.0,0.0,0.0,0.0,0.0,48.0,60.1,53.6,0.09,7.83
2021-10-25,0.0,0.0,0.0,0.0,0.0,48.0,60.1,54.7,0.22,16.57
2021-10-26,0.0,0.0,0.0,0.0,0.0,48.0,59.0,51.6,0.03,11.39
2021-10-27,2.0,0.0,0.0,1.0,1.0,48.0,57.0,51.9,0.05,10.93
2021-10-28,3.0,0.0,0.0,1.0,2.0,48.0,61.0,53.3,0.07,7.48
2021-10-29,14.0,0.0,0.0,12.0,2.0,46.4,54.0,50.2,1.19,2.19
2021-10-30,33.0,0.0,0.0,24.0,9.0,39.0,55.0,46.2,0.03,3.80
