date,_39th_ave_ne_greenway_at_ne_62nd_st_total,north,south,temp_min,temp_max,temp_avg,precipitation,wind_speed_avg
2014-01-01,113.0,50.0,63.0,39.7,45.9,43.0,0.00,3.57
2014-01-02,143.0,60.0,83.0,43.3,51.1,45.2,0.00,4.72
2014-01-03,161.0,82.0,79.0,40.8,50.5,45.3,0.00,5.18
2014-01-04,167.0,80.0,87.0,38.8,45.9,41.7,0.00,2.99
2014-01-05,110.0,51.0,59.0,34.3,45.1,39.2,0.00,2.76
2014-01-06,210.0,94.0,116.0,34.9,44.4,39.8,0.00,3.68
2014-01-07,185.0,81.0,104.0,41.2,47.3,43.5,0.00,4.49
2014-01-08,180.0,81.0,99.0,45.9,49.1,47.1,0.00,6.10
2014-01-09,152.0,76.0,76.0,43.0,49.3,45.7,0.00,7.13
2014-01-10,173.0,74.0,99.0,43.9,48.7,47.5,0.00,11.62
2014-01-11,78.0,35.0,43.0,40.3,55.8,48.8,0.00,11.39
2014-01-12,79.0,35.0,44.0,41.9,50.9,45.8,0.00,6.44
2014-01-13,212.0,102.0,110.0,49.8,52.5,50.6,0.00,10.36
2014-01-14,213.0,99.0,114.0,47.7,52.2,49.8,0.00,3.80
2014-01-15,246.0,122.0,124.0,45.3,48.0,46.6,0.00,2.76
2014-01-16,188.0,86.0,102.0,41.5,48.4,44.0,0.00,3.91
2014-01-17,204.0,93.0,111.0,39.6,44.6,41.4,0.00,2.65
2014-01-18,104.0,37.0,67.0,35.2,45.7,40.0,0.00,3.68
2014-01-19,102.0,47.0,55.0,38.1,45.1,41.4,0.00,2.99
2014-01-20,163.0,68.0,95.0,39.2,47.3,41.8,0.00,3.80
2014-01-21,188.0,89.0,99.0,34.0,48.6,41.0,0.00,3.22
2014-01-22,204.0,92.0,112.0,44.1,49.5,46.1,0.00,3.57
2014-01-23,205.0,90.0,115.0,41.0,47.8,44.3,0.00,4.95
2014-01-24,205.0,92.0,113.0,39.4,51.8,43.6,0.00,3.34
2014-01-25,181.0,67.0,114.0,36.1,50.4,42.1,0.00,3.11
2014-01-26,153.0,64.0,89.0,37.0,47.1,41.2,0.00,2.42
2014-01-27,182.0,75.0,107.0,36.1,44.1,39.3,0.00,3.34
2014-01-28,190.0,87.0,103.0,41.2,47.3,44.6,0.00,2.07
2014-01-29,180.0,76.0,104.0,44.6,50.7,47.2,0.00,3.80
2014-01-30,184.0,83.0,101.0,44.2,46.6,45.5,0.00,7.94
2014-01-31,148.0,52.0,96.0,40.3,45.3,42.8,0.00,5.64
2014-02-01,130.0,77.0,53.0,40.6,44.8,42.4,0.00,1.96
2014-02-02,107.0,35.0,72.0,33.4,45.1,39.5,0.00,2.76
2014-02-03,198.0,83.0,115.0,36.3,43.5,38.9,0.00,6.79
2014-02-04,190.0,75.0,115.0,33.1,38.1,35.6,0.00,4.83
2014-02-05,170.0,70.0,100.0,24.8,35.6,29.5,0.00,5.98
2014-02-06,135.0,56.0,79.0,23.2,30.2,25.6,0.00,5.64
2014-02-07,144.0,65.0,79.0,24.6,36.7,28.7,0.00,4.60
2014-02-08,112.0,50.0,62.0,31.3,40.8,34.6,0.00,4.26
2014-02-09,67.0,37.0,30.0,31.5,38.8,34.0,0.00,1.61
2014-02-10,121.0,41.0,80.0,37.2,48.7,40.1,0.00,4.14
2014-02-11,209.0,85.0,124.0,46.0,51.1,47.8,0.00,5.98
2014-02-12,195.0,93.0,102.0,45.5,52.5,49.5,0.00,10.70
2014-02-13,207.0,97.0,110.0,45.9,54.9,49.3,0.00,10.01
2014-02-14,169.0,78.0,91.0,43.9,54.0,49.2,0.00,7.71
2014-02-15,83.0,34.0,49.0,40.5,52.0,45.0,0.00,4.14
2014-02-16,99.0,32.0,67.0,40.1,50.5,44.3,0.00,11.05
2014-02-17,83.0,34.0,49.0,40.5,47.5,43.7,0.00,10.70
2014-02-18,128.0,56.0,72.0,42.4,47.3,44.6,0.00,8.40
2014-02-19,182.0,87.0,95.0,39.6,48.4,42.8,0.00,8.86
2014-02-20,152.0,66.0,86.0,41.9,50.0,45.2,0.00,7.71
2014-02-21,155.0,75.0,80.0,40.6,49.6,43.1,0.00,4.95
2014-02-22,55.0,26.0,29.0,36.9,42.1,39.7,0.00,3.11
2014-02-23,72.0,25.0,47.0,39.2,44.1,41.8,0.00,5.41
2014-02-24,136.0,53.0,83.0,37.8,42.1,39.4,0.00,4.49
2014-02-25,183.0,72.0,111.0,40.5,49.6,42.8,0.00,5.41
2014-02-26,207.0,93.0,114.0,41.5,51.8,45.5,0.00,3.57
2014-02-27,224.0,101.0,123.0,43.9,51.1,46.7,0.00,4.26
2014-02-28,194.0,88.0,106.0,45.1,52.2,47.9,0.00,3.57
2014-03-01,113.0,68.0,45.0,39.9,52.5,45.4,0.00,7.02
2014-03-02,63.0,18.0,45.0,36.9,43.0,39.4,0.00,7.60
2014-03-03,160.0,56.0,104.0,42.4,56.1,47.9,0.00,7.48
2014-03-04,201.0,76.0,125.0,43.7,55.8,49.0,0.00,5.75
2014-03-05,177.0,76.0,101.0,49.6,57.6,52.7,0.00,6.10
2014-03-06,167.0,76.0,91.0,50.9,56.3,53.4,0.00,9.21
2014-03-07,177.0,86.0,91.0,48.2,58.1,51.1,0.00,8.29
2014-03-08,89.0,32.0,57.0,46.0,59.4,50.6,0.00,3.22
2014-03-09,127.0,52.0,75.0,47.3,57.9,52.6,0.00,6.44
2014-03-10,155.0,64.0,91.0,46.8,53.1,48.6,0.00,4.14
2014-03-11,247.0,100.0,147.0,42.8,52.0,47.7,0.00,3.45
2014-03-12,266.0,131.0,135.0,41.4,54.7,47.2,0.00,3.68
2014-03-13,237.0,113.0,124.0,44.1,56.7,49.3,0.00,2.99
2014-03-14,171.0,75.0,96.0,49.5,57.0,52.6,0.00,8.40
2014-03-15,125.0,58.0,67.0,46.0,59.5,50.7,0.00,4.95
2014-03-16,78.0,18.0,60.0,46.6,56.7,50.1,0.00,5.18
2014-03-17,229.0,92.0,137.0,40.5,50.0,44.3,0.00,4.95
2014-03-18,260.0,113.0,147.0,40.5,48.7,44.6,0.00,4.60
2014-03-19,182.0,80.0,102.0,45.3,50.0,47.9,0.00,6.21
2014-03-20,224.0,106.0,118.0,38.7,48.7,42.3,0.00,5.64
2014-03-21,221.0,98.0,123.0,40.5,50.2,44.9,0.00,4.26
2014-03-22,144.0,51.0,93.0,37.4,48.6,43.4,0.00,4.14
2014-03-23,216.0,113.0,103.0,43.2,51.3,46.5,0.00,4.95
2014-03-24,263.0,122.0,141.0,43.7,57.0,47.9,0.00,3.91
2014-03-25,206.0,93.0,113.0,48.0,62.1,54.7,0.00,4.37
2014-03-26,188.0,89.0,99.0,44.6,54.9,48.2,0.00,5.06
2014-03-27,197.0,95.0,102.0,45.9,54.5,48.4,0.00,4.14
2014-03-28,135.0,49.0,86.0,46.2,54.0,49.4,0.00,6.67
2014-03-29,88.0,33.0,55.0,46.6,53.8,49.5,0.00,6.44
2014-03-30,153.0,73.0,80.0,44.6,52.0,48.0,0.00,7.94
2014-03-31,255.0,128.0,127.0,41.2,57.6,47.4,0.00,4.49
2014-04-01,269.0,115.0,154.0,45.7,57.2,50.7,0.00,5.75
2014-04-02,268.0,137.0,131.0,46.2,57.7,50.4,0.00,4.95
2014-04-03,206.0,93.0,113.0,46.6,58.8,51.0,0.00,5.18
2014-04-04,224.0,112.0,112.0,45.1,55.8,49.2,0.00,6.90
2014-04-05,102.0,40.0,62.0,47.1,54.1,50.0,0.00,4.95
2014-04-06,132.0,73.0,59.0,47.7,52.9,50.6,0.00,5.06
2014-04-07,280.0,148.0,132.0,50.9,64.6,54.9,0.00,3.80
2014-04-08,246.0,107.0,139.0,51.3,69.8,57.7,0.00,5.52
2014-04-09,284.0,138.0,146.0,46.8,56.7,49.8,0.00,5.41
2014-04-10,268.0,133.0,135.0,46.0,55.4,50.3,0.00,4.03
2014-04-11,277.0,146.0,131.0,46.8,57.6,51.6,0.00,4.37
2014-04-12,183.0,87.0,96.0,47.5,59.2,52.0,0.00,4.83
2014-04-13,244.0,128.0,116.0,46.9,64.2,54.6,0.00,5.18
2014-04-14,267.0,128.0,139.0,47.1,66.7,55.0,0.00,3.45
2014-04-15,227.0,102.0,125.0,48.0,63.7,53.8,0.00,5.29
2014-04-16,182.0,75.0,107.0,49.3,57.4,51.5,0.00,7.25
2014-04-17,134.0,63.0,71.0,51.3,53.4,52.2,0.00,6.67
2014-04-18,221.0,113.0,108.0,44.4,54.9,48.9,0.00,5.75
2014-04-19,105.0,47.0,58.0,45.9,55.4,50.1,0.00,5.87
2014-04-20,143.0,78.0,65.0,46.2,56.8,50.8,0.00,7.71
2014-04-21,321.0,147.0,174.0,49.1,60.6,54.1,0.00,2.76
2014-04-22,238.0,112.0,126.0,42.4,58.5,48.6,0.00,6.44
2014-04-23,228.0,105.0,123.0,45.1,52.7,48.2,0.00,7.36
2014-04-24,219.0,106.0,113.0,49.3,54.3,51.6,0.00,9.32
2014-04-25,270.0,137.0,133.0,44.8,54.7,49.4,0.00,6.33
2014-04-26,168.0,77.0,91.0,45.0,58.1,50.8,0.00,5.75
2014-04-27,140.0,62.0,78.0,46.0,57.2,49.1,0.00,9.09
2014-04-28,273.0,127.0,146.0,44.4,57.0,49.4,0.00,5.64
2014-04-29,346.0,159.0,187.0,48.9,68.0,55.2,0.00,2.88
2014-04-30,326.0,166.0,160.0,51.3,75.9,61.9,0.00,4.14
2014-05-01,356.0,181.0,175.0,54.7,79.0,65.1,0.00,3.34
2014-05-02,312.0,150.0,162.0,57.6,72.1,64.6,0.00,5.06
2014-05-03,174.0,59.0,115.0,51.8,65.7,56.3,0.00,6.21
2014-05-04,72.0,28.0,44.0,50.0,57.4,52.5,0.00,5.64
2014-05-05,263.0,124.0,139.0,50.5,57.6,53.3,0.00,6.21
2014-05-06,314.0,139.0,175.0,50.0,58.8,54.2,0.00,4.26
2014-05-07,403.0,206.0,197.0,47.3,60.4,53.4,0.00,3.22
2014-05-08,252.0,118.0,134.0,51.6,61.9,55.5,0.00,4.26
2014-05-09,220.0,93.0,127.0,50.5,54.5,52.9,0.00,8.86
2014-05-10,174.0,71.0,103.0,46.6,60.8,50.9,0.00,4.60
2014-05-11,250.0,112.0,138.0,48.7,60.1,53.1,0.00,3.34
2014-05-12,346.0,173.0,173.0,51.3,68.5,58.0,0.00,2.99
2014-05-13,360.0,173.0,187.0,57.4,74.8,65.2,0.00,4.72
2014-05-14,348.0,168.0,180.0,55.8,76.6,65.4,0.00,4.26
2014-05-15,314.0,157.0,157.0,59.4,77.7,66.2,0.00,2.76
2014-05-16,335.0,152.0,183.0,56.7,71.4,61.8,0.00,6.56
2014-05-17,187.0,89.0,98.0,55.2,67.1,58.9,0.00,5.41
2014-05-18,237.0,110.0,127.0,50.9,63.1,57.1,0.00,2.88
2014-05-19,311.0,152.0,159.0,53.6,62.8,57.2,0.00,4.14
2014-05-20,328.0,156.0,172.0,54.0,65.7,59.4,0.00,5.52
2014-05-21,334.0,156.0,178.0,53.4,66.9,58.0,0.00,3.57
2014-05-22,337.0,159.0,178.0,54.3,68.5,59.2,0.00,3.11
2014-05-23,173.0,79.0,94.0,55.9,71.8,61.5,0.00,4.60
2014-05-24,202.0,101.0,101.0,54.3,67.8,58.8,0.00,4.14
2014-05-25,145.0,58.0,87.0,52.9,62.2,57.4,0.00,3.11
2014-05-26,231.0,94.0,137.0,54.3,63.9,57.2,0.00,6.10
2014-05-27,393.0,170.0,223.0,51.6,63.7,56.7,0.00,4.37
2014-05-28,306.0,149.0,157.0,52.2,62.4,57.0,0.00,5.06
2014-05-29,297.0,128.0,169.0,53.6,61.9,56.7,0.00,5.52
2014-05-30,352.0,143.0,209.0,51.3,64.0,56.8,0.00,5.52
2014-05-31,257.0,109.0,148.0,51.4,68.0,59.1,0.00,3.22
2014-06-01,226.0,105.0,121.0,53.4,68.9,59.3,0.00,4.49
2014-06-02,374.0,174.0,200.0,54.0,69.4,59.0,0.00,2.42
2014-06-03,326.0,150.0,176.0,53.6,66.0,58.4,0.00,5.52
2014-06-04,352.0,167.0,185.0,55.2,62.4,58.4,0.00,3.57
2014-06-05,351.0,164.0,187.0,51.6,64.8,57.6,0.00,4.14
2014-06-06,317.0,138.0,179.0,53.1,68.2,60.6,0.00,3.45
2014-06-07,184.0,90.0,94.0,56.5,72.3,62.0,0.00,4.60
2014-06-08,201.0,96.0,105.0,55.2,70.2,61.3,0.00,3.45
2014-06-09,310.0,114.0,196.0,56.5,68.9,61.5,0.00,4.83
2014-06-10,353.0,154.0,199.0,54.1,63.5,58.4,0.00,3.57
2014-06-11,372.0,169.0,203.0,54.7,70.2,60.3,0.00,3.91
2014-06-12,281.0,125.0,156.0,56.3,70.2,62.1,0.00,4.60
2014-06-13,196.0,80.0,116.0,56.8,65.1,59.4,0.00,7.71
2014-06-14,177.0,70.0,107.0,55.9,61.5,58.2,0.00,3.68
2014-06-15,173.0,78.0,95.0,52.9,61.7,56.7,0.00,2.76
2014-06-16,294.0,121.0,173.0,50.2,60.8,53.4,0.00,4.26
2014-06-17,303.0,127.0,176.0,51.8,62.2,56.5,0.00,4.03
2014-06-18,324.0,144.0,180.0,54.5,63.9,57.8,0.00,5.64
2014-06-19,363.0,156.0,207.0,54.1,71.8,60.0,0.00,3.80
2014-06-20,304.0,125.0,179.0,54.1,70.9,59.5,0.00,5.64
2014-06-21,317.0,147.0,170.0,53.6,66.4,58.9,0.00,5.87
2014-06-22,223.0,105.0,118.0,55.4,70.9,61.4,0.00,4.95
2014-06-23,398.0,155.0,243.0,55.9,71.4,63.5,0.00,3.57
2014-06-24,351.0,149.0,202.0,58.3,67.6,62.4,0.00,4.14
2014-06-25,356.0,157.0,199.0,57.2,72.3,63.3,0.00,4.49
2014-06-26,303.0,114.0,189.0,59.0,72.3,63.8,0.00,4.72
2014-06-27,270.0,100.0,170.0,55.9,66.9,62.1,0.00,6.90
2014-06-28,156.0,67.0,89.0,57.9,66.9,61.6,0.00,7.48
2014-06-29,213.0,82.0,131.0,57.7,66.6,61.2,0.00,5.98
2014-06-30,386.0,164.0,222.0,57.2,70.3,61.5,0.00,3.68
2014-07-01,316.0,142.0,174.0,59.2,81.5,68.2,0.00,6.10
2014-07-02,373.0,166.0,207.0,63.0,88.2,69.8,0.00,4.83
2014-07-03,303.0,129.0,174.0,59.2,73.9,63.0,0.00,4.14
2014-07-04,211.0,95.0,116.0,56.7,69.1,61.8,0.00,3.57
2014-07-05,227.0,106.0,121.0,56.7,71.4,62.1,0.00,3.68
2014-07-06,267.0,113.0,154.0,59.2,78.8,66.2,0.00,4.03
2014-07-07,334.0,151.0,183.0,64.2,78.8,69.8,0.00,6.10
2014-07-08,374.0,160.0,214.0,60.6,78.4,68.3,0.00,5.64
2014-07-09,379.0,159.0,220.0,59.5,79.9,66.4,0.00,3.45
2014-07-10,359.0,160.0,199.0,57.7,76.8,65.1,0.00,4.26
2014-07-11,353.0,131.0,222.0,59.2,78.8,67.8,0.00,5.18
2014-07-12,209.0,79.0,130.0,61.2,82.9,69.6,0.00,2.88
2014-07-13,211.0,91.0,120.0,61.2,82.2,74.5,0.00,3.57
2014-07-14,308.0,124.0,184.0,60.8,74.3,66.5,0.00,4.03
2014-07-15,379.0,155.0,224.0,56.5,73.2,62.5,0.00,3.91
2014-07-16,390.0,162.0,228.0,57.6,80.6,65.3,0.00,2.19
2014-07-17,336.0,156.0,180.0,57.9,77.9,65.7,0.00,4.83
2014-07-18,386.0,156.0,230.0,56.3,73.0,62.9,0.00,4.60
2014-07-19,208.0,96.0,112.0,60.3,71.8,65.1,0.00,6.33
2014-07-20,163.0,75.0,88.0,58.8,68.9,61.7,0.00,5.18
2014-07-21,375.0,142.0,233.0,56.8,68.4,60.3,0.00,2.88
2014-07-22,380.0,156.0,224.0,56.3,68.5,60.9,0.00,2.65
2014-07-23,181.0,59.0,122.0,57.2,62.6,60.0,0.00,3.91
2014-07-24,222.0,80.0,142.0,58.1,65.1,60.6,0.00,5.18
2014-07-25,323.0,136.0,187.0,57.7,66.6,60.5,0.00,4.49
2014-07-26,304.0,119.0,185.0,55.9,73.2,62.4,0.00,3.57
2014-07-27,228.0,97.0,131.0,59.4,74.5,65.7,0.00,5.52
2014-07-28,359.0,147.0,212.0,57.4,81.1,67.1,0.00,3.68
2014-07-29,386.0,166.0,220.0,58.6,80.4,66.9,0.00,4.37
2014-07-30,375.0,164.0,211.0,58.6,80.2,67.2,0.00,4.37
2014-07-31,385.0,161.0,224.0,59.4,79.9,69.2,0.00,4.72
2014-08-01,353.0,140.0,213.0,58.3,81.1,67.8,0.00,3.57
2014-08-02,242.0,105.0,137.0,58.5,73.9,64.6,0.00,3.22
2014-08-03,220.0,96.0,124.0,59.0,76.8,65.1,0.00,3.34
2014-08-04,345.0,148.0,197.0,59.7,80.2,68.2,0.00,2.65
2014-08-05,360.0,153.0,207.0,58.1,83.5,65.5,0.00,4.95
2014-08-06,384.0,166.0,218.0,59.7,72.1,62.7,0.00,3.34
2014-08-07,390.0,144.0,246.0,59.5,72.7,63.4,0.00,3.22
2014-08-08,338.0,140.0,198.0,58.8,72.7,65.1,0.00,3.57
2014-08-09,261.0,105.0,156.0,57.9,75.0,65.6,0.00,2.99
2014-08-10,201.0,87.0,114.0,58.1,77.4,67.2,0.00,4.14
2014-08-11,301.0,110.0,191.0,59.4,78.6,68.0,0.00,2.76
2014-08-12,312.0,125.0,187.0,63.5,81.0,69.0,0.00,3.34
2014-08-13,284.0,123.0,161.0,60.4,74.8,65.7,0.00,5.41
2014-08-14,325.0,122.0,203.0,57.6,66.6,61.2,0.00,2.19
2014-08-15,267.0,109.0,158.0,58.6,72.5,62.1,0.00,1.84
2014-08-16,259.0,90.0,169.0,58.6,71.4,62.9,0.00,4.03
2014-08-17,210.0,83.0,127.0,57.4,73.8,64.2,0.00,4.49
2014-08-18,349.0,146.0,203.0,58.3,76.6,65.3,0.00,4.37
2014-08-19,331.0,144.0,187.0,59.4,78.8,66.6,0.00,3.22
2014-08-20,325.0,148.0,177.0,59.5,74.3,64.6,0.00,5.64
2014-08-21,325.0,136.0,189.0,56.3,69.6,61.7,0.00,5.18
2014-08-22,335.0,141.0,194.0,57.9,69.3,62.1,0.00,3.91
2014-08-23,218.0,88.0,130.0,57.4,72.1,62.7,0.00,2.88
2014-08-24,234.0,124.0,110.0,56.7,73.0,62.3,0.00,2.99
2014-08-25,328.0,140.0,188.0,57.7,74.5,64.4,0.00,2.42
2014-08-26,352.0,136.0,216.0,59.2,72.5,64.6,0.00,2.99
2014-08-27,359.0,150.0,209.0,59.4,72.7,65.4,0.00,2.53
2014-08-28,381.0,154.0,227.0,59.2,75.9,65.5,0.00,3.80
2014-08-29,336.0,140.0,196.0,59.9,72.0,63.5,0.00,2.99
2014-08-30,139.0,61.0,78.0,58.3,70.3,62.1,0.00,2.88
2014-08-31,172.0,71.0,101.0,57.2,64.8,60.8,0.00,3.91
2014-09-01,243.0,92.0,151.0,57.4,70.2,61.9,0.00,2.19
2014-09-02,387.0,152.0,235.0,60.4,72.3,64.6,0.00,4.14
2014-09-03,398.0,156.0,242.0,55.9,64.9,59.4,0.00,4.95
2014-09-04,409.0,168.0,241.0,56.3,68.7,60.7,0.00,3.68
2014-09-05,419.0,156.0,263.0,60.3,77.5,65.8,0.00,4.83
2014-09-06,269.0,112.0,157.0,59.5,78.4,67.3,0.00,4.37
2014-09-07,259.0,101.0,158.0,57.2,78.4,64.5,0.00,2.65
2014-09-08,399.0,150.0,249.0,58.1,68.9,61.6,0.00,5.18
2014-09-09,439.0,174.0,265.0,57.0,63.7,59.5,0.00,4.03
2014-09-10,439.0,182.0,257.0,55.6,67.6,59.2,0.00,4.14
2014-09-11,437.0,182.0,255.0,56.8,74.8,63.5,0.00,4.72
2014-09-12,475.0,174.0,301.0,57.6,71.2,64.4,0.00,4.49
2014-09-13,306.0,118.0,188.0,56.5,78.3,65.1,0.00,2.99
2014-09-14,259.0,110.0,149.0,55.4,78.8,64.4,0.00,3.22
2014-09-15,464.0,183.0,281.0,55.9,81.5,63.7,0.00,1.96
2014-09-16,440.0,160.0,280.0,59.7,72.1,64.4,0.00,4.14
2014-09-17,391.0,154.0,237.0,57.9,69.1,63.1,0.00,3.57
2014-09-18,332.0,110.0,222.0,58.3,66.2,61.8,0.00,3.68
2014-09-19,404.0,159.0,245.0,63.3,74.3,66.0,0.00,5.18
2014-09-20,198.0,84.0,114.0,58.6,70.9,63.9,0.00,4.95
2014-09-21,210.0,98.0,112.0,56.8,80.6,65.2,0.00,3.68
2014-09-22,366.0,138.0,228.0,62.6,80.2,66.7,0.00,5.29
2014-09-23,364.0,131.0,233.0,59.4,68.7,63.4,0.00,3.34
2014-09-24,295.0,105.0,190.0,60.3,66.9,63.4,0.00,6.21
2014-09-25,302.0,116.0,186.0,59.9,70.3,62.8,0.00,3.68
2014-09-26,314.0,108.0,206.0,58.1,67.3,62.0,0.00,6.44
2014-09-27,198.0,81.0,117.0,57.0,67.1,60.9,0.00,5.06
2014-09-28,172.0,61.0,111.0,55.8,66.2,59.0,0.00,4.83
2014-09-29,342.0,118.0,224.0,54.7,61.3,57.7,0.00,4.14
2014-09-30,390.0,145.0,245.0,55.4,61.5,57.7,0.00,4.14
2014-10-01,408.0,145.0,263.0,53.6,65.3,58.6,0.00,2.99
2014-10-02,443.0,165.0,278.0,54.3,63.5,58.9,0.00,3.80
2014-10-03,361.0,127.0,234.0,53.6,64.2,58.0,0.00,3.11
2014-10-04,177.0,58.0,119.0,55.6,64.9,58.3,0.00,2.07
2014-10-05,203.0,93.0,110.0,55.0,68.5,58.9,0.00,2.30
2014-10-06,343.0,153.0,190.0,56.1,71.1,61.4,0.00,2.53
2014-10-07,357.0,161.0,196.0,56.7,72.9,61.4,0.00,4.14
2014-10-08,394.0,163.0,231.0,56.8,62.4,58.8,0.00,4.14
2014-10-09,328.0,140.0,188.0,55.4,61.5,57.2,0.00,4.26
2014-10-10,304.0,105.0,199.0,52.5,65.3,56.0,0.00,3.80
2014-10-11,151.0,54.0,97.0,58.8,65.3,61.3,0.00,5.18
2014-10-12,178.0,64.0,114.0,55.9,61.5,58.1,0.00,3.22
2014-10-13,324.0,133.0,191.0,54.5,67.6,60.5,0.00,3.57
2014-10-14,305.0,117.0,188.0,53.4,64.4,57.4,0.00,6.21
2014-10-15,258.0,84.0,174.0,54.7,58.8,56.7,0.00,5.29
2014-10-16,376.0,133.0,243.0,54.7,63.1,57.1,0.00,4.83
2014-10-17,282.0,80.0,202.0,55.0,63.5,57.6,0.00,2.30
2014-10-18,146.0,55.0,91.0,57.4,65.1,60.1,0.00,4.95
2014-10-19,192.0,68.0,124.0,57.2,71.4,63.0,0.00,4.14
2014-10-20,256.0,92.0,164.0,58.6,72.1,62.2,0.00,4.60
2014-10-21,281.0,104.0,177.0,55.0,63.0,58.1,0.00,6.56
2014-10-22,231.0,72.0,159.0,56.1,61.5,58.4,0.00,6.56
2014-10-23,270.0,90.0,180.0,52.5,58.1,55.4,0.00,7.48
2014-10-24,297.0,117.0,180.0,50.5,58.3,52.6,0.00,4.60
2014-10-25,120.0,45.0,75.0,51.6,59.2,53.9,0.00,4.03
2014-10-26,151.0,60.0,91.0,50.7,63.1,54.2,0.00,11.51
2014-10-27,374.0,140.0,234.0,47.7,55.9,51.1,0.00,3.80
2014-10-28,293.0,102.0,191.0,50.4,60.1,54.3,0.00,5.06
2014-10-29,353.0,148.0,205.0,56.7,62.4,58.5,0.00,7.60
2014-10-30,284.0,106.0,178.0,53.1,62.1,56.1,0.00,3.22
2014-10-31,256.0,72.0,184.0,51.1,59.0,54.0,0.00,4.26
2014-11-01,173.0,62.0,111.0,49.1,55.4,51.8,0.00,4.03
2014-11-02,164.0,77.0,87.0,48.0,55.4,51.0,0.00,4.03
2014-11-03,303.0,101.0,202.0,53.2,58.3,54.9,0.00,6.56
2014-11-04,323.0,108.0,215.0,54.7,58.1,56.4,0.00,6.33
2014-11-05,287.0,116.0,171.0,53.6,57.7,55.3,0.00,3.91
2014-11-06,251.0,95.0,156.0,54.1,61.7,57.4,0.00,6.10
2014-11-07,344.0,118.0,226.0,50.4,57.4,53.4,0.00,5.98
2014-11-08,196.0,80.0,116.0,44.6,55.9,49.3,0.00,2.19
2014-11-09,92.0,31.0,61.0,43.0,57.0,51.6,0.02,5.52
2014-11-10,332.0,129.0,203.0,49.1,54.3,51.6,0.00,3.22
2014-11-11,241.0,93.0,148.0,42.4,51.3,46.5,0.00,4.83
2014-11-12,311.0,127.0,184.0,34.2,46.8,39.3,0.00,4.60
2014-11-13,286.0,106.0,180.0,36.5,46.9,40.7,0.00,4.72
2014-11-14,257.0,93.0,164.0,37.0,46.4,40.8,0.00,3.22
2014-11-15,142.0,66.0,76.0,34.5,46.2,39.9,0.00,2.76
2014-11-16,118.0,50.0,68.0,37.0,49.6,41.6,0.00,2.99
2014-11-17,328.0,128.0,200.0,33.8,50.2,41.7,0.00,3.45
2014-11-18,299.0,118.0,181.0,34.9,48.9,41.4,0.00,2.99
2014-11-19,277.0,98.0,179.0,38.7,50.9,43.5,0.00,2.53
2014-11-20,327.0,128.0,199.0,43.2,53.1,48.2,0.00,4.14
2014-11-21,229.0,81.0,148.0,48.9,52.3,50.7,0.00,4.83
2014-11-22,159.0,54.0,105.0,46.8,52.7,48.8,0.00,6.21
2014-11-23,135.0,48.0,87.0,47.7,55.8,49.7,0.00,7.13
2014-11-24,267.0,100.0,167.0,43.9,53.8,47.5,0.00,5.18
2014-11-25,227.0,82.0,145.0,48.7,54.1,51.0,0.00,4.83
2014-11-26,193.0,76.0,117.0,49.8,59.0,57.0,0.00,9.32
2014-11-27,106.0,36.0,70.0,54.3,59.5,57.1,0.00,7.94
2014-11-28,71.0,17.0,54.0,38.8,57.7,52.0,0.00,8.29
2014-11-29,85.0,28.0,57.0,31.3,41.7,36.4,0.00,6.79
2014-11-30,135.0,52.0,83.0,27.5,38.1,31.1,0.00,3.11
2014-12-01,253.0,101.0,152.0,30.4,40.3,34.3,0.00,3.34
2014-12-02,258.0,95.0,163.0,32.5,42.4,36.5,0.00,2.19
2014-12-03,288.0,102.0,186.0,38.1,46.8,40.7,0.00,5.52
2014-12-04,300.0,98.0,202.0,41.2,46.0,43.9,0.00,2.65
2014-12-05,238.0,97.0,141.0,44.1,49.6,46.4,0.00,2.65
2014-12-06,166.0,54.0,112.0,48.2,54.0,49.8,0.00,5.18
2014-12-07,137.0,45.0,92.0,45.5,53.6,50.5,0.00,3.22
2014-12-08,269.0,87.0,182.0,49.5,59.0,52.9,0.00,3.80
2014-12-09,256.0,107.0,149.0,49.8,61.2,54.9,0.00,7.94
2014-12-10,248.0,94.0,154.0,53.1,64.6,58.2,0.00,7.94
2014-12-11,233.0,89.0,144.0,48.9,59.2,53.4,0.00,7.13
2014-12-12,244.0,94.0,150.0,50.2,58.6,52.8,0.00,8.75
2014-12-13,166.0,50.0,116.0,45.0,53.2,48.1,0.00,2.76
2014-12-14,149.0,44.0,105.0,38.3,55.9,44.4,0.00,3.11
2014-12-15,306.0,122.0,184.0,43.7,54.1,47.6,0.00,2.76
2014-12-16,277.0,101.0,176.0,48.7,52.2,50.7,0.00,4.95
2014-12-17,251.0,77.0,174.0,44.4,49.3,46.8,0.00,1.96
2014-12-18,237.0,82.0,155.0,46.0,50.2,47.4,0.00,3.45
2014-12-19,241.0,92.0,149.0,47.8,52.3,49.4,0.00,6.67
2014-12-20,133.0,43.0,90.0,45.3,52.0,47.7,0.00,5.52
2014-12-21,138.0,68.0,70.0,49.6,56.5,53.5,0.00,9.44
2014-12-22,266.0,95.0,171.0,46.8,53.8,50.3,0.00,2.76
2014-12-23,237.0,83.0,154.0,46.0,54.0,48.3,0.00,4.60
2014-12-24,138.0,44.0,94.0,40.3,48.7,43.2,0.00,4.72
2014-12-25,76.0,39.0,37.0,41.5,47.3,43.9,0.00,4.03
2014-12-26,161.0,49.0,112.0,39.2,45.5,40.9,0.00,3.45
2014-12-27,64.0,17.0,47.0,41.0,50.2,44.1,0.00,6.21
2014-12-28,113.0,46.0,67.0,41.7,47.1,44.3,0.00,3.57
2014-12-29,199.0,72.0,127.0,39.9,43.5,41.3,0.00,5.64
2014-12-30,226.0,74.0,152.0,32.2,43.0,36.3,0.00,3.91
2014-12-31,164.0,64.0,100.0,32.0,40.3,35.0,0.00,3.57
2015-01-01,123.0,51.0,72.0,31.5,42.8,36.2,0.00,2.42
2015-01-02,162.0,52.0,110.0,33.6,42.1,37.6,0.00,4.14
2015-01-03,128.0,53.0,75.0,38.5,43.0,41.2,0.00,3.80
2015-01-04,86.0,26.0,60.0,40.1,47.1,42.0,0.00,4.49
2015-01-05,259.0,87.0,172.0,47.5,55.4,52.3,0.00,8.86
2015-01-06,352.0,123.0,229.0,48.7,55.4,52.2,0.00,4.83
2015-01-07,339.0,124.0,215.0,44.8,49.1,46.5,0.00,2.99
2015-01-08,337.0,112.0,225.0,41.0,48.2,43.8,0.00,3.68
2015-01-09,318.0,102.0,216.0,38.7,48.9,42.4,0.00,2.53
2015-01-10,152.0,42.0,110.0,44.4,48.6,45.7,0.00,2.99
2015-01-11,123.0,53.0,70.0,45.9,48.2,46.5,0.00,1.27
2015-01-12,343.0,129.0,214.0,45.9,49.8,47.3,0.00,2.53
2015-01-13,368.0,146.0,222.0,41.7,50.0,45.0,0.00,2.99
2015-01-14,298.0,107.0,191.0,37.0,47.7,41.9,0.00,3.45
2015-01-15,274.0,96.0,178.0,40.5,46.8,43.4,0.00,3.68
2015-01-16,305.0,118.0,187.0,43.9,53.2,47.8,0.00,5.29
2015-01-17,121.0,49.0,72.0,43.0,53.1,46.2,0.00,3.22
2015-01-18,71.0,29.0,42.0,46.0,57.0,51.1,0.00,11.16
2015-01-19,227.0,79.0,148.0,47.1,51.3,48.4,0.00,5.98
2015-01-20,340.0,136.0,204.0,42.3,50.2,45.9,0.00,2.65
2015-01-21,302.0,115.0,187.0,37.8,48.9,42.7,0.00,2.65
2015-01-22,260.0,86.0,174.0,44.8,49.1,45.9,0.00,2.88
2015-01-23,234.0,83.0,151.0,49.6,52.3,50.4,0.00,4.72
2015-01-24,137.0,47.0,90.0,53.4,59.5,55.5,0.00,7.48
2015-01-25,231.0,87.0,144.0,52.0,60.1,55.6,0.00,3.68
2015-01-26,324.0,125.0,199.0,46.8,64.0,52.0,0.00,3.34
2015-01-27,301.0,113.0,188.0,50.4,64.6,53.7,0.00,4.60
2015-01-28,315.0,135.0,180.0,46.8,52.5,49.1,0.00,3.34
2015-01-29,298.0,114.0,184.0,45.0,53.1,47.6,0.00,4.14
2015-01-30,359.0,127.0,232.0,37.8,51.4,44.1,0.00,3.34
2015-01-31,158.0,64.0,94.0,40.1,45.7,41.9,0.00,2.99
2015-02-01,153.0,60.0,93.0,43.3,48.2,45.1,0.00,4.37
2015-02-02,260.0,96.0,164.0,45.3,52.5,48.3,0.00,4.26
2015-02-03,315.0,108.0,207.0,48.2,53.6,49.8,0.00,5.52
2015-02-04,323.0,130.0,193.0,44.2,50.4,47.3,0.00,1.73
2015-02-05,212.0,61.0,151.0,48.0,57.4,50.6,0.00,6.33
2015-02-06,237.0,83.0,154.0,53.6,58.1,55.7,0.00,8.06
2015-02-07,123.0,44.0,79.0,55.2,55.9,55.6,0.00,9.44
2015-02-08,173.0,67.0,106.0,46.9,60.1,53.8,0.71,5.41
2015-02-09,256.0,100.0,156.0,50.2,56.7,53.0,0.00,2.30
2015-02-10,317.0,131.0,186.0,51.4,56.1,53.3,0.00,6.21
2015-02-11,283.0,103.0,180.0,45.9,55.4,49.0,0.00,2.19
2015-02-12,287.0,98.0,189.0,50.2,61.5,54.5,0.00,3.91
2015-02-13,300.0,104.0,196.0,47.7,60.3,52.2,0.00,3.22
2015-02-14,160.0,76.0,84.0,51.1,56.1,53.0,0.00,2.07
2015-02-15,172.0,96.0,76.0,45.5,54.0,49.3,0.00,4.03
2015-02-16,230.0,84.0,146.0,45.0,57.2,48.9,0.00,3.34
2015-02-17,345.0,152.0,193.0,46.6,58.3,51.0,0.00,5.75
2015-02-18,312.0,122.0,190.0,44.8,58.6,49.9,0.00,4.26
2015-02-19,295.0,119.0,176.0,48.4,55.0,51.1,0.00,3.22
2015-02-20,288.0,106.0,182.0,48.4,52.0,49.8,0.00,2.30
2015-02-21,218.0,98.0,120.0,45.0,55.9,50.5,0.02,3.91
2015-02-22,190.0,80.0,110.0,39.7,54.0,47.4,0.00,2.76
2015-02-23,329.0,116.0,213.0,38.3,52.9,45.6,0.00,2.65
2015-02-24,363.0,131.0,232.0,40.1,53.1,47.7,0.00,1.73
2015-02-25,311.0,108.0,203.0,46.8,49.8,48.0,0.00,3.34
2015-02-26,291.0,111.0,180.0,46.9,51.3,48.4,0.00,2.88
2015-02-27,220.0,78.0,142.0,47.7,52.0,49.5,0.00,4.03
2015-02-28,245.0,105.0,140.0,45.3,53.8,48.8,0.00,7.02
2015-03-01,174.0,70.0,104.0,38.7,52.9,45.8,0.00,4.60
2015-03-02,330.0,132.0,198.0,44.1,52.0,46.9,0.00,5.64
2015-03-03,303.0,124.0,179.0,36.5,49.8,45.0,0.00,4.72
2015-03-04,360.0,142.0,218.0,35.4,51.4,43.3,0.00,4.26
2015-03-05,349.0,125.0,224.0,40.8,54.0,46.7,0.00,3.11
2015-03-06,342.0,136.0,206.0,42.6,53.4,47.7,0.00,2.07
2015-03-07,200.0,85.0,115.0,42.1,59.5,49.5,0.00,2.76
2015-03-08,187.0,82.0,105.0,43.5,59.0,51.2,0.00,3.22
2015-03-09,327.0,135.0,192.0,44.4,60.4,49.8,0.00,3.22
2015-03-10,314.0,138.0,176.0,43.3,54.0,47.7,0.00,3.80
2015-03-11,279.0,104.0,175.0,50.7,58.6,54.0,0.00,4.72
2015-03-12,311.0,119.0,192.0,53.8,64.2,56.6,0.00,7.02
2015-03-13,288.0,112.0,176.0,50.5,63.0,54.1,0.00,2.30
2015-03-14,114.0,45.0,69.0,52.3,64.0,56.2,0.00,6.33
2015-03-15,66.0,19.0,47.0,45.5,57.6,50.4,0.00,4.60
2015-03-16,298.0,119.0,179.0,44.1,54.0,46.7,0.00,4.72
2015-03-17,274.0,112.0,162.0,45.1,57.0,50.2,0.00,4.37
2015-03-18,362.0,142.0,220.0,48.2,60.4,52.1,0.00,4.37
2015-03-19,273.0,106.0,167.0,50.0,60.3,54.7,0.00,4.72
2015-03-20,238.0,90.0,148.0,52.0,59.0,54.4,0.00,3.22
2015-03-21,169.0,65.0,104.0,49.8,56.3,53.4,0.00,6.90
2015-03-22,120.0,44.0,76.0,45.7,57.6,50.2,0.00,4.14
2015-03-23,251.0,111.0,140.0,45.0,53.2,48.5,0.00,4.03
2015-03-24,252.0,90.0,162.0,45.1,54.5,48.1,0.00,5.41
2015-03-25,265.0,84.0,181.0,46.4,58.5,51.6,0.00,5.98
2015-03-26,311.0,118.0,193.0,54.3,69.4,57.4,0.00,4.26
2015-03-27,322.0,115.0,207.0,49.8,69.1,58.0,0.00,3.45
2015-03-28,196.0,79.0,117.0,50.2,60.1,53.8,0.00,10.70
2015-03-29,150.0,58.0,92.0,51.8,60.3,55.2,0.00,6.90
2015-03-30,373.0,153.0,220.0,54.0,63.7,57.4,0.00,5.98
2015-03-31,268.0,110.0,158.0,45.5,64.8,53.1,0.00,5.98
2015-04-01,289.0,114.0,175.0,43.7,52.9,46.7,0.00,3.91
2015-04-02,315.0,118.0,197.0,43.9,56.5,47.7,0.00,4.26
2015-04-03,247.0,94.0,153.0,45.5,56.1,49.3,0.00,6.10
2015-04-04,201.0,68.0,133.0,42.4,54.3,47.5,0.00,5.41
2015-04-05,189.0,81.0,108.0,41.9,57.6,48.7,0.00,4.14
2015-04-06,315.0,128.0,187.0,46.4,59.4,50.9,0.00,5.18
2015-04-07,341.0,138.0,203.0,47.1,55.8,51.0,0.00,3.80
2015-04-08,324.0,132.0,192.0,46.6,61.9,52.6,0.00,3.57
2015-04-09,350.0,154.0,196.0,46.0,62.1,51.8,0.00,3.57
2015-04-10,226.0,96.0,130.0,49.6,64.9,54.6,0.00,6.21
2015-04-11,159.0,85.0,74.0,45.0,51.6,48.5,0.00,8.29
2015-04-12,175.0,77.0,98.0,44.8,55.0,48.1,0.00,4.83
2015-04-13,229.0,86.0,143.0,46.8,53.6,50.1,0.00,3.68
2015-04-14,277.0,115.0,162.0,40.5,52.5,43.9,0.00,5.29
2015-04-15,340.0,154.0,186.0,42.1,53.1,47.0,0.00,4.37
2015-04-16,315.0,133.0,182.0,43.5,59.5,50.9,0.00,4.83
2015-04-17,328.0,148.0,180.0,49.3,62.6,54.8,0.00,5.52
2015-04-18,176.0,86.0,90.0,50.2,62.8,55.7,0.00,5.41
2015-04-19,224.0,105.0,119.0,50.2,63.1,56.9,0.00,4.60
2015-04-20,408.0,168.0,240.0,49.5,69.4,57.0,0.00,3.22
2015-04-21,285.0,112.0,173.0,52.2,70.5,58.5,0.00,3.68
2015-04-22,337.0,137.0,200.0,44.2,56.7,48.5,0.00,5.06
2015-04-23,246.0,103.0,143.0,47.1,58.8,50.2,0.00,6.21
2015-04-24,234.0,93.0,141.0,45.0,54.1,48.6,0.00,8.75
2015-04-25,165.0,75.0,90.0,44.6,55.2,49.4,0.00,5.18
2015-04-26,147.0,77.0,70.0,43.5,59.7,49.9,0.00,4.14
2015-04-27,333.0,154.0,179.0,53.1,66.2,57.1,0.00,5.41
2015-04-28,261.0,100.0,161.0,52.0,70.2,59.7,0.00,5.64
2015-04-29,320.0,143.0,177.0,47.8,59.7,51.6,0.00,4.49
2015-04-30,333.0,155.0,178.0,49.8,61.2,53.8,0.00,4.72
2015-05-01,352.0,154.0,198.0,52.3,60.6,55.4,0.00,4.95
2015-05-02,309.0,143.0,166.0,50.0,61.9,55.5,0.00,5.87
2015-05-03,201.0,108.0,93.0,48.9,64.2,56.0,0.00,5.64
2015-05-04,328.0,149.0,179.0,48.9,65.5,56.3,0.00,6.10
2015-05-05,252.0,91.0,161.0,47.7,61.0,53.1,0.00,8.86
2015-05-06,327.0,141.0,186.0,47.1,59.2,50.3,0.00,5.41
2015-05-07,407.0,191.0,216.0,47.5,64.6,54.6,0.00,4.14
2015-05-08,312.0,149.0,163.0,51.6,67.8,59.1,0.00,5.29
2015-05-09,244.0,119.0,125.0,51.3,74.7,59.8,0.00,3.57
2015-05-10,224.0,115.0,109.0,53.2,74.8,61.3,0.00,3.80
2015-05-11,306.0,131.0,175.0,52.7,66.7,57.5,0.00,5.41
2015-05-12,328.0,156.0,172.0,55.0,62.6,56.9,0.00,3.91
2015-05-13,247.0,109.0,138.0,53.2,53.6,53.4,0.00,5.87
2015-05-14,323.0,153.0,170.0,51.3,58.1,53.0,0.00,3.34
2015-05-15,456.0,187.0,269.0,50.7,62.2,55.8,0.00,3.80
2015-05-16,181.0,63.0,118.0,53.4,64.2,56.5,0.00,4.14
2015-05-17,198.0,97.0,101.0,52.5,59.9,55.9,0.00,3.22
2015-05-18,426.0,194.0,232.0,53.1,72.0,59.3,0.00,4.03
2015-05-19,351.0,162.0,189.0,54.3,71.6,59.5,0.00,3.68
2015-05-20,338.0,156.0,182.0,52.0,65.3,57.0,0.00,3.34
2015-05-21,354.0,169.0,185.0,53.4,70.0,58.4,0.00,2.99
2015-05-22,321.0,125.0,196.0,54.3,68.9,59.2,0.00,3.80
2015-05-23,151.0,67.0,84.0,54.3,59.2,56.4,0.00,4.37
2015-05-24,181.0,70.0,111.0,53.4,61.0,57.2,0.00,3.68
2015-05-25,215.0,100.0,115.0,54.0,60.1,57.0,0.00,4.14
2015-05-26,370.0,164.0,206.0,53.8,64.2,56.9,0.00,3.11
2015-05-27,413.0,179.0,234.0,55.0,66.0,59.3,0.00,2.42
2015-05-28,400.0,183.0,217.0,54.3,70.9,61.3,0.00,2.88
2015-05-29,401.0,178.0,223.0,56.3,77.4,63.6,0.00,3.22
2015-05-30,283.0,143.0,140.0,52.3,71.6,59.6,0.00,3.80
2015-05-31,198.0,92.0,106.0,54.3,68.7,60.2,0.00,4.03
2015-06-01,251.0,109.0,142.0,55.0,68.2,59.6,0.00,4.60
2015-06-02,328.0,136.0,192.0,55.9,61.2,58.2,0.00,4.72
2015-06-03,298.0,133.0,165.0,53.2,61.2,56.6,0.00,4.03
2015-06-04,365.0,158.0,207.0,55.2,66.2,58.7,0.00,3.91
2015-06-05,358.0,163.0,195.0,55.2,73.4,62.8,0.00,4.37
2015-06-06,227.0,110.0,117.0,54.9,77.5,65.4,0.00,3.34
2015-06-07,249.0,117.0,132.0,56.8,78.4,65.1,0.00,3.57
2015-06-08,337.0,142.0,195.0,55.9,83.7,67.5,0.00,4.03
2015-06-09,347.0,165.0,182.0,58.5,79.2,69.8,0.00,3.68
2015-06-10,407.0,184.0,223.0,54.3,77.2,63.4,0.00,3.91
2015-06-11,336.0,157.0,179.0,55.2,74.5,62.0,0.00,3.34
2015-06-12,343.0,135.0,208.0,55.4,71.1,60.2,0.00,4.14
2015-06-13,253.0,130.0,123.0,52.7,65.7,57.9,0.00,2.76
2015-06-14,212.0,100.0,112.0,54.7,74.5,63.6,0.00,4.03
2015-06-15,349.0,143.0,206.0,56.1,78.3,67.0,0.00,3.57
2015-06-16,400.0,181.0,219.0,54.7,78.6,61.7,0.00,4.49
2015-06-17,369.0,155.0,214.0,53.6,65.7,59.3,0.00,3.57
2015-06-18,391.0,155.0,236.0,58.5,72.3,63.7,0.00,3.45
2015-06-19,300.0,120.0,180.0,56.8,72.7,61.2,0.00,4.26
2015-06-20,261.0,103.0,158.0,55.8,70.0,61.6,0.00,4.37
2015-06-21,254.0,121.0,133.0,57.6,71.2,63.4,0.00,4.60
2015-06-22,349.0,163.0,186.0,56.5,71.4,62.6,0.00,3.11
2015-06-23,363.0,173.0,190.0,54.7,68.2,60.8,0.00,2.76
2015-06-24,290.0,135.0,155.0,59.4,75.7,66.3,0.00,2.76
2015-06-25,339.0,160.0,179.0,58.1,79.5,65.6,0.00,2.76
2015-06-26,323.0,144.0,179.0,60.3,78.8,70.4,0.00,4.37
2015-06-27,140.0,74.0,66.0,60.3,80.8,70.5,0.00,3.57
2015-06-28,193.0,78.0,115.0,61.5,80.6,69.8,0.00,2.99
2015-06-29,332.0,149.0,183.0,62.2,77.5,69.1,0.00,2.88
2015-06-30,382.0,161.0,221.0,60.1,80.6,67.3,0.00,3.34
2015-07-01,389.0,183.0,206.0,60.4,81.5,71.1,0.00,4.14
2015-07-02,329.0,154.0,175.0,59.2,82.8,71.3,0.00,3.57
2015-07-03,196.0,110.0,86.0,60.6,83.3,69.8,0.00,2.42
2015-07-04,245.0,111.0,134.0,58.8,83.1,69.2,0.00,3.34
2015-07-05,164.0,77.0,87.0,60.1,85.1,71.2,0.00,3.34
2015-07-06,341.0,160.0,181.0,62.1,84.9,69.9,0.00,3.45
2015-07-07,377.0,184.0,193.0,59.9,73.8,64.0,0.00,3.11
2015-07-08,366.0,178.0,188.0,57.7,73.9,63.6,0.00,2.76
2015-07-09,378.0,182.0,196.0,59.0,74.1,64.1,0.00,3.34
2015-07-10,338.0,159.0,179.0,62.8,71.2,65.3,0.00,4.95
2015-07-11,193.0,92.0,101.0,63.0,68.2,65.0,0.00,4.72
2015-07-12,178.0,89.0,89.0,63.0,73.8,65.8,0.00,3.34
2015-07-13,303.0,155.0,148.0,60.1,75.6,66.5,0.00,3.22
2015-07-14,388.0,180.0,208.0,60.1,74.5,65.4,0.00,3.45
2015-07-15,341.0,157.0,184.0,58.1,75.6,66.2,0.00,3.22
2015-07-16,376.0,172.0,204.0,59.4,72.1,65.1,0.00,3.68
2015-07-17,294.0,142.0,152.0,57.6,76.8,65.5,0.00,3.91
2015-07-18,165.0,93.0,72.0,59.4,85.6,69.9,0.00,2.76
2015-07-19,156.0,78.0,78.0,61.2,91.0,72.1,0.00,2.65
2015-07-20,351.0,172.0,179.0,63.5,88.0,70.0,0.00,5.64
2015-07-21,363.0,155.0,208.0,59.4,74.7,65.2,0.00,3.80
2015-07-22,379.0,182.0,197.0,59.0,70.2,63.8,0.00,4.26
2015-07-23,357.0,156.0,201.0,59.0,73.0,64.4,0.00,3.22
2015-07-24,326.0,152.0,174.0,59.0,72.3,64.8,0.00,4.03
2015-07-25,188.0,93.0,95.0,59.4,70.3,63.5,0.00,4.60
2015-07-26,128.0,66.0,62.0,57.9,66.7,61.6,0.00,2.99
2015-07-27,359.0,170.0,189.0,56.1,67.1,60.1,0.00,2.76
2015-07-28,348.0,169.0,179.0,59.7,75.7,64.9,0.00,3.57
2015-07-29,397.0,190.0,207.0,59.5,79.7,66.8,0.00,2.99
2015-07-30,347.0,155.0,192.0,61.0,83.3,74.1,0.00,3.91
2015-07-31,303.0,141.0,162.0,60.3,86.4,70.1,0.00,2.42
2015-08-01,189.0,91.0,98.0,59.7,86.9,69.9,0.00,2.88
2015-08-02,240.0,111.0,129.0,59.7,85.6,70.5,0.00,3.34
2015-08-03,321.0,151.0,170.0,59.4,76.5,65.5,0.00,2.19
2015-08-04,354.0,176.0,178.0,60.4,76.3,65.5,0.00,3.22
2015-08-05,327.0,161.0,166.0,58.5,73.8,63.6,0.00,4.03
2015-08-06,366.0,179.0,187.0,59.2,68.4,62.6,0.00,3.57
2015-08-07,337.0,139.0,198.0,57.9,73.4,64.8,0.00,3.68
2015-08-08,152.0,70.0,82.0,59.9,78.4,67.5,0.00,4.83
2015-08-09,187.0,94.0,93.0,60.1,71.8,65.2,0.00,4.26
2015-08-10,313.0,142.0,171.0,60.6,75.7,67.0,0.00,2.99
2015-08-11,363.0,160.0,203.0,59.5,79.0,69.3,0.00,3.68
2015-08-12,319.0,136.0,183.0,60.3,82.0,68.2,0.00,2.76
2015-08-13,380.0,177.0,203.0,61.7,82.6,69.8,0.00,3.11
2015-08-14,196.0,74.0,122.0,60.1,76.1,64.7,0.00,4.72
2015-08-15,135.0,63.0,72.0,60.1,69.6,61.7,0.00,4.95
2015-08-16,238.0,113.0,125.0,57.9,68.4,60.7,0.00,2.19
2015-08-17,302.0,137.0,165.0,58.5,74.7,64.2,0.00,2.99
2015-08-18,347.0,185.0,162.0,58.8,75.7,67.6,0.00,3.68
2015-08-19,327.0,162.0,165.0,59.9,80.4,67.8,0.00,2.30
2015-08-20,264.0,143.0,121.0,59.4,83.3,65.9,0.00,4.14
2015-08-21,258.0,135.0,123.0,58.5,71.1,63.0,0.00,4.37
2015-08-22,217.0,103.0,114.0,57.6,74.3,62.7,0.00,2.19
2015-08-23,227.0,117.0,110.0,57.9,74.8,64.8,0.00,2.53
2015-08-24,347.0,157.0,190.0,57.6,77.0,64.2,0.00,2.65
2015-08-25,332.0,161.0,171.0,57.6,72.3,63.5,0.00,3.34
2015-08-26,336.0,173.0,163.0,57.6,73.0,64.9,0.00,3.11
2015-08-27,359.0,171.0,188.0,59.2,74.7,66.1,0.00,2.99
2015-08-28,259.0,118.0,141.0,62.4,81.5,67.7,0.00,3.22
2015-08-29,139.0,57.0,82.0,63.0,75.9,69.3,0.04,8.52
2015-08-30,161.0,64.0,97.0,52.0,75.0,63.2,0.22,8.98
2015-08-31,259.0,111.0,148.0,62.1,65.3,63.4,0.00,7.36
2015-09-01,273.0,130.0,143.0,59.7,64.9,63.1,0.00,5.75
2015-09-02,331.0,174.0,157.0,57.4,65.3,60.4,0.00,5.18
2015-09-03,263.0,137.0,126.0,53.8,65.1,57.7,0.00,3.91
2015-09-04,275.0,127.0,148.0,52.7,63.9,56.7,0.00,5.29
2015-09-05,159.0,81.0,78.0,50.4,64.0,57.2,0.00,3.91
2015-09-06,70.0,39.0,31.0,54.1,63.5,57.9,0.00,5.06
2015-09-07,242.0,118.0,124.0,56.3,64.2,58.7,0.00,2.53
2015-09-08,326.0,146.0,180.0,58.3,67.3,62.2,0.00,4.14
2015-09-09,386.0,173.0,213.0,57.7,69.1,62.8,0.00,2.30
2015-09-10,306.0,148.0,158.0,58.3,73.6,64.9,0.00,3.80
2015-09-11,380.0,193.0,187.0,60.3,74.3,67.0,0.00,4.03
2015-09-12,229.0,106.0,123.0,58.1,76.5,65.0,0.00,2.42
2015-09-13,108.0,59.0,49.0,61.0,81.0,67.1,0.00,3.68
2015-09-14,293.0,126.0,167.0,53.8,60.6,56.4,0.00,4.60
2015-09-15,327.0,164.0,163.0,53.2,62.4,57.1,0.00,4.26
2015-09-16,277.0,131.0,146.0,52.9,64.9,57.4,0.00,3.68
2015-09-17,236.0,108.0,128.0,56.8,65.1,59.7,0.00,2.99
2015-09-18,283.0,125.0,158.0,57.4,65.7,60.1,0.00,4.14
2015-09-19,221.0,102.0,119.0,59.9,68.5,63.9,0.00,4.95
2015-09-20,124.0,58.0,66.0,64.6,70.0,66.8,0.00,6.79
2015-09-21,285.0,148.0,137.0,55.4,68.0,59.5,0.00,4.95
2015-09-22,302.0,154.0,148.0,52.0,63.3,57.1,0.00,3.68
2015-09-23,368.0,168.0,200.0,50.5,67.6,57.8,0.00,3.68
2015-09-24,297.0,146.0,151.0,56.1,70.5,62.9,0.00,3.57
2015-09-25,226.0,112.0,114.0,56.3,69.4,60.4,0.00,4.49
2015-09-26,183.0,93.0,90.0,54.9,60.4,57.4,0.00,3.68
2015-09-27,195.0,88.0,107.0,50.4,61.0,55.9,0.00,3.57
2015-09-28,282.0,140.0,142.0,52.0,59.9,55.3,0.00,4.14
2015-09-29,348.0,182.0,166.0,53.6,66.6,58.8,0.00,3.22
2015-09-30,309.0,134.0,175.0,51.8,65.3,57.0,0.00,2.19
2015-10-01,346.0,173.0,173.0,52.7,63.5,56.8,0.00,2.30
2015-10-02,265.0,125.0,140.0,53.6,62.8,57.5,0.00,3.68
2015-10-03,125.0,61.0,64.0,54.7,63.5,58.0,0.00,5.41
2015-10-04,167.0,79.0,88.0,54.9,68.4,60.7,0.00,2.76
2015-10-05,286.0,134.0,152.0,54.5,68.0,59.7,0.00,2.99
2015-10-06,328.0,154.0,174.0,54.0,68.4,59.7,0.00,3.68
2015-10-07,206.0,92.0,114.0,58.1,62.6,60.2,0.00,3.91
2015-10-08,281.0,135.0,146.0,56.8,61.5,59.4,0.00,3.11
2015-10-09,257.0,108.0,149.0,57.6,66.7,61.6,0.00,2.88
2015-10-10,68.0,39.0,29.0,61.0,68.5,64.7,0.00,5.64
2015-10-11,157.0,74.0,83.0,55.2,63.9,58.4,0.00,4.95
2015-10-12,282.0,131.0,151.0,55.6,64.8,59.3,0.00,4.60
2015-10-13,344.0,162.0,182.0,54.9,63.5,57.5,0.00,3.68
2015-10-14,316.0,172.0,144.0,51.6,60.4,54.9,0.00,2.99
2015-10-15,308.0,140.0,168.0,51.4,64.4,55.7,0.00,3.57
2015-10-16,335.0,161.0,174.0,52.9,64.6,57.7,0.00,2.99
2015-10-17,140.0,69.0,71.0,55.6,62.6,58.8,0.00,1.96
2015-10-18,114.0,50.0,64.0,57.2,60.8,58.7,0.00,2.65
2015-10-19,271.0,125.0,146.0,57.4,63.3,59.8,0.00,3.57
2015-10-20,330.0,161.0,169.0,55.0,61.2,58.4,0.00,4.83
2015-10-21,296.0,139.0,157.0,51.1,61.2,55.4,0.00,2.76
2015-10-22,316.0,148.0,168.0,52.5,59.0,55.6,0.00,3.11
2015-10-23,267.0,118.0,149.0,49.3,59.4,53.3,0.00,2.88
2015-10-24,141.0,71.0,70.0,50.4,57.4,52.6,0.00,3.45
2015-10-25,150.0,72.0,78.0,52.3,60.1,55.4,0.00,2.30
2015-10-26,217.0,101.0,116.0,51.8,57.9,54.9,0.00,6.90
2015-10-27,318.0,149.0,169.0,51.6,56.1,54.4,0.00,3.22
2015-10-28,217.0,106.0,111.0,54.0,58.1,55.4,0.00,2.76
2015-10-29,271.0,126.0,145.0,55.6,59.4,57.0,0.00,4.95
2015-10-30,210.0,89.0,121.0,54.3,63.9,59.7,0.00,7.71
2015-10-31,111.0,54.0,57.0,54.7,61.9,58.7,0.00,7.13
2015-11-01,109.0,57.0,52.0,51.1,56.1,54.1,0.00,7.48
2015-11-02,262.0,118.0,144.0,49.6,55.0,52.1,0.00,5.06
2015-11-03,274.0,116.0,158.0,46.8,53.2,49.2,0.00,2.30
2015-11-04,249.0,126.0,123.0,40.6,52.5,46.2,0.00,4.26
2015-11-05,230.0,112.0,118.0,48.0,52.0,49.5,0.00,4.37
2015-11-06,229.0,108.0,121.0,48.0,63.0,53.0,0.01,4.37
2015-11-07,92.0,38.0,54.0,50.0,63.0,55.1,0.28,5.18
2015-11-08,118.0,58.0,60.0,48.2,54.1,51.1,0.00,2.99
2015-11-09,167.0,86.0,81.0,47.1,53.6,49.2,0.00,3.22
2015-11-10,205.0,131.0,74.0,40.8,51.6,47.1,0.00,3.80
2015-11-11,212.0,96.0,116.0,46.9,53.4,50.0,0.00,6.10
2015-11-12,245.0,113.0,132.0,49.1,51.8,50.3,0.00,8.63
2015-11-13,187.0,90.0,97.0,47.7,57.7,53.2,0.00,7.48
2015-11-14,94.0,41.0,53.0,46.0,56.5,49.5,0.00,3.22
2015-11-15,134.0,53.0,81.0,39.6,48.7,43.4,0.00,4.72
2015-11-16,209.0,99.0,110.0,38.3,48.0,42.7,0.00,4.95
2015-11-17,199.0,87.0,112.0,45.0,59.0,51.9,0.00,7.83
2015-11-18,289.0,160.0,129.0,42.4,56.3,46.7,0.00,5.06
2015-11-19,283.0,141.0,142.0,43.0,48.4,45.8,0.00,3.45
2015-11-20,253.0,117.0,136.0,37.2,48.4,41.5,0.00,1.96
2015-11-21,177.0,67.0,110.0,39.0,48.0,42.8,0.00,5.06
2015-11-22,107.0,55.0,52.0,39.6,49.3,43.3,0.00,3.57
2015-11-23,257.0,108.0,149.0,36.3,48.6,41.4,0.00,2.65
2015-11-24,230.0,102.0,128.0,40.3,46.6,43.3,0.00,4.72
2015-11-25,216.0,99.0,117.0,37.2,46.4,41.9,0.00,5.52
2015-11-26,101.0,53.0,48.0,36.3,49.8,41.4,0.00,2.76
2015-11-27,152.0,70.0,82.0,34.2,49.6,41.6,0.00,2.53
2015-11-28,98.0,46.0,52.0,31.1,47.3,38.7,0.00,3.45
2015-11-29,109.0,50.0,59.0,30.6,45.7,36.4,0.00,3.57
2015-11-30,236.0,109.0,127.0,30.6,43.7,35.0,0.00,3.22
2015-12-01,257.0,114.0,143.0,40.1,51.3,43.9,0.00,3.57
2015-12-02,232.0,112.0,120.0,41.2,50.7,44.8,0.00,5.64
2015-12-03,173.0,75.0,98.0,48.4,57.0,51.4,0.00,6.56
2015-12-04,226.0,97.0,129.0,45.5,56.5,49.3,0.00,6.44
2015-12-05,120.0,55.0,65.0,44.1,53.1,47.1,0.12,5.98
2015-12-06,95.0,32.0,63.0,48.9,55.9,52.9,0.00,7.25
2015-12-07,182.0,82.0,100.0,47.3,54.7,50.9,0.00,5.98
2015-12-08,174.0,62.0,112.0,48.0,60.6,53.6,0.00,7.13
2015-12-09,209.0,104.0,105.0,50.9,56.7,53.4,0.00,8.86
2015-12-10,203.0,99.0,104.0,47.5,53.6,50.2,0.00,6.67
2015-12-11,207.0,100.0,107.0,44.6,50.2,46.6,0.00,5.06
2015-12-12,98.0,50.0,48.0,43.9,49.5,45.9,0.00,5.75
2015-12-13,120.0,47.0,73.0,45.1,49.6,46.8,0.00,8.63
2015-12-14,241.0,113.0,128.0,42.8,46.9,44.4,0.00,3.68
2015-12-15,230.0,100.0,130.0,36.5,45.7,40.2,0.00,4.37
2015-12-16,215.0,93.0,122.0,41.2,45.0,43.3,0.00,4.26
2015-12-17,174.0,71.0,103.0,39.6,45.3,41.7,0.00,3.80
2015-12-18,209.0,98.0,111.0,41.0,48.2,44.3,0.00,6.79
2015-12-19,130.0,56.0,74.0,40.1,47.3,42.8,0.00,6.21
2015-12-20,111.0,47.0,64.0,44.2,47.3,45.7,0.00,6.90
2015-12-21,194.0,90.0,104.0,40.6,45.0,42.5,0.00,5.29
2015-12-22,175.0,87.0,88.0,38.7,45.7,41.7,0.00,5.29
2015-12-23,184.0,77.0,107.0,39.4,46.0,41.9,0.00,7.13
2015-12-24,119.0,52.0,67.0,38.5,42.4,40.8,0.00,6.33
2015-12-25,56.0,24.0,32.0,37.2,42.6,40.1,0.00,2.88
2015-12-26,83.0,45.0,38.0,36.5,40.8,38.9,0.00,3.57
2015-12-27,51.0,21.0,30.0,34.0,42.1,39.3,0.00,3.11
2015-12-28,116.0,60.0,56.0,37.0,43.0,38.5,0.33,2.65
2015-12-29,182.0,88.0,94.0,39.2,43.9,40.9,0.00,3.34
2015-12-30,157.0,75.0,82.0,35.4,44.1,38.6,0.00,2.99
2015-12-31,139.0,73.0,66.0,32.0,39.0,34.7,0.00,1.38
2016-01-01,102.0,46.0,56.0,30.0,46.0,37.1,0.00,1.61
2016-01-02,106.0,46.0,60.0,28.0,44.6,36.0,0.00,2.19
2016-01-03,123.0,53.0,70.0,35.1,45.0,39.0,0.00,3.11
2016-01-04,191.0,81.0,110.0,37.0,39.2,38.2,0.00,3.45
2016-01-05,243.0,110.0,133.0,38.3,42.8,40.1,0.00,3.45
2016-01-06,242.0,124.0,118.0,41.4,52.9,44.8,0.00,2.19
2016-01-07,220.0,98.0,122.0,40.5,51.3,43.7,0.00,2.99
2016-01-08,296.0,127.0,169.0,41.7,48.4,43.9,0.00,2.19
2016-01-09,120.0,56.0,64.0,35.8,47.5,40.6,0.00,1.73
2016-01-10,130.0,71.0,59.0,40.5,50.4,44.9,0.00,2.76
2016-01-11,208.0,102.0,106.0,37.8,50.5,42.0,0.00,3.68
2016-01-12,213.0,98.0,115.0,43.7,48.7,45.8,0.00,4.83
2016-01-13,194.0,91.0,103.0,46.4,54.1,48.6,0.00,5.64
2016-01-14,241.0,122.0,119.0,40.6,49.8,44.4,0.00,3.91
2016-01-15,208.0,108.0,100.0,37.9,48.2,42.8,0.00,3.68
2016-01-16,89.0,53.0,36.0,44.1,52.5,47.3,0.00,4.60
2016-01-17,97.0,37.0,60.0,46.2,52.2,48.8,0.00,5.52
2016-01-18,146.0,65.0,81.0,46.4,53.8,48.8,0.00,4.83
2016-01-19,253.0,116.0,137.0,45.0,53.8,48.3,0.00,4.49
2016-01-20,237.0,113.0,124.0,42.6,51.4,45.6,0.00,3.68
2016-01-21,179.0,77.0,102.0,45.3,51.4,47.9,0.00,4.14
2016-01-22,227.0,109.0,118.0,50.5,55.6,52.2,0.00,6.90
2016-01-23,82.0,37.0,45.0,45.0,53.4,47.6,0.00,2.99
2016-01-24,166.0,88.0,78.0,42.8,50.4,45.9,0.00,3.45
2016-01-25,300.0,137.0,163.0,40.8,52.7,45.4,0.00,2.99
2016-01-26,221.0,95.0,126.0,47.5,55.0,50.0,0.00,3.91
2016-01-27,226.0,102.0,124.0,51.6,57.0,53.6,0.00,3.91
2016-01-28,191.0,106.0,85.0,50.5,56.3,53.7,0.00,5.18
2016-01-29,262.0,123.0,139.0,44.8,54.3,48.4,0.00,5.18
2016-01-30,140.0,76.0,64.0,41.2,50.4,44.3,0.00,6.56
2016-01-31,151.0,68.0,83.0,39.9,47.3,42.5,0.00,5.64
2016-02-01,274.0,136.0,138.0,40.1,45.7,42.8,0.00,4.14
2016-02-02,262.0,134.0,128.0,40.3,48.0,43.1,0.00,3.91
2016-02-03,218.0,97.0,121.0,42.3,48.4,45.1,0.00,4.37
2016-02-04,243.0,105.0,138.0,43.0,47.8,45.7,0.00,6.44
2016-02-05,194.0,91.0,103.0,44.4,51.8,48.3,0.00,4.14
2016-02-06,122.0,61.0,61.0,44.6,51.3,47.3,0.00,5.98
2016-02-07,125.0,58.0,67.0,39.9,49.5,44.0,0.00,2.42
2016-02-08,291.0,134.0,157.0,43.2,55.0,47.4,0.00,3.45
2016-02-09,248.0,117.0,131.0,40.3,55.4,48.2,0.00,3.68
2016-02-10,218.0,101.0,117.0,48.9,60.8,53.8,0.00,3.91
2016-02-11,185.0,87.0,98.0,47.7,54.1,50.7,0.00,2.30
2016-02-12,173.0,75.0,98.0,49.6,56.5,52.5,0.00,5.52
2016-02-13,69.0,28.0,41.0,45.9,56.8,49.5,0.00,4.49
2016-02-14,60.0,17.0,43.0,45.5,53.8,49.1,0.00,4.49
2016-02-15,99.0,48.0,51.0,51.1,54.0,52.4,0.00,5.06
2016-02-16,223.0,112.0,111.0,49.3,55.0,51.4,0.00,4.26
2016-02-17,241.0,113.0,128.0,47.8,55.2,51.1,0.00,2.65
2016-02-18,210.0,104.0,106.0,47.1,53.1,49.6,0.00,4.95
2016-02-19,203.0,90.0,113.0,45.9,50.7,48.0,0.00,6.33
2016-02-20,156.0,64.0,92.0,40.8,51.1,44.6,0.00,5.18
2016-02-21,101.0,51.0,50.0,39.2,50.2,44.6,0.00,1.84
2016-02-22,263.0,117.0,146.0,43.5,51.6,46.5,0.00,4.72
2016-02-23,307.0,136.0,171.0,39.4,57.6,46.5,0.00,2.42
2016-02-24,274.0,127.0,147.0,45.0,59.4,49.0,0.00,1.61
2016-02-25,296.0,136.0,160.0,43.7,58.3,49.9,0.00,1.96
2016-02-26,240.0,104.0,136.0,45.5,60.8,51.0,0.00,1.61
2016-02-27,173.0,97.0,76.0,48.0,56.5,50.4,0.00,2.53
2016-02-28,109.0,43.0,66.0,46.9,56.8,50.0,0.00,5.98
2016-02-29,221.0,105.0,116.0,44.6,52.5,47.8,0.00,6.67
2016-03-01,212.0,85.0,127.0,45.7,54.7,49.3,0.00,5.41
2016-03-02,248.0,110.0,138.0,44.8,53.6,48.8,0.00,6.90
2016-03-03,229.0,108.0,121.0,49.6,56.3,51.8,0.00,5.64
2016-03-04,222.0,102.0,120.0,45.0,57.2,50.7,0.00,3.80
2016-03-05,186.0,92.0,94.0,48.4,63.1,52.9,0.00,4.03
2016-03-06,98.0,47.0,51.0,46.6,61.2,53.1,0.00,5.64
2016-03-07,186.0,87.0,99.0,43.2,52.3,46.5,0.00,4.95
2016-03-08,254.0,125.0,129.0,42.8,52.0,46.5,0.00,5.18
2016-03-09,178.0,75.0,103.0,43.5,53.2,46.8,0.00,3.80
2016-03-10,195.0,87.0,108.0,47.5,55.8,51.7,0.00,9.21
2016-03-11,222.0,95.0,127.0,41.7,51.6,46.0,0.00,4.03
2016-03-12,121.0,56.0,65.0,43.9,50.2,48.0,0.00,5.18
2016-03-13,97.0,46.0,51.0,42.3,52.5,45.7,0.00,7.71
2016-03-14,196.0,93.0,103.0,41.9,48.0,44.2,0.00,7.83
2016-03-15,251.0,115.0,136.0,41.7,49.6,43.8,0.00,4.95
2016-03-16,269.0,122.0,147.0,44.2,50.7,46.5,0.00,3.68
2016-03-17,283.0,142.0,141.0,39.9,54.0,46.4,0.00,3.34
2016-03-18,229.0,113.0,116.0,45.5,63.0,52.9,0.00,3.68
2016-03-19,245.0,123.0,122.0,47.8,62.2,53.4,0.00,3.45
2016-03-20,142.0,67.0,75.0,48.6,58.3,51.9,0.00,2.07
2016-03-21,207.0,101.0,106.0,48.6,54.3,51.3,0.00,4.37
2016-03-22,275.0,132.0,143.0,45.7,55.8,48.9,0.00,4.95
2016-03-23,266.0,125.0,141.0,47.8,52.0,49.6,0.00,6.67
2016-03-24,228.0,102.0,126.0,45.1,52.9,48.6,0.00,7.13
2016-03-25,288.0,139.0,149.0,44.2,52.5,47.4,0.00,4.26
2016-03-26,170.0,81.0,89.0,43.7,55.9,48.7,0.00,3.34
2016-03-27,87.0,43.0,44.0,47.7,56.7,51.5,0.00,4.60
2016-03-28,268.0,128.0,140.0,41.5,52.5,45.1,0.00,3.91
2016-03-29,313.0,148.0,165.0,42.8,59.7,50.1,0.00,4.14
2016-03-30,311.0,168.0,143.0,46.0,60.6,52.8,0.00,3.80
2016-03-31,360.0,171.0,189.0,47.8,59.0,52.2,0.00,1.96
2016-04-01,336.0,154.0,182.0,49.3,63.7,54.4,0.00,2.30
2016-04-02,271.0,137.0,134.0,47.7,64.4,53.6,0.00,3.57
2016-04-03,341.0,151.0,190.0,48.2,68.2,53.7,0.00,3.11
2016-04-04,285.0,136.0,149.0,49.3,68.7,55.2,0.00,7.25
2016-04-05,315.0,145.0,170.0,46.9,56.8,50.5,0.00,5.41
2016-04-06,378.0,173.0,205.0,46.8,60.8,52.0,0.00,3.68
2016-04-07,410.0,195.0,215.0,52.5,66.4,57.1,0.00,4.83
2016-04-08,343.0,179.0,164.0,50.7,73.4,59.3,0.00,2.19
2016-04-09,306.0,150.0,156.0,47.7,74.1,55.1,0.00,2.65
2016-04-10,181.0,83.0,98.0,48.9,64.2,53.2,0.00,4.60
2016-04-11,246.0,123.0,123.0,50.2,56.1,52.3,0.00,4.83
2016-04-12,238.0,116.0,122.0,49.5,56.8,52.7,0.00,4.83
2016-04-13,253.0,127.0,126.0,46.8,54.3,49.5,0.00,5.98
2016-04-14,270.0,131.0,139.0,45.7,57.2,51.1,0.00,4.83
2016-04-15,248.0,103.0,145.0,49.3,58.8,52.5,0.00,4.95
2016-04-16,216.0,101.0,115.0,54.0,58.5,56.6,0.00,2.76
2016-04-17,264.0,127.0,137.0,52.2,72.5,58.2,0.00,4.49
2016-04-18,364.0,171.0,193.0,51.6,78.4,61.5,0.00,1.84
2016-04-19,405.0,191.0,214.0,54.0,78.6,61.2,0.00,1.84
2016-04-20,390.0,194.0,196.0,53.2,79.7,61.4,0.00,1.84
2016-04-21,407.0,192.0,215.0,54.1,73.0,61.4,0.00,3.45
2016-04-22,278.0,128.0,150.0,55.6,67.5,59.7,0.00,4.14
2016-04-23,231.0,110.0,121.0,52.7,63.7,56.2,0.00,5.29
2016-04-24,71.0,33.0,38.0,47.5,60.3,52.5,0.00,5.64
2016-04-25,305.0,154.0,151.0,46.0,55.4,49.3,0.00,3.45
2016-04-26,362.0,160.0,202.0,45.3,57.2,51.4,0.00,4.26
2016-04-27,351.0,168.0,183.0,51.1,57.7,53.3,0.00,3.57
2016-04-28,356.0,158.0,198.0,52.0,61.7,55.2,0.00,2.76
2016-04-29,306.0,142.0,164.0,49.6,62.6,53.8,0.00,3.22
2016-04-30,227.0,117.0,110.0,49.5,63.0,54.5,0.00,2.30
2016-05-01,272.0,158.0,114.0,52.9,72.9,60.0,0.00,2.88
2016-05-02,453.0,240.0,213.0,54.3,79.0,63.3,0.00,2.07
2016-05-03,361.0,181.0,180.0,57.9,82.9,66.3,0.00,2.53
2016-05-04,347.0,165.0,182.0,52.3,65.7,56.7,0.00,2.53
2016-05-05,388.0,167.0,221.0,52.3,61.0,55.3,0.00,2.88
2016-05-06,378.0,180.0,198.0,53.4,70.0,61.2,0.00,3.11
2016-05-07,299.0,138.0,161.0,53.1,74.3,62.1,0.00,1.73
2016-05-08,143.0,65.0,78.0,50.0,72.7,58.0,0.00,3.45
2016-05-09,396.0,194.0,202.0,49.6,61.3,53.8,0.00,2.76
2016-05-10,416.0,200.0,216.0,50.2,70.5,56.9,0.00,2.88
2016-05-11,404.0,191.0,213.0,53.1,70.9,60.9,0.00,2.19
2016-05-12,411.0,185.0,226.0,53.2,72.1,58.7,0.00,2.42
2016-05-13,376.0,178.0,198.0,54.0,69.1,59.8,0.00,4.72
2016-05-14,174.0,63.0,111.0,54.9,78.6,60.8,0.00,3.45
2016-05-15,150.0,76.0,74.0,53.8,58.1,54.9,0.00,4.03
2016-05-16,331.0,148.0,183.0,53.6,55.4,54.5,0.00,2.07
2016-05-17,391.0,184.0,207.0,53.8,63.9,56.3,0.00,1.61
2016-05-18,332.0,166.0,166.0,53.6,67.1,58.2,0.00,1.84
2016-05-19,275.0,133.0,142.0,49.6,59.2,53.1,0.00,4.72
2016-05-20,351.0,165.0,186.0,51.3,61.3,53.4,0.00,3.34
2016-05-21,117.0,47.0,70.0,52.0,62.1,56.2,0.00,2.99
2016-05-22,237.0,104.0,133.0,53.8,63.5,56.4,0.00,5.52
2016-05-23,333.0,150.0,183.0,54.1,62.4,57.0,0.00,4.03
2016-05-24,415.0,192.0,223.0,55.9,62.4,58.2,0.00,2.07
2016-05-25,360.0,161.0,199.0,54.5,62.1,57.8,0.00,2.88
2016-05-26,316.0,158.0,158.0,52.7,58.1,54.5,0.00,5.18
2016-05-27,270.0,127.0,143.0,48.7,59.5,52.9,0.00,4.03
2016-05-28,101.0,46.0,55.0,50.2,60.1,54.3,0.00,5.29
2016-05-29,126.0,62.0,64.0,51.8,58.3,55.8,0.00,3.80
2016-05-30,281.0,142.0,139.0,51.3,64.4,56.6,0.00,2.65
2016-05-31,375.0,183.0,192.0,54.5,68.4,60.1,0.00,3.11
2016-06-01,402.0,187.0,215.0,55.6,75.6,61.6,0.00,2.76
2016-06-02,334.0,144.0,190.0,58.3,66.9,61.0,0.00,5.98
2016-06-03,312.0,161.0,151.0,55.2,74.5,59.9,0.00,3.45
2016-06-04,215.0,106.0,109.0,62.8,73.8,67.9,0.00,4.60
2016-06-05,219.0,105.0,114.0,63.0,91.9,76.9,0.00,3.80
2016-06-06,346.0,171.0,175.0,61.5,78.3,68.6,0.00,4.83
2016-06-07,390.0,195.0,195.0,57.2,68.0,62.1,0.00,1.96
2016-06-08,351.0,170.0,181.0,56.8,74.5,62.1,0.00,3.91
2016-06-09,340.0,154.0,186.0,54.7,62.4,57.6,0.00,4.95
2016-06-10,312.0,135.0,177.0,52.3,62.1,56.7,0.00,5.64
2016-06-11,191.0,87.0,104.0,52.3,61.0,55.5,0.00,3.68
2016-06-12,223.0,104.0,119.0,55.8,65.3,58.8,0.00,3.45
2016-06-13,326.0,145.0,181.0,54.5,65.3,59.5,0.00,4.60
2016-06-14,286.0,115.0,171.0,51.1,57.9,53.6,0.00,7.60
2016-06-15,315.0,149.0,166.0,48.2,59.7,53.0,0.00,5.29
2016-06-16,337.0,152.0,185.0,52.9,62.4,56.5,0.00,3.22
2016-06-17,283.0,131.0,152.0,53.4,63.7,58.0,0.00,1.96
2016-06-18,147.0,69.0,78.0,54.1,62.6,56.7,0.00,3.11
2016-06-19,253.0,123.0,130.0,51.1,65.3,57.3,0.00,4.26
2016-06-20,309.0,141.0,168.0,57.4,65.3,60.5,0.00,4.60
2016-06-21,337.0,155.0,182.0,55.8,65.3,59.6,0.00,3.91
2016-06-22,378.0,189.0,189.0,56.7,63.9,59.0,0.00,4.03
2016-06-23,197.0,84.0,113.0,55.0,64.9,59.7,0.00,5.98
2016-06-24,212.0,104.0,108.0,53.8,64.0,57.2,0.00,4.49
2016-06-25,166.0,79.0,87.0,56.7,62.2,59.6,0.00,3.57
2016-06-26,183.0,85.0,98.0,57.4,69.8,62.3,0.00,2.65
2016-06-27,340.0,164.0,176.0,57.9,71.8,64.3,0.00,2.19
2016-06-28,334.0,144.0,190.0,56.1,78.1,62.1,0.00,2.53
2016-06-29,313.0,141.0,172.0,56.3,68.4,60.1,0.00,3.91
2016-06-30,312.0,144.0,168.0,56.8,67.8,60.3,0.00,2.65
2016-07-01,293.0,134.0,159.0,56.7,66.6,60.6,0.00,2.65
2016-07-02,149.0,78.0,71.0,59.2,66.4,62.8,0.00,2.99
2016-07-03,174.0,81.0,93.0,58.1,70.2,61.9,0.00,2.65
2016-07-04,202.0,104.0,98.0,57.4,68.0,61.3,0.00,3.45
2016-07-05,308.0,146.0,162.0,55.9,63.7,59.5,0.00,3.57
2016-07-06,365.0,178.0,187.0,56.8,65.1,60.0,0.00,2.53
2016-07-07,262.0,119.0,143.0,57.0,68.2,62.1,0.00,2.19
2016-07-08,287.0,135.0,152.0,59.0,68.7,64.0,0.00,4.14
2016-07-09,208.0,118.0,90.0,58.5,70.0,62.4,0.00,4.37
2016-07-10,206.0,98.0,108.0,56.3,65.7,60.2,0.00,3.11
2016-07-11,306.0,153.0,153.0,57.2,67.3,61.9,0.00,3.34
2016-07-12,399.0,189.0,210.0,57.0,71.4,62.8,0.00,1.96
2016-07-13,403.0,206.0,197.0,57.9,70.9,63.1,0.00,2.42
2016-07-14,327.0,155.0,172.0,58.1,70.0,62.9,0.00,3.11
2016-07-15,278.0,130.0,148.0,57.7,70.5,62.9,0.00,3.34
2016-07-16,223.0,104.0,119.0,58.8,68.2,62.7,0.00,4.26
2016-07-17,238.0,124.0,114.0,58.3,69.6,62.4,0.00,2.19
2016-07-18,319.0,150.0,169.0,58.8,71.4,63.8,0.00,3.34
2016-07-19,357.0,176.0,181.0,61.0,69.4,64.8,0.00,3.34
2016-07-20,361.0,161.0,200.0,58.6,74.8,63.5,0.00,2.88
2016-07-21,362.0,176.0,186.0,57.6,75.4,66.1,0.00,4.49
2016-07-22,217.0,89.0,128.0,60.4,75.6,64.1,0.00,4.72
2016-07-23,171.0,85.0,86.0,58.8,65.7,61.4,0.00,2.65
2016-07-24,245.0,119.0,126.0,57.6,72.0,62.6,0.00,3.80
2016-07-25,364.0,169.0,195.0,57.9,74.8,64.6,0.00,2.88
2016-07-26,352.0,171.0,181.0,59.0,79.5,63.5,0.00,3.11
2016-07-27,344.0,167.0,177.0,57.2,73.0,62.9,0.00,3.45
2016-07-28,373.0,183.0,190.0,59.2,75.7,64.3,0.00,3.34
2016-07-29,311.0,142.0,169.0,60.3,78.6,65.4,0.00,2.53
2016-07-30,211.0,93.0,118.0,58.8,73.6,64.0,0.00,4.49
2016-07-31,222.0,118.0,104.0,58.5,72.7,62.0,0.00,4.26
2016-08-01,291.0,146.0,145.0,54.7,68.5,59.8,0.00,2.88
2016-08-02,250.0,133.0,117.0,57.6,65.3,61.0,0.00,4.60
2016-08-03,377.0,191.0,186.0,59.5,66.7,62.1,0.00,3.68
2016-08-04,374.0,177.0,197.0,57.9,71.1,64.0,0.00,4.37
2016-08-05,249.0,118.0,131.0,57.6,71.8,63.6,0.00,3.22
2016-08-06,207.0,97.0,110.0,57.2,73.4,62.2,0.00,4.03
2016-08-07,166.0,88.0,78.0,57.6,66.2,61.6,0.00,2.76
2016-08-08,268.0,131.0,137.0,57.4,66.9,60.3,0.00,3.80
2016-08-09,335.0,156.0,179.0,59.0,67.8,63.2,0.00,3.22
2016-08-10,354.0,157.0,197.0,58.8,68.4,62.4,0.00,2.76
2016-08-11,311.0,154.0,157.0,59.0,73.4,65.6,0.00,4.26
2016-08-12,286.0,148.0,138.0,59.4,80.1,67.9,0.00,2.99
2016-08-13,151.0,68.0,83.0,60.6,81.0,68.4,0.00,2.65
2016-08-14,223.0,113.0,110.0,58.1,83.7,66.6,0.00,2.53
2016-08-15,321.0,174.0,147.0,60.1,80.1,67.2,0.00,2.53
2016-08-16,370.0,193.0,177.0,56.5,73.9,63.8,0.00,2.99
2016-08-17,306.0,155.0,151.0,57.9,73.8,65.1,0.00,3.22
2016-08-18,302.0,160.0,142.0,59.7,79.9,68.0,0.00,3.57
2016-08-19,219.0,114.0,105.0,69.3,88.0,78.6,0.00,3.57
2016-08-20,160.0,69.0,91.0,59.7,88.3,68.8,0.00,1.96
2016-08-21,198.0,98.0,100.0,58.6,78.4,65.3,0.00,3.68
2016-08-22,333.0,162.0,171.0,57.2,67.3,62.2,0.00,3.34
2016-08-23,361.0,176.0,185.0,56.7,74.1,63.8,0.00,2.76
2016-08-24,373.0,194.0,179.0,59.2,79.0,67.8,0.00,2.76
2016-08-25,358.0,166.0,192.0,58.6,84.7,69.5,0.00,2.76
2016-08-26,291.0,137.0,154.0,59.5,86.0,69.7,0.00,1.73
2016-08-27,165.0,72.0,93.0,61.5,75.2,67.2,0.00,4.37
2016-08-28,204.0,105.0,99.0,59.2,67.3,61.7,0.00,4.37
2016-08-29,363.0,164.0,199.0,55.4,78.6,60.9,0.00,2.76
2016-08-30,363.0,174.0,189.0,59.5,78.6,64.6,0.00,5.29
2016-08-31,348.0,147.0,201.0,61.3,69.4,64.3,0.00,4.49
2016-09-01,301.0,148.0,153.0,59.5,67.6,62.9,0.00,5.06
2016-09-02,217.0,99.0,118.0,57.4,67.8,60.6,0.00,5.18
2016-09-03,171.0,69.0,102.0,55.0,65.3,58.9,0.00,4.14
2016-09-04,214.0,103.0,111.0,54.7,64.4,58.8,0.00,3.68
2016-09-05,185.0,80.0,105.0,55.6,64.0,59.3,0.00,3.22
2016-09-06,293.0,136.0,157.0,56.1,63.7,59.2,0.00,3.45
2016-09-07,282.0,127.0,155.0,57.9,63.3,59.9,0.00,3.22
2016-09-08,356.0,173.0,183.0,58.6,65.1,61.1,0.00,4.14
2016-09-09,350.0,176.0,174.0,55.2,67.5,60.1,0.00,2.76
2016-09-10,265.0,118.0,147.0,55.9,70.0,61.0,0.00,2.53
2016-09-11,156.0,68.0,88.0,57.6,69.3,62.3,0.00,3.91
2016-09-12,338.0,156.0,182.0,55.8,69.6,61.9,0.00,3.91
2016-09-13,344.0,173.0,171.0,56.3,71.6,63.6,0.00,3.57
2016-09-14,415.0,189.0,226.0,55.9,70.9,61.6,0.00,3.34
2016-09-15,370.0,180.0,190.0,55.6,77.0,61.3,0.00,3.11
2016-09-16,290.0,151.0,139.0,55.2,65.7,59.2,0.00,2.42
2016-09-17,104.0,38.0,66.0,58.5,71.8,61.3,0.00,5.75
2016-09-18,196.0,93.0,103.0,55.6,66.4,59.8,0.00,3.68
2016-09-19,306.0,148.0,158.0,57.4,67.8,61.8,0.00,7.48
2016-09-20,367.0,179.0,188.0,53.8,63.7,58.2,0.00,4.60
2016-09-21,321.0,162.0,159.0,54.3,64.8,58.7,0.00,3.68
2016-09-22,392.0,190.0,202.0,52.3,64.6,58.2,0.00,3.57
2016-09-23,291.0,131.0,160.0,56.1,65.5,58.0,0.00,6.79
2016-09-24,190.0,99.0,91.0,55.4,62.2,58.1,0.00,3.91
2016-09-25,192.0,83.0,109.0,56.7,67.8,60.0,0.00,2.42
2016-09-26,379.0,190.0,189.0,57.7,71.8,62.2,0.00,4.37
2016-09-27,394.0,180.0,214.0,60.3,68.4,64.1,0.00,3.45
2016-09-28,353.0,166.0,187.0,55.4,65.3,59.2,0.00,3.80
2016-09-29,367.0,175.0,192.0,52.9,66.7,58.3,0.00,3.22
2016-09-30,353.0,165.0,188.0,48.7,63.3,56.4,0.00,2.53
2016-10-01,139.0,62.0,77.0,53.2,63.5,57.6,0.00,4.72
2016-10-02,204.0,86.0,118.0,52.9,61.2,55.7,0.00,2.76
2016-10-03,253.0,126.0,127.0,53.6,60.8,56.9,0.00,4.37
2016-10-04,178.0,94.0,84.0,53.6,59.9,56.3,0.00,5.52
2016-10-05,183.0,99.0,84.0,54.7,60.6,57.4,0.00,5.41
2016-10-06,166.0,93.0,73.0,54.7,61.9,57.9,0.00,5.41
2016-10-07,139.0,85.0,54.0,54.5,62.2,57.2,0.00,7.71
2016-10-08,41.0,22.0,19.0,53.1,66.7,58.8,0.00,5.75
2016-10-09,60.0,32.0,28.0,51.8,62.6,55.9,0.00,4.37
2016-10-10,197.0,114.0,83.0,48.6,58.3,52.1,0.00,4.72
2016-10-11,223.0,125.0,98.0,46.4,60.6,52.6,0.00,4.37
2016-10-12,205.0,118.0,87.0,47.8,60.6,53.2,0.00,2.76
2016-10-13,75.0,36.0,39.0,52.7,60.4,55.6,0.00,4.03
2016-10-14,56.0,29.0,27.0,52.3,59.0,55.7,0.00,8.75
2016-10-15,13.0,9.0,4.0,51.4,60.3,54.2,0.00,8.06
2016-10-16,31.0,21.0,10.0,52.0,62.1,55.1,0.00,7.48
2016-10-17,150.0,81.0,69.0,51.8,59.0,54.3,0.00,5.18
2016-10-18,185.0,99.0,86.0,50.7,59.4,54.5,0.00,6.21
2016-10-19,196.0,102.0,94.0,48.9,57.7,53.1,0.00,3.34
2016-10-20,115.0,62.0,53.0,50.9,60.6,54.2,0.00,2.99
2016-10-21,168.0,86.0,82.0,51.4,59.7,55.1,0.00,3.80
2016-10-22,70.0,44.0,26.0,48.9,59.5,53.0,0.00,4.26
2016-10-23,49.0,29.0,20.0,52.0,58.6,54.8,0.00,2.76
2016-10-24,178.0,99.0,79.0,53.4,60.3,56.3,0.00,4.03
2016-10-25,191.0,113.0,78.0,53.2,62.4,57.0,0.00,6.90
2016-10-26,119.0,70.0,49.0,52.7,59.2,54.9,0.00,2.42
2016-10-27,136.0,81.0,55.0,54.9,58.8,56.4,0.00,5.29
2016-10-28,132.0,78.0,54.0,52.9,60.3,55.2,0.00,3.57
2016-10-29,43.0,24.0,19.0,51.8,63.0,55.9,0.00,2.19
2016-10-30,38.0,21.0,17.0,47.5,56.5,51.1,0.00,1.96
2016-10-31,138.0,77.0,61.0,50.7,57.2,52.8,0.00,5.06
2016-11-01,165.0,86.0,79.0,49.6,56.3,52.2,0.00,3.45
2016-11-02,126.0,71.0,55.0,52.5,56.3,54.2,0.00,5.06
2016-11-03,156.0,92.0,64.0,52.9,60.3,55.7,0.00,4.26
2016-11-04,163.0,97.0,66.0,46.2,63.5,52.2,0.00,1.84
2016-11-05,15.0,8.0,7.0,55.0,64.4,59.1,0.00,4.49
2016-11-06,51.0,28.0,23.0,50.4,60.4,54.2,0.00,5.64
2016-11-07,176.0,99.0,77.0,52.9,58.6,55.3,0.00,2.76
2016-11-08,203.0,117.0,86.0,52.0,69.6,57.6,0.00,3.22
2016-11-09,135.0,84.0,51.0,55.8,66.7,60.3,0.00,5.06
2016-11-10,157.0,105.0,52.0,49.6,66.2,53.4,0.00,1.50
2016-11-11,84.0,64.0,20.0,46.9,64.0,56.2,0.00,4.60
2016-11-12,33.0,20.0,13.0,55.9,59.9,57.8,0.00,7.13
2016-11-13,31.0,18.0,13.0,49.8,56.3,52.8,0.00,5.06
2016-11-14,145.0,104.0,41.0,51.8,57.6,53.8,0.00,5.29
2016-11-15,113.0,77.0,36.0,48.9,55.9,52.2,0.00,5.41
2016-11-16,133.0,92.0,41.0,46.2,49.1,47.5,0.00,5.41
2016-11-17,137.0,89.0,48.0,45.5,52.9,47.9,0.00,4.49
2016-11-18,103.0,71.0,32.0,43.9,54.7,48.1,0.00,2.42
2016-11-19,28.0,19.0,9.0,48.9,55.2,52.2,0.00,4.95
2016-11-20,27.0,18.0,9.0,50.9,55.0,53.7,0.00,4.37
2016-11-21,160.0,94.0,66.0,50.2,54.0,51.2,0.00,5.64
2016-11-22,113.0,70.0,43.0,46.4,52.7,49.1,0.00,4.37
2016-11-23,115.0,71.0,44.0,45.5,49.3,47.3,0.00,4.60
2016-11-24,6.0,5.0,1.0,46.4,51.6,48.4,0.00,6.10
2016-11-25,34.0,23.0,11.0,46.4,52.7,48.4,0.00,5.41
2016-11-26,13.0,10.0,3.0,47.3,52.0,49.9,0.00,3.34
2016-11-27,24.0,17.0,7.0,43.9,49.8,45.6,0.00,4.26
2016-11-28,126.0,92.0,34.0,46.4,52.5,49.4,0.00,3.57
2016-11-29,143.0,107.0,36.0,46.0,52.3,48.6,0.00,4.14
2016-11-30,110.0,78.0,32.0,44.8,52.3,48.2,0.00,8.86
2016-12-01,112.0,84.0,28.0,42.6,49.6,45.3,0.00,4.95
2016-12-02,74.0,52.0,22.0,45.3,49.3,46.7,0.00,7.02
2016-12-03,29.0,23.0,6.0,46.4,48.9,47.7,0.00,6.10
2016-12-04,41.0,33.0,8.0,40.6,48.6,45.3,0.00,7.13
2016-12-05,86.0,62.0,24.0,35.4,42.4,38.8,0.00,5.98
2016-12-06,83.0,57.0,26.0,35.2,40.6,37.9,0.00,4.37
2016-12-07,71.0,53.0,18.0,31.1,39.9,35.9,0.00,2.76
2016-12-08,69.0,54.0,15.0,32.9,40.3,35.7,0.00,2.53
2016-12-09,19.0,12.0,7.0,31.8,39.2,34.7,0.00,6.10
2016-12-10,20.0,13.0,7.0,36.0,44.2,39.1,0.00,6.67
2016-12-11,16.0,10.0,6.0,42.1,44.4,43.1,0.00,8.75
2016-12-12,70.0,54.0,16.0,40.8,43.0,41.8,0.00,6.56
2016-12-13,73.0,58.0,15.0,37.9,41.2,39.2,0.00,3.45
2016-12-14,67.0,52.0,15.0,33.3,39.6,35.8,0.00,4.72
2016-12-15,63.0,47.0,16.0,35.6,39.0,36.5,0.00,3.45
2016-12-16,50.0,36.0,14.0,31.1,37.8,34.6,0.00,4.60
2016-12-17,20.0,15.0,5.0,26.6,34.5,30.5,0.00,4.03
2016-12-18,17.0,12.0,5.0,32.0,39.7,34.2,0.00,3.34
2016-12-19,51.0,40.0,11.0,36.7,45.7,40.7,0.00,7.48
2016-12-20,65.0,50.0,15.0,43.5,50.9,47.0,0.00,9.32
2016-12-21,61.0,51.0,10.0,40.6,49.5,44.2,0.00,3.80
2016-12-22,52.0,39.0,13.0,38.7,45.9,42.1,0.00,4.60
2016-12-23,32.0,25.0,7.0,37.4,46.6,40.6,0.00,3.22
2016-12-24,25.0,16.0,9.0,36.9,41.2,38.6,0.00,3.45
2016-12-25,19.0,11.0,8.0,35.6,39.9,37.8,0.00,3.45
2016-12-26,25.0,16.0,9.0,36.0,42.1,38.4,0.00,4.60
2016-12-27,59.0,37.0,22.0,39.7,45.5,42.5,0.00,9.67
2016-12-28,57.0,38.0,19.0,39.7,47.5,42.6,0.00,7.36
2016-12-29,74.0,46.0,28.0,42.3,47.1,44.2,0.00,4.95
2016-12-30,64.0,42.0,22.0,40.5,47.7,43.0,0.00,4.49
2016-12-31,28.0,17.0,11.0,34.0,44.2,37.7,0.00,4.49
2017-01-01,13.0,7.0,6.0,33.1,39.9,35.9,0.12,5.52
2017-01-02,44.0,27.0,17.0,33.6,36.7,35.2,0.00,2.76
2017-01-03,118.0,68.0,50.0,28.8,36.0,32.0,0.00,3.45
2017-01-04,99.0,56.0,43.0,27.3,40.8,32.0,0.00,2.53
2017-01-05,93.0,48.0,45.0,28.8,39.6,32.9,0.00,3.57
2017-01-06,102.0,55.0,47.0,27.5,41.2,32.7,0.00,4.60
2017-01-07,30.0,20.0,10.0,30.9,41.4,35.1,0.00,4.37
2017-01-08,24.0,17.0,7.0,36.9,44.4,39.5,0.00,4.26
2017-01-09,114.0,69.0,45.0,38.3,44.6,41.1,0.00,6.90
2017-01-10,108.0,62.0,46.0,38.1,40.8,39.4,0.00,2.99
2017-01-11,98.0,58.0,40.0,32.2,38.1,34.5,0.00,5.41
2017-01-12,96.0,59.0,37.0,29.7,41.5,33.7,0.00,2.07
2017-01-13,82.0,45.0,37.0,30.7,39.9,34.8,0.00,2.19
2017-01-14,40.0,27.0,13.0,32.0,44.2,36.6,0.00,2.99
2017-01-15,37.0,22.0,15.0,31.5,43.9,37.7,0.00,3.11
2017-01-16,62.0,30.0,32.0,35.8,46.4,39.7,0.00,3.34
2017-01-17,114.0,61.0,53.0,42.3,48.0,45.4,0.00,4.72
2017-01-18,77.0,46.0,31.0,43.5,52.9,46.7,0.00,6.33
2017-01-19,99.0,60.0,39.0,45.9,50.2,47.9,0.00,6.10
2017-01-20,112.0,66.0,46.0,41.4,53.4,47.9,0.00,4.14
2017-01-21,57.0,32.0,25.0,43.7,51.8,46.8,0.00,2.53
2017-01-22,30.0,18.0,12.0,45.0,48.2,46.3,0.00,3.91
2017-01-23,148.0,78.0,70.0,39.6,46.9,43.0,0.00,3.11
2017-01-24,125.0,72.0,53.0,36.1,46.8,40.6,0.00,3.68
2017-01-25,98.0,67.0,31.0,38.8,43.9,41.3,0.00,3.34
2017-01-26,109.0,68.0,41.0,43.5,48.6,44.7,0.00,2.42
2017-01-27,116.0,72.0,44.0,41.2,49.5,45.4,0.00,2.88
2017-01-28,56.0,29.0,27.0,42.4,54.3,47.3,0.00,3.91
2017-01-29,34.0,17.0,17.0,42.1,54.0,47.2,0.00,6.56
2017-01-30,142.0,80.0,62.0,44.4,48.4,46.0,0.00,3.68
2017-01-31,153.0,91.0,62.0,40.6,44.6,42.6,0.00,6.44
2017-02-01,125.0,74.0,51.0,34.0,44.2,38.9,0.00,4.72
2017-02-02,120.0,71.0,49.0,35.8,46.4,39.7,0.00,4.03
2017-02-03,60.0,33.0,27.0,34.0,45.3,38.7,0.00,3.57
2017-02-04,20.0,12.0,8.0,38.7,46.4,42.0,0.00,4.95
2017-02-05,34.0,19.0,15.0,37.2,44.6,40.7,0.00,7.48
2017-02-06,23.0,14.0,9.0,31.5,39.2,34.5,0.00,4.14
2017-02-07,49.0,26.0,23.0,35.8,40.6,37.9,0.00,5.52
2017-02-08,73.0,40.0,33.0,37.2,39.7,38.6,0.00,2.42
2017-02-09,86.0,42.0,44.0,39.0,56.1,45.2,0.00,6.33
2017-02-10,119.0,64.0,55.0,45.3,53.1,48.0,0.00,10.59
2017-02-11,53.0,28.0,25.0,40.8,47.8,42.7,0.00,4.72
2017-02-12,66.0,39.0,27.0,37.9,49.5,43.1,0.00,3.68
2017-02-13,166.0,94.0,72.0,39.0,54.7,44.6,0.00,4.72
2017-02-14,169.0,90.0,79.0,38.7,54.9,45.7,0.00,3.22
2017-02-15,93.0,48.0,45.0,45.7,57.0,50.2,0.00,3.80
2017-02-16,147.0,74.0,73.0,49.3,54.0,51.7,0.00,7.02
2017-02-17,145.0,81.0,64.0,46.2,54.5,48.9,0.00,6.21
2017-02-18,36.0,21.0,15.0,44.1,51.8,45.7,0.00,5.29
2017-02-19,32.0,17.0,15.0,45.7,46.2,45.9,0.00,4.83
2017-02-20,32.0,18.0,14.0,39.0,48.0,43.6,0.13,4.95
2017-02-21,118.0,66.0,52.0,44.8,47.1,45.7,0.00,4.14
2017-02-22,127.0,68.0,59.0,39.2,48.0,41.8,0.00,4.72
2017-02-23,121.0,64.0,57.0,36.5,46.0,40.4,0.00,3.45
2017-02-24,115.0,66.0,49.0,36.1,44.2,39.3,0.00,4.83
2017-02-25,81.0,56.0,25.0,35.6,45.1,40.9,0.00,3.57
2017-02-26,32.0,14.0,18.0,36.3,44.1,39.9,0.00,6.10
2017-02-27,50.0,29.0,21.0,34.5,42.8,39.7,0.00,5.29
2017-02-28,125.0,62.0,63.0,34.3,46.9,37.5,0.00,2.88
2017-03-01,148.0,80.0,68.0,43.5,49.1,45.2,0.00,10.59
2017-03-02,118.0,67.0,51.0,43.5,49.3,45.9,0.00,5.87
2017-03-03,105.0,52.0,53.0,44.6,49.8,47.2,0.00,7.83
2017-03-04,53.0,32.0,21.0,37.4,48.2,42.6,0.00,6.79
2017-03-05,30.0,16.0,14.0,37.6,45.7,41.2,0.00,5.75
2017-03-06,147.0,75.0,72.0,37.4,45.9,39.9,0.00,8.75
2017-03-07,106.0,53.0,53.0,36.7,41.7,38.8,0.00,7.13
2017-03-08,129.0,70.0,59.0,40.3,43.7,42.2,0.00,7.13
2017-03-09,111.0,62.0,49.0,38.8,44.2,40.9,0.00,4.03
2017-03-10,125.0,69.0,56.0,42.6,52.3,48.6,0.00,8.52
2017-03-11,51.0,26.0,25.0,43.2,52.5,46.1,0.00,3.80
2017-03-12,60.0,31.0,29.0,47.7,53.1,49.7,0.00,7.71
2017-03-13,115.0,68.0,47.0,48.4,53.2,51.0,0.00,4.03
2017-03-14,144.0,80.0,64.0,48.7,57.4,52.8,0.00,5.41
2017-03-15,85.0,44.0,41.0,47.5,54.7,50.7,0.00,3.68
2017-03-16,149.0,78.0,71.0,42.3,51.1,47.0,0.00,8.17
2017-03-17,107.0,59.0,48.0,41.4,51.4,44.9,0.00,3.45
2017-03-18,39.0,16.0,23.0,43.7,55.4,48.4,0.00,5.52
2017-03-19,88.0,49.0,39.0,37.2,50.4,42.4,0.00,4.83
2017-03-20,184.0,101.0,83.0,41.9,51.3,46.3,0.00,6.67
2017-03-21,129.0,67.0,62.0,44.8,53.2,47.9,0.00,2.30
2017-03-22,119.0,64.0,55.0,48.9,55.8,52.0,0.00,6.44
2017-03-23,146.0,77.0,69.0,43.7,53.2,47.6,0.00,8.17
2017-03-24,93.0,50.0,43.0,45.3,53.6,48.9,0.00,5.64
2017-03-25,67.0,36.0,31.0,44.8,52.2,48.0,0.00,6.33
2017-03-26,38.0,20.0,18.0,45.0,50.7,47.0,0.00,4.49
2017-03-27,184.0,99.0,85.0,46.0,51.4,48.1,0.00,6.90
2017-03-28,166.0,87.0,79.0,46.0,53.2,48.5,0.00,9.55
2017-03-29,117.0,66.0,51.0,46.8,53.6,49.7,0.00,7.02
2017-03-30,182.0,99.0,83.0,46.2,52.3,49.7,0.00,3.91
2017-03-31,179.0,103.0,76.0,42.4,52.7,47.8,0.00,3.57
2017-04-01,54.0,32.0,22.0,47.1,55.6,51.1,0.00,3.68
2017-04-02,68.0,42.0,26.0,43.5,55.2,49.3,0.00,3.80
2017-04-03,199.0,107.0,92.0,43.2,53.1,46.9,0.00,3.91
2017-04-04,197.0,115.0,82.0,45.7,60.3,49.8,0.00,3.45
2017-04-05,111.0,62.0,49.0,48.6,59.0,51.3,0.00,5.18
2017-04-06,158.0,90.0,68.0,48.7,57.0,51.7,0.00,5.64
2017-04-07,94.0,54.0,40.0,48.2,58.6,53.1,0.00,7.71
2017-04-08,53.0,30.0,23.0,45.0,55.0,47.7,0.00,9.09
2017-04-09,127.0,66.0,61.0,42.3,53.1,46.8,0.00,5.98
2017-04-10,139.0,70.0,69.0,45.0,52.7,49.1,0.00,6.21
2017-04-11,206.0,120.0,86.0,42.3,54.5,47.2,0.00,4.95
2017-04-12,99.0,49.0,50.0,48.2,58.5,51.9,0.00,5.41
2017-04-13,139.0,75.0,64.0,46.2,56.1,50.0,0.00,5.75
2017-04-14,140.0,68.0,72.0,44.6,52.0,47.5,0.00,7.60
2017-04-15,100.0,59.0,41.0,43.7,54.9,47.3,0.00,6.10
2017-04-16,95.0,54.0,41.0,44.8,59.0,50.8,0.00,6.67
2017-04-17,163.0,83.0,80.0,51.3,59.0,55.1,0.00,4.37
2017-04-18,167.0,92.0,75.0,51.1,58.6,53.4,0.00,5.18
2017-04-19,163.0,89.0,74.0,47.1,56.7,51.3,0.00,4.49
2017-04-20,176.0,96.0,80.0,48.2,57.7,52.0,0.00,5.41
2017-04-21,241.0,132.0,109.0,45.0,61.2,51.4,0.00,5.75
2017-04-22,68.0,39.0,29.0,51.8,66.9,58.1,0.00,4.60
2017-04-23,62.0,35.0,27.0,48.7,56.5,52.3,0.00,4.95
2017-04-24,199.0,113.0,86.0,46.0,54.5,48.9,0.00,6.21
2017-04-25,208.0,111.0,97.0,48.7,55.8,52.0,0.00,6.44
2017-04-26,164.0,89.0,75.0,49.3,55.9,51.5,0.00,6.79
2017-04-27,153.0,90.0,63.0,44.1,55.0,48.1,0.00,4.83
2017-04-28,203.0,104.0,99.0,45.5,55.4,50.0,0.00,4.26
2017-04-29,82.0,50.0,32.0,46.0,56.8,51.7,0.00,4.72
2017-04-30,89.0,52.0,37.0,47.1,57.2,50.5,0.00,5.29
2017-05-01,239.0,133.0,106.0,46.8,55.2,49.5,0.00,5.52
2017-05-02,241.0,138.0,103.0,46.4,58.8,50.4,0.00,3.22
2017-05-03,262.0,150.0,112.0,55.9,70.0,59.3,0.00,3.68
2017-05-04,219.0,108.0,111.0,52.9,72.5,58.4,0.00,4.49
2017-05-05,179.0,89.0,90.0,54.7,66.0,58.1,0.00,6.10
2017-05-06,117.0,62.0,55.0,44.2,57.4,50.1,0.00,5.29
2017-05-07,140.0,76.0,64.0,47.1,57.6,51.3,0.00,5.87
2017-05-08,300.0,157.0,143.0,49.8,61.5,53.6,0.00,4.83
2017-05-09,313.0,172.0,141.0,50.5,64.0,55.7,0.00,4.60
2017-05-10,330.0,173.0,157.0,51.8,66.6,57.2,0.00,3.22
2017-05-11,168.0,90.0,78.0,52.3,70.7,58.1,0.00,5.64
2017-05-12,203.0,107.0,96.0,47.1,54.7,50.0,0.00,6.10
2017-05-13,95.0,49.0,46.0,46.6,57.4,49.8,0.00,4.83
2017-05-14,94.0,52.0,42.0,48.6,57.6,51.6,0.00,6.21
2017-05-15,216.0,114.0,102.0,48.2,57.4,51.7,0.00,6.56
2017-05-16,139.0,76.0,63.0,43.3,52.2,47.9,0.00,6.56
2017-05-17,265.0,143.0,122.0,47.3,57.7,51.0,0.00,4.37
2017-05-18,262.0,138.0,124.0,49.8,59.0,54.0,0.00,2.65
2017-05-19,322.0,163.0,159.0,50.9,68.4,56.4,0.00,2.53
2017-05-20,158.0,86.0,72.0,53.1,68.9,59.8,0.00,6.10
2017-05-21,161.0,85.0,76.0,52.5,71.4,61.2,0.00,5.75
2017-05-22,330.0,177.0,153.0,55.2,73.8,64.5,0.00,4.37
2017-05-23,370.0,197.0,173.0,55.6,77.4,64.3,0.00,2.99
2017-05-24,282.0,150.0,132.0,50.2,69.1,56.2,0.00,4.60
2017-05-25,285.0,144.0,141.0,50.5,64.9,56.7,0.00,3.91
2017-05-26,306.0,167.0,139.0,52.3,73.0,59.3,0.00,4.14
2017-05-27,150.0,79.0,71.0,54.1,76.5,63.2,0.00,3.45
2017-05-28,148.0,83.0,65.0,54.3,79.7,64.9,0.00,3.91
2017-05-29,160.0,84.0,76.0,53.1,80.2,61.2,0.00,4.60
2017-05-30,225.0,120.0,105.0,53.4,64.8,57.2,0.00,5.64
2017-05-31,293.0,154.0,139.0,53.4,71.1,57.9,0.00,4.49
2017-06-01,219.0,123.0,96.0,58.3,68.2,61.2,0.00,6.56
2017-06-02,255.0,133.0,122.0,56.5,66.7,60.5,0.00,6.21
2017-06-03,114.0,64.0,50.0,54.9,69.8,60.2,0.00,4.83
2017-06-04,124.0,67.0,57.0,53.2,62.2,57.5,0.00,4.26
2017-06-05,298.0,163.0,135.0,51.6,66.7,57.7,0.00,5.18
2017-06-06,308.0,169.0,139.0,55.6,72.3,62.1,0.00,4.14
2017-06-07,309.0,160.0,149.0,56.3,80.1,65.3,0.00,4.14
2017-06-08,154.0,81.0,73.0,57.6,76.5,64.1,0.00,8.17
2017-06-09,205.0,109.0,96.0,54.0,62.8,57.2,0.00,7.60
2017-06-10,141.0,75.0,66.0,51.1,61.7,55.2,0.00,5.98
2017-06-11,157.0,86.0,71.0,53.2,62.8,57.7,0.00,5.06
2017-06-12,247.0,126.0,121.0,54.1,66.7,58.7,0.00,5.18
2017-06-13,186.0,99.0,87.0,51.3,63.7,56.0,0.00,5.06
2017-06-14,288.0,160.0,128.0,53.6,61.5,57.1,0.00,5.64
2017-06-15,116.0,60.0,56.0,55.2,62.4,58.7,0.00,5.52
2017-06-16,203.0,108.0,95.0,55.8,64.4,59.1,0.00,7.83
2017-06-17,110.0,60.0,50.0,53.8,64.8,58.3,0.00,4.95
2017-06-18,106.0,49.0,57.0,55.6,67.8,59.6,0.00,4.03
2017-06-19,256.0,146.0,110.0,56.5,66.9,61.3,0.00,5.29
2017-06-20,230.0,121.0,109.0,58.5,67.5,61.9,0.00,4.03
2017-06-21,218.0,111.0,107.0,54.7,64.0,58.3,0.00,4.03
2017-06-22,252.0,140.0,112.0,54.0,68.5,60.4,0.00,6.44
2017-06-23,250.0,131.0,119.0,56.1,75.0,65.1,0.00,4.83
2017-06-24,114.0,58.0,56.0,58.8,82.2,68.8,0.00,4.60
2017-06-25,113.0,61.0,52.0,60.4,87.1,71.0,0.00,3.22
2017-06-26,276.0,149.0,127.0,59.0,87.3,69.4,0.00,5.52
2017-06-27,258.0,142.0,116.0,55.6,70.5,60.7,0.00,5.98
2017-06-28,235.0,126.0,109.0,55.8,66.2,60.1,0.00,4.60
2017-06-29,259.0,140.0,119.0,54.1,67.8,59.9,0.00,3.45
2017-06-30,177.0,95.0,82.0,55.4,73.9,62.2,0.00,4.14
2017-07-01,89.0,52.0,37.0,55.0,78.8,62.0,0.00,5.41
2017-07-02,135.0,67.0,68.0,55.4,65.7,59.5,0.00,2.53
2017-07-03,212.0,114.0,98.0,57.4,70.7,62.3,0.00,3.34
2017-07-04,182.0,98.0,84.0,56.3,69.6,61.2,0.00,3.57
2017-07-05,229.0,125.0,104.0,57.0,73.4,64.0,0.00,3.80
2017-07-06,285.0,158.0,127.0,57.0,77.2,64.9,0.00,2.53
2017-07-07,261.0,139.0,122.0,56.8,75.0,64.5,0.00,6.21
2017-07-08,136.0,73.0,63.0,58.5,73.9,63.7,0.00,4.37
2017-07-09,149.0,80.0,69.0,57.7,75.6,64.4,0.00,4.26
2017-07-10,265.0,141.0,124.0,58.3,71.4,62.5,0.00,4.60
2017-07-11,312.0,163.0,149.0,57.4,67.5,61.2,0.00,4.37
2017-07-12,272.0,140.0,132.0,56.7,70.7,62.4,0.00,4.26
2017-07-13,296.0,147.0,149.0,57.7,70.2,63.2,0.00,4.49
2017-07-14,234.0,133.0,101.0,56.8,68.2,61.8,0.00,4.49
2017-07-15,134.0,53.0,81.0,57.2,70.9,63.1,0.00,4.14
2017-07-16,124.0,76.0,48.0,57.6,71.6,62.6,0.00,5.98
2017-07-17,256.0,132.0,124.0,57.0,71.8,62.8,0.00,5.87
2017-07-18,310.0,165.0,145.0,56.7,77.5,64.3,0.00,3.45
2017-07-19,280.0,145.0,135.0,57.6,77.4,64.0,0.00,4.72
2017-07-20,258.0,138.0,120.0,61.0,75.7,65.7,0.00,6.67
2017-07-21,215.0,117.0,98.0,56.1,72.0,63.0,0.00,4.37
2017-07-22,140.0,73.0,67.0,60.6,75.7,66.9,0.00,3.80
2017-07-23,116.0,58.0,58.0,61.3,75.7,66.6,0.00,5.18
2017-07-24,293.0,164.0,129.0,56.5,71.8,64.3,0.00,6.21
2017-07-25,264.0,138.0,126.0,57.0,75.0,65.9,0.00,4.49
2017-07-26,243.0,128.0,115.0,56.3,79.9,63.8,0.00,3.80
2017-07-27,193.0,101.0,92.0,56.8,72.7,62.6,0.00,3.22
2017-07-28,218.0,117.0,101.0,56.8,68.4,61.2,0.00,2.76
2017-07-29,141.0,76.0,65.0,57.4,73.9,63.7,0.00,2.76
2017-07-30,141.0,83.0,58.0,58.3,77.0,64.8,0.00,2.65
2017-07-31,285.0,150.0,135.0,58.5,75.2,66.4,0.00,4.03
2017-08-01,240.0,117.0,123.0,57.7,79.2,68.0,0.00,5.29
2017-08-02,207.0,114.0,93.0,63.1,82.6,72.8,0.00,4.26
2017-08-03,219.0,112.0,107.0,61.5,83.3,71.9,0.00,2.88
2017-08-04,207.0,112.0,95.0,60.6,79.9,67.8,0.00,3.22
2017-08-05,100.0,54.0,46.0,59.9,74.8,65.7,0.00,4.14
2017-08-06,129.0,72.0,57.0,58.3,73.2,63.8,0.00,2.88
2017-08-07,234.0,125.0,109.0,57.7,71.2,63.0,0.00,3.34
2017-08-08,248.0,131.0,117.0,58.6,73.2,63.6,0.00,2.19
2017-08-09,213.0,113.0,100.0,58.8,81.0,65.0,0.00,2.99
2017-08-10,213.0,118.0,95.0,59.0,76.5,64.6,0.00,2.76
2017-08-11,219.0,118.0,101.0,57.7,82.0,65.5,0.00,2.76
2017-08-12,73.0,37.0,36.0,59.0,80.1,66.2,0.00,6.21
2017-08-13,85.0,52.0,33.0,59.0,75.9,65.7,0.02,7.71
2017-08-14,264.0,143.0,121.0,58.3,64.2,61.4,0.00,3.68
2017-08-15,256.0,135.0,121.0,57.6,69.4,62.5,0.00,4.72
2017-08-16,256.0,126.0,130.0,57.9,73.9,63.5,0.00,3.45
2017-08-17,254.0,137.0,117.0,59.5,73.4,64.1,0.00,3.34
2017-08-18,226.0,113.0,113.0,57.2,70.2,62.7,0.00,3.57
2017-08-19,98.0,56.0,42.0,58.6,69.8,63.5,0.00,2.88
2017-08-20,96.0,45.0,51.0,58.1,71.1,62.9,0.00,3.22
2017-08-21,174.0,89.0,85.0,57.6,73.6,64.6,0.00,4.37
2017-08-22,226.0,117.0,109.0,58.1,77.2,65.8,0.00,3.22
2017-08-23,243.0,124.0,119.0,59.4,78.6,64.3,0.00,3.91
2017-08-24,221.0,111.0,110.0,59.4,69.6,62.4,0.00,3.22
2017-08-25,205.0,108.0,97.0,58.1,70.3,62.4,0.00,3.80
2017-08-26,115.0,58.0,57.0,57.0,75.2,63.9,0.00,4.95
2017-08-27,137.0,66.0,71.0,59.4,77.2,67.8,0.00,5.18
2017-08-28,239.0,126.0,113.0,58.3,79.3,66.6,0.00,3.34
2017-08-29,232.0,117.0,115.0,60.4,84.2,70.8,0.00,3.68
2017-08-30,232.0,122.0,110.0,61.5,84.2,66.8,0.00,4.60
2017-08-31,219.0,120.0,99.0,59.4,71.1,63.0,0.00,2.30
2017-09-01,224.0,123.0,101.0,58.6,77.0,65.1,0.00,4.83
2017-09-02,98.0,53.0,45.0,58.8,81.9,67.3,0.00,3.57
2017-09-03,106.0,63.0,43.0,60.3,83.8,69.4,0.00,2.42
2017-09-04,126.0,64.0,62.0,61.7,84.4,72.8,0.00,3.80
2017-09-05,192.0,90.0,102.0,63.7,78.6,70.5,0.00,2.65
2017-09-06,187.0,99.0,88.0,61.9,79.9,67.6,0.00,2.65
2017-09-07,236.0,122.0,114.0,59.7,79.2,66.9,0.00,3.22
2017-09-08,220.0,110.0,110.0,60.4,70.9,63.7,0.00,2.88
2017-09-09,96.0,48.0,48.0,60.6,65.5,62.2,0.00,4.83
2017-09-10,95.0,47.0,48.0,57.0,66.4,60.3,0.00,2.30
2017-09-11,246.0,125.0,121.0,55.8,70.3,61.8,0.00,2.53
2017-09-12,258.0,131.0,127.0,57.9,72.5,64.8,0.00,4.14
2017-09-13,243.0,121.0,122.0,55.6,71.1,61.2,0.00,3.91
2017-09-14,274.0,148.0,126.0,57.6,71.4,62.5,0.00,4.26
2017-09-15,209.0,109.0,100.0,53.4,71.6,60.3,0.00,2.88
2017-09-16,123.0,63.0,60.0,54.5,65.1,58.9,0.00,1.84
2017-09-17,68.0,39.0,29.0,55.9,66.6,59.7,0.00,4.95
2017-09-18,146.0,76.0,70.0,53.1,61.2,56.4,0.00,5.64
2017-09-19,141.0,76.0,65.0,51.6,57.6,54.1,0.00,6.79
2017-09-20,183.0,100.0,83.0,52.0,58.3,53.9,0.00,4.49
2017-09-21,215.0,110.0,105.0,51.6,58.8,54.1,0.00,3.91
2017-09-22,201.0,107.0,94.0,53.6,63.9,57.1,0.00,3.45
2017-09-23,111.0,60.0,51.0,56.5,63.0,59.2,0.00,3.11
2017-09-24,100.0,49.0,51.0,53.4,65.3,58.3,0.00,2.07
2017-09-25,187.0,103.0,84.0,56.3,64.2,59.3,0.00,2.65
2017-09-26,273.0,142.0,131.0,55.8,68.2,61.2,0.00,4.03
2017-09-27,289.0,147.0,142.0,57.7,69.3,62.9,0.00,5.29
2017-09-28,270.0,144.0,126.0,56.3,77.9,62.2,0.00,2.42
2017-09-29,183.0,97.0,86.0,60.8,82.9,66.2,0.00,6.10
2017-09-30,83.0,53.0,30.0,54.7,65.7,58.4,0.00,5.98
2017-10-01,112.0,63.0,49.0,53.1,60.4,55.6,0.00,4.95
2017-10-02,251.0,140.0,111.0,51.1,59.7,54.9,0.00,4.72
2017-10-03,286.0,149.0,137.0,49.6,64.4,56.5,0.00,4.26
2017-10-04,246.0,129.0,117.0,51.3,64.2,57.7,0.00,3.91
2017-10-05,250.0,119.0,131.0,49.5,63.1,55.4,0.00,2.76
2017-10-06,195.0,103.0,92.0,51.1,62.8,56.0,0.00,4.37
2017-10-07,49.0,29.0,20.0,51.3,62.2,56.3,0.00,9.09
2017-10-08,102.0,58.0,44.0,49.1,59.5,53.4,0.00,3.34
2017-10-09,256.0,136.0,120.0,46.6,58.1,52.1,0.00,3.11
2017-10-10,209.0,111.0,98.0,49.6,59.7,53.7,0.00,3.80
2017-10-11,177.0,94.0,83.0,46.9,55.0,50.6,0.00,4.49
2017-10-12,188.0,102.0,86.0,47.5,53.6,49.3,0.00,6.21
2017-10-13,162.0,89.0,73.0,46.0,52.3,48.5,0.00,4.95
2017-10-14,68.0,36.0,32.0,41.9,55.6,47.8,0.00,4.49
2017-10-15,123.0,68.0,55.0,46.8,59.7,52.3,0.00,2.99
2017-10-16,245.0,131.0,114.0,47.5,60.6,53.6,0.00,5.06
2017-10-17,187.0,94.0,93.0,53.2,59.9,55.2,0.00,7.83
2017-10-18,170.0,90.0,80.0,49.8,63.0,53.3,0.00,7.25
2017-10-19,122.0,80.0,42.0,53.4,63.7,56.4,0.00,9.67
2017-10-20,125.0,82.0,43.0,48.6,53.2,50.9,0.00,10.13
2017-10-21,42.0,24.0,18.0,46.2,53.6,48.9,0.00,5.98
2017-10-22,72.0,42.0,30.0,50.0,59.9,56.4,0.00,10.93
2017-10-23,234.0,120.0,114.0,52.3,59.9,54.9,0.00,4.37
2017-10-24,254.0,135.0,119.0,50.2,60.8,55.3,0.00,3.45
2017-10-25,214.0,108.0,106.0,48.0,60.1,53.0,0.00,3.68
2017-10-26,216.0,111.0,105.0,52.0,58.6,54.3,0.00,4.60
2017-10-27,237.0,125.0,112.0,49.8,61.9,53.9,0.00,4.37
2017-10-28,108.0,65.0,43.0,47.7,63.1,53.3,0.00,2.42
2017-10-29,63.0,32.0,31.0,48.4,56.7,51.4,0.00,1.61
2017-10-30,245.0,127.0,118.0,47.5,61.0,53.3,0.00,2.07
2017-10-31,215.0,114.0,101.0,42.3,58.8,49.8,0.00,3.57
2017-11-01,175.0,91.0,84.0,49.8,56.8,52.6,0.00,4.60
2017-11-02,188.0,100.0,88.0,47.8,54.5,49.9,0.00,9.44
2017-11-03,137.0,75.0,62.0,36.5,48.6,40.8,0.00,6.33
2017-11-04,41.0,25.0,16.0,37.4,41.9,39.2,0.00,3.22
2017-11-05,27.0,14.0,13.0,36.1,41.4,39.0,0.00,5.52
2017-11-06,168.0,89.0,79.0,38.1,47.8,41.5,0.00,3.68
2017-11-07,198.0,105.0,93.0,39.7,48.7,43.4,0.00,3.34
2017-11-08,188.0,98.0,90.0,46.6,54.9,48.9,0.00,3.91
2017-11-09,137.0,87.0,50.0,46.8,50.9,48.4,0.00,3.91
2017-11-10,103.0,66.0,37.0,45.9,53.1,48.7,0.00,3.68
2017-11-11,39.0,22.0,17.0,43.9,52.0,47.0,0.00,3.80
2017-11-12,48.0,29.0,19.0,48.6,57.0,51.4,0.00,6.67
2017-11-13,142.0,74.0,68.0,49.8,54.9,52.0,0.00,9.32
2017-11-14,156.0,88.0,68.0,46.6,54.7,49.2,0.00,11.62
2017-11-15,142.0,83.0,59.0,47.3,55.4,51.0,0.00,9.55
2017-11-16,158.0,81.0,77.0,44.2,49.1,46.0,0.00,6.33
2017-11-17,179.0,95.0,84.0,42.6,46.8,44.7,0.00,6.21
2017-11-18,94.0,52.0,42.0,43.0,54.0,47.8,0.00,6.67
2017-11-19,43.0,24.0,19.0,43.3,50.7,46.9,0.00,5.29
2017-11-20,139.0,82.0,57.0,43.5,50.2,47.0,0.00,4.83
2017-11-21,109.0,71.0,38.0,43.5,48.6,45.2,0.00,2.53
2017-11-22,122.0,75.0,47.0,52.0,66.7,59.1,0.00,5.29
2017-11-23,23.0,15.0,8.0,53.1,68.0,58.2,0.50,8.75
2017-11-24,60.0,35.0,25.0,49.5,52.0,51.1,0.00,7.94
2017-11-25,61.0,31.0,30.0,46.2,51.4,49.3,0.00,3.91
2017-11-26,33.0,20.0,13.0,47.3,55.8,50.1,0.00,4.60
2017-11-27,180.0,89.0,91.0,43.9,49.6,45.6,0.00,4.60
2017-11-28,162.0,86.0,76.0,44.6,49.8,47.0,0.00,5.52
2017-11-29,74.0,12.0,62.0,44.6,50.9,46.3,0.00,5.41
2017-11-30,87.0,47.0,40.0,43.3,50.7,46.8,0.00,5.52
2017-12-01,61.0,41.0,20.0,44.6,49.8,46.6,0.00,7.25
2017-12-02,16.0,15.0,1.0,44.2,47.3,45.4,0.00,6.67
2017-12-03,38.0,33.0,5.0,42.8,45.7,43.7,0.00,4.49
2017-12-04,36.0,27.0,9.0,38.7,44.8,41.8,0.00,2.30
2017-12-05,33.0,28.0,5.0,36.9,46.2,40.6,0.00,3.34
2017-12-06,41.0,33.0,8.0,40.5,54.5,44.1,0.00,3.57
2017-12-07,29.0,22.0,7.0,41.0,51.8,45.5,0.00,2.76
2017-12-08,18.0,11.0,7.0,34.7,47.8,41.2,0.00,2.30
2017-12-09,37.0,26.0,11.0,33.3,43.7,37.3,0.00,2.42
2017-12-10,30.0,29.0,1.0,37.6,50.0,42.4,0.00,2.65
2017-12-11,21.0,19.0,2.0,32.7,50.9,41.3,0.00,3.57
2017-12-12,30.0,26.0,4.0,36.5,49.1,43.0,0.00,3.80
2017-12-13,45.0,35.0,10.0,40.5,50.4,44.9,0.00,3.34
2017-12-14,53.0,43.0,10.0,39.9,50.0,45.3,0.00,2.19
2017-12-15,49.0,46.0,3.0,41.5,48.2,43.9,0.00,3.80
2017-12-16,40.0,31.0,9.0,40.5,46.0,43.1,0.00,4.26
2017-12-17,33.0,26.0,7.0,43.5,50.4,45.9,0.00,7.02
2017-12-18,58.0,52.0,6.0,46.2,51.3,48.7,0.00,8.75
2017-12-19,45.0,42.0,3.0,41.7,50.5,44.9,0.00,7.60
2017-12-20,45.0,40.0,5.0,39.9,45.3,42.6,0.00,7.94
2017-12-21,16.0,15.0,1.0,33.3,43.0,37.2,0.00,4.60
2017-12-22,40.0,36.0,4.0,38.8,41.4,39.9,0.00,5.18
2017-12-23,0.0,0.0,0.0,33.1,40.8,37.3,0.00,4.60
2017-12-24,17.0,15.0,2.0,34.5,39.4,36.2,0.00,2.76
2017-12-25,10.0,10.0,0.0,32.0,35.8,33.8,0.00,2.42
2017-12-26,24.0,22.0,2.0,35.1,39.4,36.4,0.00,2.76
2017-12-27,30.0,24.0,6.0,35.6,41.0,37.8,0.00,3.22
2017-12-28,23.0,19.0,4.0,40.8,49.1,44.2,0.00,6.79
2017-12-29,27.0,26.0,1.0,44.6,51.4,46.4,0.00,4.03
2017-12-30,36.0,34.0,2.0,44.8,54.7,48.1,0.00,11.62
2017-12-31,27.0,26.0,1.0,42.1,44.1,43.4,0.00,2.42
2018-01-02,18.0,17.0,1.0,38.3,43.9,40.3,0.00,3.80
2018-01-03,42.0,40.0,2.0,38.5,48.6,42.5,0.00,3.34
2018-01-04,46.0,41.0,5.0,39.6,47.1,42.8,0.00,2.88
2018-01-05,55.0,45.0,10.0,45.3,51.3,47.2,0.00,3.22
2018-01-06,59.0,54.0,5.0,44.2,50.9,47.3,0.00,4.95
2018-01-07,39.0,37.0,2.0,43.2,47.3,45.1,0.00,5.06
2018-01-08,82.0,75.0,7.0,45.1,48.0,46.2,0.00,4.03
2018-01-09,66.0,62.0,4.0,45.0,48.6,46.7,0.00,4.37
2018-01-10,116.0,115.0,1.0,43.2,45.9,44.4,0.00,5.18
2018-01-11,63.0,53.0,10.0,42.8,50.7,45.2,0.00,5.52
2018-01-12,89.0,76.0,13.0,49.6,52.2,50.9,0.00,6.79
2018-01-13,54.0,42.0,12.0,49.3,58.1,50.7,0.00,5.06
2018-01-14,93.0,61.0,32.0,44.2,54.1,48.0,0.00,4.26
2018-01-15,69.0,56.0,13.0,44.4,57.2,47.2,0.00,1.96
2018-01-16,117.0,96.0,21.0,49.6,60.8,53.5,0.00,5.75
2018-01-17,86.0,74.0,12.0,47.1,54.9,49.8,0.00,4.26
2018-01-18,91.0,72.0,19.0,43.2,53.4,49.0,0.00,8.52
2018-01-19,96.0,81.0,15.0,41.2,47.3,44.2,0.00,7.02
2018-01-20,38.0,24.0,14.0,41.5,47.5,44.7,0.00,9.67
2018-01-21,23.0,15.0,8.0,45.7,51.8,49.4,0.00,12.89
2018-01-22,136.0,109.0,27.0,42.4,46.9,44.7,0.00,8.52
2018-01-23,96.0,76.0,20.0,42.8,47.3,44.0,0.00,5.06
2018-01-24,81.0,66.0,15.0,43.9,50.0,46.9,0.00,6.67
2018-01-25,92.0,71.0,21.0,39.9,46.9,43.1,0.00,6.56
2018-01-26,86.0,67.0,19.0,40.6,45.0,41.9,0.00,9.67
2018-01-27,42.0,30.0,12.0,41.5,49.1,44.3,0.00,10.01
2018-01-28,40.0,27.0,13.0,44.4,56.3,48.3,0.00,5.87
2018-01-29,83.0,68.0,15.0,49.3,56.1,51.6,0.00,5.18
2018-01-30,128.0,99.0,29.0,43.9,49.8,46.3,0.00,8.52
2018-01-31,111.0,85.0,26.0,41.7,47.7,43.6,0.00,6.44
2018-02-01,102.0,76.0,26.0,45.0,46.8,45.8,0.00,6.10
2018-02-02,90.0,66.0,24.0,45.1,54.0,48.7,0.00,7.13
2018-02-03,35.0,25.0,10.0,49.1,52.7,50.5,0.00,7.83
2018-02-04,65.0,45.0,20.0,50.4,55.8,52.1,0.00,7.48
2018-02-05,112.0,84.0,28.0,47.5,53.6,49.7,0.00,7.60
2018-02-06,131.0,102.0,29.0,45.5,51.1,47.3,0.00,3.91
2018-02-07,119.0,93.0,26.0,48.6,53.2,49.7,0.00,5.06
2018-02-08,128.0,89.0,39.0,50.4,53.6,51.6,0.00,6.56
2018-02-09,115.0,84.0,31.0,43.3,52.0,45.9,0.00,3.57
2018-02-10,69.0,43.0,26.0,37.2,48.4,42.1,0.00,4.37
2018-02-11,63.0,44.0,19.0,37.4,45.5,40.9,0.00,2.76
2018-02-12,114.0,92.0,22.0,36.7,45.5,40.8,0.00,5.52
2018-02-13,107.0,83.0,24.0,32.9,50.0,39.1,0.00,3.91
2018-02-14,96.0,73.0,23.0,38.8,46.9,41.5,0.00,5.52
2018-02-15,105.0,81.0,24.0,38.7,44.4,41.7,0.00,3.80
2018-02-16,90.0,66.0,24.0,42.6,46.9,44.1,0.00,6.79
2018-02-17,36.0,24.0,12.0,45.3,50.4,47.3,0.00,10.70
2018-02-18,29.0,17.0,12.0,33.6,46.8,39.9,0.00,8.86
2018-02-19,47.0,32.0,15.0,31.6,37.0,33.5,0.00,11.05
2018-02-20,79.0,55.0,24.0,30.7,36.1,33.4,0.00,4.95
2018-02-21,78.0,57.0,21.0,29.3,36.3,33.3,0.00,4.26
2018-02-22,39.0,24.0,15.0,31.1,37.6,33.0,0.00,5.87
2018-02-23,48.0,32.0,16.0,27.9,38.1,33.2,0.00,7.25
2018-02-24,48.0,32.0,16.0,34.3,43.5,38.6,0.00,6.79
2018-02-25,43.0,30.0,13.0,41.4,45.3,42.8,0.00,9.67
2018-02-26,88.0,69.0,19.0,35.6,46.6,39.2,0.00,5.06
2018-02-27,103.0,73.0,30.0,39.4,47.3,42.3,0.00,6.79
2018-02-28,93.0,71.0,22.0,40.6,45.7,42.7,0.00,6.21
2018-03-01,116.0,88.0,28.0,40.5,49.8,44.2,0.00,6.44
2018-03-02,94.0,72.0,22.0,39.9,49.3,43.4,0.00,4.95
2018-03-03,82.0,62.0,20.0,39.6,48.2,43.1,0.00,4.49
2018-03-04,42.0,29.0,13.0,37.4,47.3,42.3,0.00,5.06
2018-03-05,134.0,104.0,30.0,40.5,47.3,42.9,0.00,4.37
2018-03-06,138.0,111.0,27.0,39.9,51.3,44.6,0.00,3.34
2018-03-07,119.0,100.0,19.0,40.1,50.7,44.4,0.00,5.52
2018-03-08,80.0,64.0,16.0,43.2,50.5,45.7,0.00,4.26
2018-03-09,98.0,69.0,29.0,42.1,51.6,46.7,0.00,8.75
2018-03-10,96.0,60.0,36.0,37.4,54.0,44.9,0.00,4.14
2018-03-11,127.0,87.0,40.0,43.2,56.8,48.4,0.00,2.30
2018-03-12,206.0,148.0,58.0,45.0,72.7,51.9,0.00,2.07
2018-03-13,107.0,79.0,28.0,48.9,71.4,58.0,0.00,5.52
2018-03-14,137.0,104.0,33.0,46.0,52.5,48.3,0.00,6.33
2018-03-15,151.0,109.0,42.0,39.4,52.2,45.4,0.00,5.41
2018-03-16,132.0,91.0,41.0,41.0,54.3,48.3,0.00,5.64
2018-03-17,75.0,43.0,32.0,42.4,53.8,47.2,0.00,4.83
2018-03-18,64.0,40.0,24.0,42.8,52.7,47.1,0.00,4.72
2018-03-19,143.0,109.0,34.0,41.0,52.9,46.8,0.00,3.57
2018-03-20,139.0,109.0,30.0,40.1,51.6,46.6,0.00,4.37
2018-03-21,138.0,98.0,40.0,39.9,52.7,45.8,0.00,3.22
2018-03-22,80.0,57.0,23.0,43.2,54.5,48.0,0.00,5.18
2018-03-23,72.0,49.0,23.0,35.8,46.8,42.4,0.00,7.13
2018-03-24,48.0,31.0,17.0,36.9,47.3,42.1,0.00,6.79
2018-03-25,70.0,46.0,24.0,38.3,51.8,44.0,0.00,4.72
2018-03-26,112.0,87.0,25.0,42.1,51.1,45.5,0.00,10.59
2018-03-27,118.0,89.0,29.0,46.8,53.1,48.3,0.00,9.78
2018-03-28,127.0,95.0,32.0,44.2,54.0,48.6,0.00,5.52
2018-03-29,134.0,105.0,29.0,45.3,53.6,48.6,0.00,4.37
2018-03-30,108.0,83.0,25.0,47.3,56.3,51.0,0.00,6.33
2018-03-31,99.0,75.0,24.0,46.0,57.4,50.2,0.00,4.26
2018-04-01,28.0,18.0,10.0,42.8,55.6,47.9,0.00,7.83
2018-04-02,132.0,104.0,28.0,37.6,52.2,42.2,0.00,5.29
2018-04-03,140.0,107.0,33.0,42.6,52.3,46.0,0.00,5.29
2018-04-04,88.0,74.0,14.0,42.1,49.5,46.0,0.00,4.03
2018-04-05,93.0,77.0,16.0,46.4,55.4,48.9,0.00,3.34
2018-04-06,119.0,94.0,25.0,51.8,61.2,54.1,0.00,4.26
2018-04-07,31.0,24.0,7.0,50.5,62.1,54.5,0.00,5.98
2018-04-08,48.0,33.0,15.0,46.8,52.3,49.3,0.00,10.13
2018-04-09,152.0,122.0,30.0,46.2,57.0,49.9,0.00,6.44
2018-04-10,109.0,81.0,28.0,49.1,59.5,53.8,0.00,6.79
2018-04-11,102.0,81.0,21.0,50.2,57.7,52.7,0.00,6.90
2018-04-12,91.0,75.0,16.0,42.3,52.7,45.3,0.00,6.21
2018-04-13,89.0,65.0,24.0,43.5,51.8,48.3,0.00,8.40
2018-04-14,24.0,15.0,9.0,48.2,53.2,50.2,0.00,7.60
2018-04-15,56.0,45.0,11.0,43.9,49.6,46.9,0.00,5.18
2018-04-16,100.0,75.0,25.0,43.0,49.1,46.1,0.00,7.13
2018-04-17,141.0,110.0,31.0,44.6,52.2,47.4,0.00,10.59
2018-04-18,143.0,116.0,27.0,44.8,54.7,48.4,0.00,6.10
2018-04-19,159.0,130.0,29.0,45.3,58.8,50.7,0.00,4.49
2018-04-20,132.0,94.0,38.0,46.0,59.9,53.2,0.00,4.72
2018-04-21,86.0,64.0,22.0,46.6,57.6,51.5,0.00,6.10
2018-04-22,99.0,74.0,25.0,45.7,55.6,50.0,0.00,4.03
2018-04-23,197.0,149.0,48.0,46.0,63.5,53.6,0.00,4.95
2018-04-24,193.0,151.0,42.0,50.9,71.6,59.3,0.00,4.14
2018-04-25,210.0,165.0,45.0,55.9,71.6,62.6,0.00,6.67
2018-04-26,189.0,154.0,35.0,51.1,78.1,63.8,0.00,3.91
2018-04-27,129.0,93.0,36.0,50.0,78.1,58.2,0.00,7.83
2018-04-28,26.0,17.0,9.0,48.0,60.1,52.1,0.04,7.48
2018-04-29,83.0,59.0,24.0,46.9,61.0,52.9,0.36,5.18
2018-04-30,153.0,114.0,39.0,46.9,61.0,52.4,0.00,6.90
2018-05-01,176.0,136.0,40.0,48.0,62.1,53.4,0.01,3.45
2018-05-02,207.0,164.0,43.0,44.1,68.0,56.1,0.00,4.14
2018-05-03,190.0,153.0,37.0,44.1,75.0,61.6,0.00,3.34
2018-05-04,167.0,134.0,33.0,50.0,75.0,56.6,0.00,6.79
2018-05-05,119.0,87.0,32.0,50.0,66.9,57.7,0.00,5.29
2018-05-06,114.0,82.0,32.0,50.0,75.9,62.7,0.02,2.65
2018-05-07,23.0,4.0,19.0,53.1,75.9,59.2,0.00,5.87
2018-05-08,0.0,0.0,0.0,52.0,75.9,62.3,0.00,4.49
2018-05-09,0.0,0.0,0.0,52.0,75.9,61.5,0.03,6.90
2018-05-10,79.0,7.0,72.0,51.1,66.9,55.7,0.00,6.33
2018-05-11,250.0,121.0,129.0,51.1,66.9,56.2,0.01,5.06
2018-05-12,159.0,70.0,89.0,48.0,75.9,61.7,0.00,3.45
2018-05-13,183.0,84.0,99.0,48.0,81.0,67.2,0.00,3.57
2018-05-14,331.0,159.0,172.0,52.0,84.0,71.0,0.00,3.11
2018-05-15,314.0,153.0,161.0,54.0,84.0,64.3,0.00,7.02
2018-05-16,275.0,126.0,149.0,54.0,69.1,60.2,0.00,6.44
2018-05-17,255.0,117.0,138.0,54.0,68.0,58.1,0.00,5.52
2018-05-18,258.0,124.0,134.0,53.1,66.0,58.6,0.00,3.22
2018-05-19,128.0,57.0,71.0,53.1,72.0,61.4,0.00,2.53
2018-05-20,130.0,60.0,70.0,54.0,72.0,59.3,0.02,4.49
2018-05-21,128.0,89.0,39.0,53.6,69.1,59.8,0.00,4.26
2018-05-22,5.0,2.0,3.0,53.1,75.9,63.0,0.00,4.60
2018-05-23,4.0,2.0,2.0,53.1,81.0,67.2,0.00,4.03
2018-05-24,2.0,2.0,0.0,55.0,80.1,62.5,0.00,5.87
2018-05-25,164.0,29.0,135.0,53.1,70.0,59.6,0.00,4.60
2018-05-26,98.0,38.0,60.0,53.1,66.9,59.0,0.00,5.64
2018-05-27,160.0,77.0,83.0,51.1,75.0,60.8,0.00,2.19
2018-05-28,181.0,84.0,97.0,51.1,75.0,61.2,0.00,3.68
2018-05-29,298.0,145.0,153.0,51.1,68.0,58.1,0.00,5.41
2018-05-30,304.0,146.0,158.0,50.0,66.0,56.1,0.00,5.41
2018-05-31,281.0,125.0,156.0,50.0,66.9,56.7,0.00,4.49
