date,westlake_pbl_and_newton_st,north,south,temp_min,temp_max,temp_avg,precipitation,wind_speed_avg
2018-04-13,999.0,504.0,495.0,43.5,51.8,48.3,0.00,8.40
2018-04-14,217.0,105.0,112.0,48.2,53.2,50.2,0.00,7.60
2018-04-15,505.0,259.0,246.0,43.9,49.6,46.9,0.00,5.18
2018-04-16,1402.0,720.0,682.0,43.0,49.1,46.1,0.00,7.13
2018-04-17,2211.0,1121.0,1090.0,44.6,52.2,47.4,0.00,10.59
2018-04-18,2304.0,1207.0,1097.0,44.8,54.7,48.4,0.00,6.10
2018-04-19,2665.0,1395.0,1270.0,45.3,58.8,50.7,0.00,4.49
2018-04-20,2176.0,1129.0,1047.0,46.0,59.9,53.2,0.00,4.72
2018-04-21,977.0,518.0,459.0,46.6,57.6,51.5,0.00,6.10
2018-04-22,1236.0,677.0,559.0,45.7,55.6,50.0,0.00,4.03
2018-04-23,2964.0,1551.0,1413.0,46.0,63.5,53.6,0.00,4.95
2018-04-24,3313.0,1707.0,1606.0,50.9,71.6,59.3,0.00,4.14
2018-04-25,3313.0,1736.0,1577.0,55.9,71.6,62.6,0.00,6.67
2018-04-26,3446.0,1758.0,1688.0,51.1,78.1,63.8,0.00,3.91
2018-04-27,2167.0,1139.0,1028.0,50.0,78.1,58.2,0.00,7.83
2018-04-28,396.0,210.0,186.0,48.0,60.1,52.1,0.04,7.48
2018-04-29,869.0,457.0,412.0,46.9,61.0,52.9,0.36,5.18
2018-04-30,2291.0,1189.0,1102.0,46.9,61.0,52.4,0.00,6.90
2018-05-01,3096.0,1606.0,1490.0,48.0,62.1,53.4,0.01,3.45
2018-05-02,3384.0,1770.0,1614.0,44.1,68.0,56.1,0.00,4.14
2018-05-03,3234.0,1673.0,1561.0,44.1,75.0,61.6,0.00,3.34
2018-05-04,2669.0,1373.0,1296.0,50.0,75.0,56.6,0.00,6.79
2018-05-05,1540.0,787.0,753.0,50.0,66.9,57.7,0.00,5.29
2018-05-06,1509.0,785.0,724.0,50.0,75.9,62.7,0.02,2.65
2018-05-07,3194.0,1653.0,1541.0,53.1,75.9,59.2,0.00,5.87
2018-05-08,3328.0,1673.0,1655.0,52.0,75.9,62.3,0.00,4.49
2018-05-09,3055.0,1581.0,1474.0,52.0,75.9,61.5,0.03,6.90
2018-05-10,2334.0,1164.0,1170.0,51.1,66.9,55.7,0.00,6.33
2018-05-11,2806.0,1455.0,1351.0,51.1,66.9,56.2,0.01,5.06
2018-05-12,1904.0,981.0,923.0,48.0,75.9,61.7,0.00,3.45
2018-05-13,1674.0,879.0,795.0,48.0,81.0,67.2,0.00,3.57
2018-05-14,3579.0,1841.0,1738.0,52.0,84.0,71.0,0.00,3.11
2018-05-15,3581.0,1856.0,1725.0,54.0,84.0,64.3,0.00,7.02
2018-05-16,3346.0,1741.0,1605.0,54.0,69.1,60.2,0.00,6.44
2018-05-17,3088.0,1611.0,1477.0,54.0,68.0,58.1,0.00,5.52
2018-05-18,3511.0,1747.0,1764.0,53.1,66.0,58.6,0.00,3.22
2018-05-19,1522.0,774.0,748.0,53.1,72.0,61.4,0.00,2.53
2018-05-20,1088.0,587.0,501.0,54.0,72.0,59.3,0.02,4.49
2018-05-21,3354.0,1747.0,1607.0,53.6,69.1,59.8,0.00,4.26
2018-05-22,3876.0,1996.0,1880.0,53.1,75.9,63.0,0.00,4.60
2018-05-23,3737.0,1953.0,1784.0,53.1,81.0,67.2,0.00,4.03
2018-05-24,3153.0,1650.0,1503.0,55.0,80.1,62.5,0.00,5.87
2018-05-25,2684.0,1394.0,1290.0,53.1,70.0,59.6,0.00,4.60
2018-05-26,1405.0,725.0,680.0,53.1,66.9,59.0,0.00,5.64
2018-05-27,1872.0,974.0,898.0,51.1,75.0,60.8,0.00,2.19
2018-05-28,1577.0,822.0,755.0,51.1,75.0,61.2,0.00,3.68
2018-05-29,2900.0,1503.0,1397.0,51.1,68.0,58.1,0.00,5.41
2018-05-30,3225.0,1728.0,1497.0,50.0,66.0,56.1,0.00,5.41
2018-05-31,2917.0,1496.0,1421.0,50.0,66.9,56.7,0.00,4.49
2018-06-01,2777.0,1453.0,1324.0,48.9,66.0,56.7,0.02,8.29
2018-06-02,1766.0,900.0,866.0,48.9,75.9,63.2,0.00,4.95
2018-06-03,787.0,428.0,359.0,54.0,75.9,61.0,0.00,3.22
2018-06-04,2597.0,1331.0,1266.0,51.1,66.9,55.8,0.02,5.64
2018-06-05,3348.0,1695.0,1653.0,48.9,69.1,58.6,0.03,6.67
2018-06-06,3408.0,1792.0,1616.0,48.9,75.9,61.9,0.00,5.41
2018-06-07,3094.0,1583.0,1511.0,51.1,75.9,61.3,0.00,7.60
2018-06-08,1688.0,824.0,864.0,55.0,68.0,60.1,0.00,6.56
2018-06-09,925.0,492.0,433.0,51.1,64.0,55.2,0.23,4.95
2018-06-10,947.0,472.0,475.0,48.9,63.0,54.3,0.17,8.06
2018-06-11,3239.0,1702.0,1537.0,48.9,69.1,55.7,0.10,3.11
2018-06-12,3290.0,1655.0,1635.0,51.1,68.0,60.3,0.00,4.14
2018-06-13,1892.0,984.0,908.0,51.1,68.0,60.3,0.00,7.25
2018-06-14,2757.0,1416.0,1341.0,52.0,68.0,58.5,0.11,6.21
2018-06-15,2963.0,1534.0,1429.0,52.0,71.1,60.6,0.00,3.91
2018-06-16,3066.0,1564.0,1502.0,52.0,77.0,64.1,0.00,5.52
2018-06-17,1917.0,982.0,935.0,55.9,86.0,71.6,0.00,4.60
2018-06-18,3633.0,1860.0,1773.0,57.9,87.1,75.0,0.00,3.80
2018-06-19,3866.0,2014.0,1852.0,57.9,87.1,70.4,0.00,5.87
2018-06-20,3626.0,1878.0,1748.0,57.9,86.0,73.3,0.00,4.37
2018-06-21,3368.0,1717.0,1651.0,60.1,84.0,66.4,0.00,7.60
2018-06-22,2659.0,1368.0,1291.0,57.9,71.1,62.2,0.00,5.75
2018-06-23,1565.0,796.0,769.0,57.0,71.1,61.5,0.12,3.22
2018-06-24,1901.0,985.0,916.0,55.0,75.0,63.9,0.08,4.26
2018-06-25,2438.0,1237.0,1201.0,55.0,75.0,63.2,0.14,6.33
2018-06-26,3300.0,1737.0,1563.0,55.0,71.1,61.7,0.02,4.37
2018-06-27,3401.0,1736.0,1665.0,54.0,71.1,61.7,0.00,3.68
2018-06-28,2944.0,1468.0,1476.0,54.0,68.0,60.6,0.00,4.72
2018-06-29,3271.0,1945.0,1326.0,55.0,71.1,62.6,0.00,4.60
2018-06-30,1177.0,590.0,587.0,55.9,71.1,63.6,0.00,5.41
2018-07-01,1190.0,628.0,562.0,57.0,71.1,61.8,0.01,5.41
2018-07-02,2979.0,1533.0,1446.0,54.0,71.1,60.2,0.00,7.25
2018-07-03,3276.0,1687.0,1589.0,50.0,73.9,61.7,0.00,4.72
2018-07-04,2923.0,1484.0,1439.0,50.0,81.0,67.8,0.00,5.29
2018-07-05,3060.0,1561.0,1499.0,57.0,84.9,70.3,0.00,3.45
2018-07-06,2824.0,1457.0,1367.0,59.0,86.0,71.6,0.00,6.67
2018-07-07,1928.0,982.0,946.0,60.1,80.1,66.3,0.00,7.60
2018-07-08,1827.0,923.0,904.0,57.9,77.0,67.1,0.00,4.72
2018-07-09,3303.0,1720.0,1583.0,57.0,78.1,67.4,0.00,6.21
2018-07-10,3566.0,1828.0,1738.0,57.0,75.0,64.1,0.00,4.37
2018-07-11,3648.0,1851.0,1797.0,57.9,78.1,67.7,0.00,4.72
2018-07-12,3697.0,1899.0,1798.0,57.9,86.0,72.0,0.00,5.52
2018-07-13,3130.0,1657.0,1473.0,61.0,86.0,73.5,0.00,4.95
2018-07-14,1690.0,902.0,788.0,61.0,84.9,72.4,0.00,5.41
2018-07-15,1501.0,768.0,733.0,61.0,90.0,76.2,0.00,4.83
2018-07-16,3026.0,1504.0,1522.0,63.0,90.0,76.8,0.00,4.72
2018-07-17,0.0,0.0,0.0,61.0,90.0,75.1,0.00,4.95
2018-07-18,1.0,0.0,1.0,60.1,86.0,67.5,0.00,6.90
2018-07-19,1752.0,1360.0,392.0,57.0,78.1,64.0,0.00,5.87
2018-07-20,2809.0,1429.0,1380.0,57.0,73.9,63.8,0.00,4.26
2018-07-21,1732.0,894.0,838.0,55.9,78.1,66.5,0.00,3.91
2018-07-22,1517.0,763.0,754.0,55.9,84.0,70.4,0.00,4.14
2018-07-23,3426.0,1755.0,1671.0,57.9,89.1,75.2,0.00,4.14
2018-07-24,3734.0,1872.0,1862.0,62.1,89.1,75.2,0.00,3.57
2018-07-25,3601.0,1875.0,1726.0,62.1,89.1,75.9,0.00,3.68
2018-07-26,3651.0,1885.0,1766.0,63.0,91.0,76.9,0.00,3.22
2018-07-27,3227.0,1637.0,1590.0,59.0,91.0,73.3,0.00,5.06
2018-07-28,1687.0,848.0,839.0,59.0,88.0,71.8,0.00,5.18
2018-07-29,1594.0,809.0,785.0,59.0,88.0,73.9,0.00,4.14
2018-07-30,3389.0,1744.0,1645.0,62.1,89.1,77.1,0.00,3.45
2018-07-31,3654.0,1878.0,1776.0,61.0,89.1,70.1,0.00,7.02
2018-08-01,3570.0,1872.0,1698.0,60.1,80.1,66.2,0.00,6.67
2018-08-02,3039.0,1550.0,1489.0,59.0,75.0,64.0,0.00,6.90
2018-08-03,2634.0,1345.0,1289.0,59.0,75.0,64.7,0.00,4.72
2018-08-04,37.0,25.0,12.0,59.0,79.0,66.4,0.00,4.49
2018-08-05,0.0,0.0,0.0,59.0,84.0,70.7,0.00,3.45
2018-08-06,0.0,0.0,0.0,59.0,84.9,71.7,0.00,3.80
2018-08-07,0.0,0.0,0.0,61.0,88.0,74.2,0.00,4.14
2018-08-08,0.0,0.0,0.0,63.0,91.0,76.2,0.00,4.14
2018-08-09,0.0,0.0,0.0,62.1,91.0,76.3,0.00,4.37
2018-08-10,0.0,0.0,0.0,62.1,90.0,74.9,0.00,4.72
2018-08-11,0.0,0.0,0.0,63.0,82.0,68.3,0.00,8.98
2018-08-12,0.0,0.0,0.0,57.9,75.0,65.7,0.02,5.41
2018-08-13,0.0,0.0,0.0,57.9,75.0,65.8,0.00,3.91
2018-08-14,0.0,0.0,0.0,57.9,82.0,70.9,0.00,3.45
2018-08-15,8.0,1.0,7.0,62.1,84.0,72.5,0.00,2.99
2018-08-16,0.0,0.0,0.0,59.0,84.0,66.6,0.00,5.06
2018-08-17,1771.0,1236.0,535.0,55.4,73.0,64.0,0.00,5.06
2018-08-18,1530.0,765.0,765.0,55.9,79.0,67.0,0.00,2.53
2018-08-19,1288.0,650.0,638.0,55.9,79.0,68.6,0.00,4.26
2018-08-20,2210.0,1122.0,1088.0,59.0,81.0,68.3,0.00,3.57
2018-08-21,1758.0,910.0,848.0,59.0,87.1,73.8,0.00,3.11
2018-08-22,1726.0,901.0,825.0,61.0,90.0,73.7,0.00,1.84
2018-08-23,2210.0,1173.0,1037.0,57.9,90.0,65.6,0.00,7.13
2018-08-24,2462.0,1266.0,1196.0,57.0,73.0,63.2,0.00,6.21
2018-08-25,846.0,439.0,407.0,53.6,68.0,59.3,0.00,5.41
2018-08-26,846.0,454.0,392.0,54.0,66.0,61.8,0.00,4.03
2018-08-27,2909.0,1498.0,1411.0,57.0,75.0,62.5,0.02,4.72
2018-08-28,3444.0,1758.0,1686.0,54.0,82.0,66.6,0.00,3.34
2018-08-29,3068.0,1552.0,1516.0,54.0,82.0,67.8,0.00,3.45
2018-08-30,2541.0,1310.0,1231.0,55.9,77.0,66.6,0.00,4.49
2018-08-31,2303.0,1181.0,1122.0,59.0,73.9,64.8,0.00,6.21
2018-09-01,1085.0,547.0,538.0,59.0,72.0,64.3,0.00,3.91
2018-09-02,1387.0,715.0,672.0,53.1,75.9,63.3,0.00,3.45
2018-09-03,1461.0,739.0,722.0,53.1,75.9,65.6,0.00,4.26
2018-09-04,3101.0,1590.0,1511.0,53.1,73.9,63.8,0.00,3.68
2018-09-05,3200.0,1644.0,1556.0,53.1,79.0,67.1,0.00,3.91
2018-09-06,3249.0,1680.0,1569.0,55.0,84.9,68.9,0.00,2.65
2018-09-07,2583.0,1294.0,1289.0,55.0,84.9,65.5,0.00,5.64
2018-09-08,1077.0,549.0,528.0,57.0,75.0,63.0,0.08,6.10
2018-09-09,1113.0,556.0,557.0,59.0,77.0,65.9,0.00,6.90
2018-09-10,2513.0,1282.0,1231.0,57.9,77.0,63.1,0.20,8.52
2018-09-11,2556.0,1300.0,1256.0,57.0,69.1,62.0,0.01,8.40
2018-09-12,2644.0,1341.0,1303.0,55.9,69.1,60.3,0.05,6.10
2018-09-13,2605.0,1336.0,1269.0,55.0,70.0,60.6,0.00,6.33
2018-09-14,1792.0,939.0,853.0,55.0,70.0,60.6,0.21,5.29
2018-09-15,800.0,381.0,419.0,53.1,68.0,58.6,0.27,6.79
2018-09-16,749.0,370.0,379.0,53.1,64.9,58.3,0.09,8.06
2018-09-17,2970.0,1518.0,1452.0,50.0,64.9,57.9,0.19,4.26
2018-09-18,2967.0,1510.0,1457.0,48.9,66.0,56.8,0.00,3.80
2018-09-19,2773.0,1411.0,1362.0,48.0,68.0,58.1,0.00,3.22
2018-09-20,2346.0,1209.0,1137.0,55.0,66.0,59.4,0.22,5.64
2018-09-21,2173.0,1112.0,1061.0,55.0,72.0,63.8,0.18,7.25
2018-09-22,978.0,505.0,473.0,57.9,72.0,63.5,0.07,9.44
2018-09-23,1118.0,583.0,535.0,52.0,69.1,58.8,0.04,5.98
2018-09-24,2922.0,1503.0,1419.0,48.0,66.0,57.9,0.00,3.80
2018-09-25,2998.0,1505.0,1493.0,48.0,66.9,57.9,0.00,4.14
2018-09-26,2918.0,1504.0,1414.0,48.9,70.0,58.5,0.00,2.76
2018-09-27,2760.0,1402.0,1358.0,51.1,71.1,61.4,0.00,3.91
2018-09-28,2752.0,1401.0,1351.0,51.1,75.9,64.6,0.00,3.57
2018-09-29,1223.0,662.0,561.0,52.0,75.9,61.7,0.00,3.11
2018-09-30,496.0,246.0,250.0,57.0,66.0,61.3,0.00,5.98
2018-10-01,2072.0,1030.0,1042.0,55.9,64.9,60.7,0.00,7.83
2018-10-02,2471.0,1275.0,1196.0,55.0,64.0,58.4,0.01,9.67
2018-10-03,2500.0,1268.0,1232.0,42.1,63.0,49.1,0.00,3.34
2018-10-04,2497.0,1274.0,1223.0,42.1,60.1,52.4,0.00,3.34
2018-10-05,1412.0,716.0,696.0,44.1,60.1,49.9,0.00,4.03
2018-10-06,940.0,477.0,463.0,44.1,60.1,52.8,0.01,4.03
2018-10-07,466.0,252.0,214.0,48.0,60.1,51.6,0.00,6.10
2018-10-08,1633.0,835.0,798.0,53.1,57.2,54.6,0.00,0.58
2018-10-09,2186.0,1146.0,1040.0,53.1,61.0,55.0,0.04,3.57
2018-10-10,2595.0,1340.0,1255.0,48.2,62.1,54.6,0.02,3.91
2018-10-11,2482.0,1289.0,1193.0,46.9,63.0,53.0,0.00,1.27
2018-10-12,2426.0,1230.0,1196.0,43.0,63.0,52.5,0.00,2.76
2018-10-13,1074.0,538.0,536.0,43.0,63.0,54.0,0.00,3.68
2018-10-14,1202.0,591.0,611.0,41.0,66.0,52.6,0.00,2.30
2018-10-15,2681.0,1384.0,1297.0,39.9,66.0,53.3,0.00,2.76
2018-10-16,2862.0,1456.0,1406.0,39.9,68.0,54.5,0.00,2.19
2018-10-17,2844.0,1443.0,1401.0,43.0,70.0,54.5,0.00,1.38
2018-10-18,2677.0,1392.0,1285.0,42.1,70.0,54.0,0.00,2.99
2018-10-19,2251.0,1129.0,1122.0,42.1,69.1,51.5,0.00,1.96
2018-10-20,872.0,437.0,435.0,43.0,60.1,50.5,0.00,1.96
2018-10-21,717.0,372.0,345.0,43.0,57.9,49.1,0.00,0.92
2018-10-22,2275.0,1166.0,1109.0,43.0,57.0,47.7,0.00,1.84
2018-10-23,2276.0,1138.0,1138.0,43.0,55.9,47.9,0.00,7.25
2018-10-24,2358.0,1188.0,1170.0,43.0,61.0,52.6,0.00,6.56
2018-10-25,1611.0,809.0,802.0,45.0,61.0,55.5,0.00,5.29
2018-10-26,1727.0,865.0,862.0,53.1,64.0,58.3,0.00,7.60
2018-10-27,603.0,314.0,289.0,39.9,64.0,50.7,1.05,1.50
2018-10-28,400.0,216.0,184.0,39.9,57.9,54.1,0.97,9.09
2018-10-29,1959.0,1024.0,935.0,41.0,57.9,49.3,0.24,7.02
2018-10-30,2213.0,1120.0,1093.0,41.0,57.0,50.5,0.01,5.29
2018-10-31,1925.0,963.0,962.0,45.0,59.0,53.3,0.04,6.56
2018-11-01,2010.0,1034.0,976.0,50.0,63.0,59.3,0.01,9.90
2018-11-02,1837.0,934.0,903.0,55.9,63.0,59.1,0.23,11.74
2018-11-03,402.0,222.0,180.0,54.0,63.0,55.6,0.00,7.48
2018-11-04,758.0,378.0,380.0,53.1,62.1,55.6,0.19,10.70
2018-11-05,2061.0,1058.0,1003.0,52.0,62.1,54.0,0.10,7.25
2018-11-06,2257.0,1135.0,1122.0,46.0,57.0,50.5,0.03,5.75
2018-11-07,2255.0,1156.0,1099.0,46.0,55.9,49.6,0.07,3.11
2018-11-08,2138.0,1085.0,1053.0,34.0,53.1,42.2,0.00,2.30
2018-11-09,1634.0,840.0,794.0,32.0,50.0,39.5,0.10,2.65
2018-11-10,673.0,368.0,305.0,32.0,52.0,43.5,0.01,3.11
2018-11-11,699.0,378.0,321.0,35.1,52.0,43.2,0.00,3.11
2018-11-12,1880.0,965.0,915.0,32.0,60.1,43.2,0.00,1.84
2018-11-13,2319.0,1200.0,1119.0,32.0,60.1,45.8,0.00,5.18
2018-11-14,1767.0,923.0,844.0,36.0,57.0,49.8,0.04,8.63
2018-11-15,2108.0,1082.0,1026.0,45.0,57.0,52.7,0.01,5.52
2018-11-16,1929.0,1002.0,927.0,48.9,57.0,53.5,0.01,7.02
2018-11-17,918.0,503.0,415.0,42.1,54.0,48.2,0.02,12.89
2018-11-18,842.0,472.0,370.0,37.9,54.0,44.8,0.00,9.32
2018-11-19,2165.0,1081.0,1084.0,35.1,53.1,43.6,0.00,3.68
2018-11-20,1948.0,1013.0,935.0,35.1,51.1,43.0,0.00,1.96
2018-11-21,1191.0,613.0,578.0,45.0,53.1,50.4,0.00,6.79
2018-11-22,200.0,115.0,85.0,48.0,52.0,49.5,0.24,2.88
2018-11-23,377.0,200.0,177.0,44.1,52.0,47.3,0.58,9.90
2018-11-24,601.0,337.0,264.0,36.0,52.0,43.7,0.44,4.03
2018-11-25,584.0,292.0,292.0,33.1,48.9,41.0,0.00,1.61
2018-11-26,1266.0,636.0,630.0,33.1,57.0,48.0,0.01,4.72
2018-11-27,1647.0,814.0,833.0,45.0,59.0,53.5,1.63,8.40
2018-11-28,1494.0,780.0,714.0,48.0,59.0,49.7,0.54,6.56
2018-11-29,2048.0,1056.0,992.0,42.1,51.1,47.2,0.13,1.96
2018-11-30,1689.0,869.0,820.0,42.1,51.1,47.2,0.00,6.10
2018-12-01,410.0,223.0,187.0,37.9,50.0,44.1,0.18,2.19
2018-12-02,401.0,212.0,189.0,37.9,46.9,44.3,0.10,1.50
2018-12-03,1936.0,994.0,942.0,37.0,46.9,41.5,0.04,1.73
2018-12-04,1847.0,940.0,907.0,30.9,48.0,39.8,0.00,3.57
2018-12-05,1739.0,870.0,869.0,28.0,48.0,37.3,0.00,3.34
2018-12-06,1672.0,862.0,810.0,25.0,46.9,34.8,0.00,1.61
2018-12-07,1489.0,755.0,734.0,25.0,48.0,35.3,0.00,3.11
2018-12-08,459.0,240.0,219.0,26.1,48.0,41.1,0.00,3.57
2018-12-09,163.0,91.0,72.0,36.0,48.9,45.1,0.01,6.56
2018-12-10,1729.0,896.0,833.0,41.0,50.0,44.6,0.55,8.86
2018-12-11,1301.0,667.0,634.0,41.0,51.1,45.5,0.13,7.83
2018-12-12,1669.0,851.0,818.0,37.0,51.1,45.2,0.45,7.71
2018-12-13,1406.0,721.0,685.0,37.0,52.0,46.9,0.11,8.40
2018-12-14,1475.0,752.0,723.0,39.9,55.9,47.0,0.19,2.53
2018-12-15,654.0,357.0,297.0,39.9,57.9,46.5,0.02,10.47
2018-12-16,180.0,91.0,89.0,41.0,55.0,49.1,0.30,7.48
2018-12-17,1499.0,757.0,742.0,43.0,55.0,49.2,0.27,7.83
2018-12-18,1294.0,663.0,631.0,43.0,54.0,49.4,0.76,11.28
2018-12-19,1489.0,768.0,721.0,46.0,53.1,48.1,0.39,9.78
2018-12-20,973.0,522.0,451.0,46.0,57.9,49.4,0.01,7.48
2018-12-21,1209.0,640.0,569.0,34.0,57.9,40.8,0.23,7.71
2018-12-22,312.0,151.0,161.0,33.1,48.9,40.2,0.00,2.53
2018-12-23,214.0,103.0,111.0,35.1,48.9,44.3,0.44,6.79
2018-12-24,411.0,215.0,196.0,42.1,52.0,45.2,0.57,3.45
2018-12-25,136.0,72.0,64.0,35.1,52.0,41.0,0.00,2.65
2018-12-26,464.0,228.0,236.0,35.1,45.0,40.5,0.00,4.83
2018-12-27,845.0,440.0,405.0,37.0,46.9,41.7,0.12,2.88
2018-12-28,495.0,264.0,231.0,39.0,46.9,40.7,0.03,5.75
2018-12-29,188.0,110.0,78.0,39.0,52.0,49.8,0.37,14.38
2018-12-30,441.0,240.0,201.0,37.9,52.0,44.8,0.62,6.33
2018-12-31,656.0,317.0,339.0,32.0,46.9,38.8,0.00,1.73
2019-01-01,422.0,231.0,191.0,36.3,43.9,39.6,0.00,3.22
2019-01-02,1510.0,784.0,726.0,34.7,42.3,38.7,0.00,3.57
2019-01-03,1116.0,571.0,545.0,30.0,54.0,46.5,0.13,5.64
2019-01-04,1412.0,706.0,706.0,42.1,55.9,51.1,0.58,13.35
2019-01-05,534.0,265.0,269.0,39.0,52.0,46.1,0.09,0.81
2019-01-06,380.0,200.0,180.0,39.0,50.0,45.4,0.08,9.44
2019-01-07,1932.0,992.0,940.0,37.0,48.9,40.6,0.35,5.75
2019-01-08,1488.0,768.0,720.0,37.0,46.9,41.0,0.00,4.49
2019-01-09,1509.0,763.0,746.0,37.0,50.0,45.5,0.27,3.80
2019-01-10,1811.0,911.0,900.0,43.0,53.1,50.0,0.27,7.48
2019-01-11,1905.0,978.0,927.0,39.9,55.0,47.1,0.03,1.96
2019-01-12,974.0,533.0,441.0,33.1,55.9,44.1,0.00,0.23
2019-01-13,917.0,482.0,435.0,30.0,55.9,42.0,0.00,1.38
2019-01-14,2537.0,1301.0,1236.0,30.0,53.1,39.8,0.00,1.38
2019-01-15,2186.0,1128.0,1058.0,28.0,52.0,37.3,0.00,1.27
2019-01-16,2120.0,1096.0,1024.0,28.0,50.0,39.1,0.00,1.27
2019-01-17,1673.0,879.0,794.0,30.0,55.9,49.5,0.06,5.41
2019-01-18,1545.0,769.0,776.0,44.1,55.9,49.8,0.06,10.93
2019-01-19,623.0,332.0,291.0,45.0,53.1,48.6,0.34,8.86
2019-01-20,488.0,249.0,239.0,39.0,52.0,43.7,0.07,4.26
2019-01-21,1351.0,701.0,650.0,34.0,48.0,40.1,0.00,3.11
2019-01-22,1668.0,849.0,819.0,34.0,48.0,42.2,0.00,7.13
2019-01-23,1757.0,931.0,826.0,39.0,52.0,48.7,0.60,8.75
2019-01-24,1943.0,998.0,945.0,44.1,52.0,46.6,0.11,1.38
2019-01-25,1928.0,965.0,963.0,39.9,50.0,45.6,0.06,0.69
2019-01-26,887.0,450.0,437.0,34.0,52.0,43.2,0.00,1.96
2019-01-27,540.0,288.0,252.0,34.0,52.0,41.4,0.00,2.53
2019-01-28,2134.0,1071.0,1063.0,35.1,50.0,43.6,0.00,3.80
2019-01-29,2246.0,1151.0,1095.0,32.0,53.1,42.1,0.00,2.76
2019-01-30,2126.0,1084.0,1042.0,28.9,53.1,39.9,0.00,1.61
2019-01-31,2014.0,1023.0,991.0,28.9,55.0,44.4,0.00,3.80
2019-02-01,1108.0,592.0,516.0,37.0,55.0,48.7,0.00,5.29
2019-02-02,918.0,472.0,446.0,43.0,51.1,47.5,0.51,5.18
2019-02-03,2522.0,1284.0,1238.0,33.1,48.9,41.8,0.00,6.21
2019-02-04,214.0,91.0,123.0,25.0,43.0,29.6,0.17,6.90
2019-02-05,229.0,117.0,112.0,16.0,35.1,25.7,0.06,5.18
2019-02-06,587.0,302.0,285.0,16.0,37.0,26.8,0.00,1.73
2019-02-07,768.0,390.0,378.0,18.0,39.9,29.0,0.00,1.61
2019-02-08,512.0,281.0,231.0,19.0,39.9,33.1,0.00,4.49
2019-02-09,22.0,7.0,15.0,30.0,37.0,31.6,0.59,4.26
2019-02-10,3.0,1.0,2.0,14.0,35.1,26.2,0.03,5.18
2019-02-11,5.0,2.0,3.0,30.0,36.0,32.8,0.11,4.72
2019-02-12,26.0,15.0,11.0,30.0,39.0,34.0,1.09,7.36
2019-02-13,458.0,241.0,217.0,33.1,39.9,37.4,0.32,4.72
2019-02-14,613.0,313.0,300.0,27.0,43.0,36.9,0.00,3.11
2019-02-15,935.0,461.0,474.0,27.0,46.0,40.1,0.15,5.29
2019-02-16,239.0,129.0,110.0,33.1,46.9,38.8,0.01,3.11
2019-02-17,432.0,226.0,206.0,32.0,44.1,37.9,0.27,2.53
2019-02-18,924.0,474.0,450.0,32.0,45.0,37.5,0.00,4.60
2019-02-19,1308.0,669.0,639.0,34.0,44.1,40.3,0.09,4.72
2019-02-20,1340.0,685.0,655.0,37.0,44.1,40.4,0.23,3.11
2019-02-21,1643.0,829.0,814.0,28.9,46.9,39.8,0.01,4.26
2019-02-22,1059.0,547.0,512.0,28.9,46.9,38.4,0.00,8.06
2019-02-23,365.0,190.0,175.0,34.0,46.0,40.5,0.13,7.25
2019-02-24,487.0,263.0,224.0,36.0,46.0,40.2,0.12,3.34
2019-02-25,1618.0,822.0,796.0,30.0,44.1,38.5,0.00,3.91
2019-02-26,1789.0,909.0,880.0,27.0,45.0,37.7,0.00,5.52
2019-02-27,1504.0,778.0,726.0,27.0,45.0,37.3,0.00,4.60
2019-02-28,1745.0,891.0,854.0,27.0,48.9,37.8,0.00,3.68
2019-03-01,1695.0,861.0,834.0,27.0,50.0,42.4,0.00,2.76
2019-03-02,805.0,398.0,407.0,32.0,51.1,42.4,0.00,4.37
2019-03-03,764.0,396.0,368.0,27.0,51.1,38.7,0.00,2.53
2019-03-04,1864.0,932.0,932.0,23.0,48.0,35.8,0.00,3.22
2019-03-05,1906.0,963.0,943.0,23.0,48.0,37.7,0.00,3.68
2019-03-06,1431.0,719.0,712.0,26.1,48.0,39.4,0.00,3.91
2019-03-07,950.0,495.0,455.0,32.0,46.0,37.3,0.10,6.79
2019-03-08,1260.0,638.0,622.0,32.0,46.0,37.6,0.15,6.10
2019-03-09,795.0,409.0,386.0,27.0,46.9,35.9,0.07,2.65
2019-03-10,910.0,481.0,429.0,26.1,53.1,39.7,0.00,3.34
2019-03-11,1727.0,880.0,847.0,26.1,53.1,41.3,0.00,4.83
2019-03-12,1439.0,739.0,700.0,30.0,51.1,42.1,0.67,4.83
2019-03-13,1927.0,1002.0,925.0,35.1,52.0,42.5,0.10,4.95
2019-03-14,1968.0,993.0,975.0,34.0,55.9,45.8,0.00,4.95
2019-03-15,1986.0,1051.0,935.0,39.0,60.1,49.8,0.00,2.65
2019-03-16,1183.0,616.0,567.0,39.0,60.1,50.0,0.00,2.07
2019-03-17,1479.0,806.0,673.0,42.1,62.1,51.4,0.00,3.22
2019-03-18,2874.0,1490.0,1384.0,39.9,72.0,54.4,0.00,3.68
2019-03-19,3278.0,1717.0,1561.0,39.9,79.0,62.3,0.00,7.02
2019-03-20,3223.0,1697.0,1526.0,43.0,80.1,65.4,0.00,6.79
2019-03-21,2664.0,1355.0,1309.0,46.0,75.0,55.5,0.00,8.75
2019-03-22,2030.0,1046.0,984.0,45.0,66.0,53.9,0.00,5.06
2019-03-23,1114.0,598.0,516.0,43.0,66.0,51.7,0.01,4.14
2019-03-24,1128.0,593.0,535.0,43.0,60.1,51.5,0.00,0.69
2019-03-25,1917.0,979.0,938.0,45.0,57.9,52.8,0.00,6.33
2019-03-26,2491.0,1277.0,1214.0,45.0,57.9,51.0,0.20,5.75
2019-03-27,2556.0,1313.0,1243.0,42.1,60.1,50.5,0.04,5.29
2019-03-28,2541.0,1306.0,1235.0,42.1,64.0,53.3,0.00,4.03
2019-03-29,2377.0,1257.0,1120.0,42.1,64.0,53.2,0.00,2.53
2019-03-30,1640.0,865.0,775.0,41.0,64.9,53.1,0.00,4.49
2019-03-31,1515.0,807.0,708.0,41.0,66.0,54.3,0.00,3.22
2019-04-01,2922.0,1540.0,1382.0,43.0,66.0,55.9,0.00,3.45
2019-04-02,2986.0,1537.0,1449.0,46.9,68.0,59.0,0.00,3.11
2019-04-03,2166.0,1115.0,1051.0,50.0,66.9,56.6,0.00,8.63
2019-04-04,2713.0,1392.0,1321.0,43.0,64.9,52.5,0.01,5.75
2019-04-05,1669.0,849.0,820.0,43.0,64.9,54.2,0.17,6.44
2019-04-06,467.0,256.0,211.0,44.1,57.9,49.6,0.31,8.40
2019-04-07,745.0,380.0,365.0,44.1,57.9,49.5,0.45,4.26
2019-04-08,1792.0,916.0,876.0,45.0,62.1,52.4,0.23,2.07
2019-04-09,2246.0,1159.0,1087.0,46.9,62.1,52.0,0.21,4.26
2019-04-10,1775.0,930.0,845.0,46.9,57.9,49.9,0.05,9.67
2019-04-11,1527.0,780.0,747.0,46.0,55.9,49.7,0.33,5.87
2019-04-12,1822.0,968.0,854.0,46.0,59.0,51.8,0.50,5.06
2019-04-13,538.0,283.0,255.0,46.0,59.0,50.0,0.01,8.63
2019-04-14,606.0,327.0,279.0,44.1,52.0,47.7,0.05,8.86
2019-04-15,2439.0,1246.0,1193.0,43.0,55.9,47.7,0.01,6.79
2019-04-16,2266.0,1153.0,1113.0,43.0,57.0,51.2,0.00,5.18
2019-04-17,2404.0,1256.0,1148.0,45.0,63.0,53.1,0.14,10.36
2019-04-18,1817.0,923.0,894.0,48.9,64.0,58.2,0.00,5.29
2019-04-19,1458.0,759.0,699.0,53.1,64.0,56.3,0.10,6.90
2019-04-20,1314.0,690.0,624.0,45.0,60.1,52.3,0.21,2.42
2019-04-21,1129.0,604.0,525.0,45.0,61.0,53.2,0.00,5.18
2019-04-22,1933.0,986.0,947.0,44.1,61.0,52.1,0.00,6.44
2019-04-23,2557.0,1330.0,1227.0,44.1,63.0,55.3,0.13,7.83
2019-04-24,2931.0,1484.0,1447.0,46.9,63.0,52.7,0.00,3.22
2019-04-25,2688.0,1382.0,1306.0,43.0,61.0,52.4,0.00,4.95
2019-04-26,2564.0,1336.0,1228.0,43.0,64.0,54.7,0.00,3.91
2019-04-27,1004.0,521.0,483.0,46.0,64.0,51.1,0.00,6.79
2019-04-28,1524.0,786.0,738.0,36.0,60.1,48.9,0.00,4.95
2019-04-29,3069.0,1605.0,1464.0,36.0,64.9,54.7,0.00,5.29
2019-04-30,3372.0,1699.0,1673.0,41.0,66.9,54.7,0.00,4.03
2019-05-01,3353.0,1738.0,1615.0,41.0,66.9,55.0,0.00,6.44
2019-05-02,2890.0,1496.0,1394.0,42.1,64.0,52.6,0.00,8.17
2019-05-03,2638.0,1397.0,1241.0,46.0,62.1,53.6,0.00,3.68
2019-05-04,1788.0,949.0,839.0,46.0,66.9,56.7,0.00,3.80
2019-05-05,1747.0,935.0,812.0,46.0,68.0,59.0,0.00,3.22
2019-05-06,3535.0,1823.0,1712.0,46.0,73.0,61.1,0.00,4.26
2019-05-07,3807.0,1969.0,1838.0,46.9,73.9,63.3,0.00,2.99
2019-05-08,3700.0,1918.0,1782.0,50.0,73.0,62.3,0.00,4.72
2019-05-09,3705.0,1931.0,1774.0,50.0,82.0,67.5,0.00,5.52
2019-05-10,3480.0,1798.0,1682.0,54.0,84.0,68.9,0.00,2.99
2019-05-11,1831.0,952.0,879.0,54.0,84.0,70.9,0.00,2.88
2019-05-12,1069.0,577.0,492.0,53.1,82.9,58.5,0.00,6.10
2019-05-13,3164.0,1647.0,1517.0,48.9,66.9,57.1,0.00,4.60
2019-05-14,2114.0,1105.0,1009.0,48.9,66.9,57.2,0.00,6.56
2019-05-15,0.0,0.0,0.0,53.1,66.9,58.1,0.05,5.75
2019-05-16,0.0,0.0,0.0,54.0,63.0,58.3,0.03,2.42
2019-05-17,0.0,0.0,0.0,53.1,64.0,57.9,0.26,8.63
2019-05-18,0.0,0.0,0.0,53.1,70.0,59.7,0.05,4.49
2019-05-19,2.0,2.0,0.0,51.1,71.1,62.7,0.00,3.80
2019-05-20,0.0,0.0,0.0,55.0,71.1,58.7,0.00,6.10
2019-05-21,0.0,0.0,0.0,51.1,62.1,54.8,0.00,3.80
2019-05-22,0.0,0.0,0.0,51.1,73.9,60.6,0.00,4.14
2019-05-23,2056.0,1568.0,488.0,51.1,78.1,65.0,0.00,3.68
2019-05-24,2151.0,1137.0,1014.0,53.1,78.1,60.1,0.00,8.75
2019-05-25,586.0,312.0,274.0,53.1,61.0,54.8,0.00,6.79
2019-05-26,1675.0,864.0,811.0,53.1,70.0,57.3,0.23,4.60
2019-05-27,2320.0,1229.0,1091.0,54.0,78.1,65.1,0.00,3.57
2019-05-28,3144.0,1613.0,1531.0,54.0,78.1,60.8,0.00,7.94
2019-05-29,3489.0,1822.0,1667.0,54.0,71.1,60.4,0.00,4.37
2019-05-30,3486.0,1835.0,1651.0,54.0,75.9,62.2,0.00,2.65
2019-05-31,3249.0,1712.0,1537.0,55.0,75.9,64.1,0.00,2.53
2019-06-01,1668.0,881.0,787.0,51.1,77.0,62.5,0.00,3.57
2019-06-02,1681.0,901.0,780.0,51.1,75.0,65.5,0.00,4.26
2019-06-03,3220.0,1659.0,1561.0,54.0,75.0,60.8,0.00,4.49
2019-06-04,3573.0,1843.0,1730.0,45.0,73.9,60.5,0.00,4.37
2019-06-05,3285.0,1675.0,1610.0,51.1,73.9,60.7,0.00,6.90
2019-06-06,2782.0,1420.0,1362.0,50.0,66.9,57.0,0.00,8.52
2019-06-07,1952.0,1021.0,931.0,50.0,64.9,55.6,0.00,8.75
2019-06-08,1780.0,964.0,816.0,51.1,68.0,56.4,0.00,6.79
2019-06-09,1766.0,913.0,853.0,51.1,73.0,61.4,0.00,4.83
2019-06-10,3591.0,1879.0,1712.0,51.1,78.1,64.7,0.00,4.95
2019-06-11,4122.0,2179.0,1943.0,55.0,82.0,69.7,0.00,5.06
2019-06-12,3736.0,1950.0,1786.0,60.1,93.9,76.8,0.00,3.45
2019-06-13,3730.0,1921.0,1809.0,62.1,93.9,73.5,0.00,4.37
2019-06-14,3130.0,1634.0,1496.0,57.0,80.1,63.0,0.00,5.87
2019-06-15,1707.0,911.0,796.0,54.0,73.9,62.0,0.00,2.99
2019-06-16,1957.0,1053.0,904.0,54.0,75.9,65.1,0.00,3.91
2019-06-17,3403.0,1766.0,1637.0,55.9,77.0,65.5,0.00,3.22
2019-06-18,2494.0,1310.0,1184.0,55.9,75.9,64.2,0.00,4.14
2019-06-19,3340.0,1720.0,1620.0,55.0,70.0,60.2,0.00,6.67
2019-06-20,3185.0,1651.0,1534.0,50.0,70.0,57.7,0.00,4.95
2019-06-21,3001.0,1601.0,1400.0,50.0,72.0,61.1,0.00,7.60
2019-06-22,2823.0,1578.0,1245.0,55.0,72.0,60.3,0.00,6.90
2019-06-23,953.0,516.0,437.0,54.0,66.9,60.1,0.00,4.95
2019-06-24,3134.0,1647.0,1487.0,53.1,70.0,58.5,0.00,3.91
2019-06-25,3769.0,1969.0,1800.0,52.0,75.0,62.3,0.00,2.99
2019-06-26,3130.0,1597.0,1533.0,52.0,75.0,63.5,0.00,4.95
2019-06-27,2539.0,1324.0,1215.0,54.0,72.0,62.8,0.00,6.90
2019-06-28,3007.0,1549.0,1458.0,55.9,73.9,63.0,0.00,7.02
2019-06-29,1858.0,1027.0,831.0,55.9,77.0,65.2,0.00,2.99
2019-06-30,2190.0,1148.0,1042.0,55.9,80.1,67.7,0.00,4.83
2019-07-01,3716.0,1905.0,1811.0,57.0,82.0,71.0,0.00,2.76
2019-07-02,2260.0,1130.0,1130.0,57.9,82.0,62.9,0.00,7.48
2019-07-03,2593.0,1341.0,1252.0,57.9,70.0,60.2,0.28,3.22
2019-07-04,2685.0,1393.0,1292.0,55.9,75.0,63.9,0.00,2.42
2019-07-05,1682.0,911.0,771.0,55.9,75.0,63.7,0.00,5.18
2019-07-06,1805.0,927.0,878.0,57.9,73.0,64.5,0.00,4.83
2019-07-07,1177.0,666.0,511.0,59.0,73.0,64.6,0.00,5.29
2019-07-08,2980.0,1557.0,1423.0,57.9,75.0,63.4,0.01,2.99
2019-07-09,3224.0,1659.0,1565.0,57.9,75.9,68.3,0.01,1.84
2019-07-10,2070.0,1110.0,960.0,59.0,75.9,66.1,0.13,3.80
2019-07-11,3593.0,1878.0,1715.0,62.1,73.9,66.8,0.10,4.37
2019-07-12,3320.0,1775.0,1545.0,61.0,79.0,69.1,0.00,3.11
2019-07-13,1823.0,986.0,837.0,61.0,80.1,70.2,0.00,4.03
2019-07-14,1806.0,922.0,884.0,60.1,80.1,69.3,0.00,3.45
2019-07-15,3075.0,1567.0,1508.0,60.1,80.1,68.2,0.00,3.91
2019-07-16,3713.0,1941.0,1772.0,63.0,80.1,69.0,0.04,2.99
2019-07-17,2520.0,1325.0,1195.0,62.1,80.1,67.4,0.00,9.21
2019-07-18,2937.0,1523.0,1414.0,57.2,73.9,63.9,0.03,6.67
2019-07-19,3059.0,1603.0,1456.0,57.0,73.9,61.8,0.03,4.49
2019-07-20,2016.0,1071.0,945.0,55.0,79.0,65.6,0.00,4.72
2019-07-21,1713.0,920.0,793.0,55.0,89.1,71.2,0.00,3.80
2019-07-22,3762.0,1966.0,1796.0,57.9,89.1,71.6,0.00,4.37
2019-07-23,3811.0,1983.0,1828.0,57.9,82.9,68.0,0.00,4.37
2019-07-24,3857.0,2011.0,1846.0,60.1,77.0,66.2,0.00,6.33
2019-07-25,3860.0,2019.0,1841.0,59.0,82.9,69.8,0.00,4.37
2019-07-26,4104.0,2353.0,1751.0,59.0,88.0,73.3,0.00,3.68
2019-07-27,1394.0,709.0,685.0,62.1,88.0,70.0,0.00,7.83
2019-07-28,1783.0,924.0,859.0,59.0,78.1,68.1,0.00,4.37
2019-07-29,3848.0,1989.0,1859.0,57.9,82.0,70.1,0.00,3.34
2019-07-30,3800.0,1953.0,1847.0,57.9,82.0,66.6,0.00,5.64
2019-07-31,3915.0,2035.0,1880.0,57.9,82.9,69.8,0.00,2.88
2019-08-01,3971.0,2028.0,1943.0,59.0,84.9,71.9,0.00,6.56
2019-08-02,3038.0,1542.0,1496.0,62.1,86.0,72.1,0.20,7.71
2019-08-03,1771.0,922.0,849.0,61.0,80.1,70.1,0.00,5.64
2019-08-04,1592.0,848.0,744.0,59.0,84.0,71.3,0.00,4.83
2019-08-05,3771.0,1935.0,1836.0,59.0,84.9,74.7,0.00,3.45
2019-08-06,3842.0,1968.0,1874.0,59.0,84.9,69.3,0.00,3.45
2019-08-07,3714.0,1912.0,1802.0,59.0,81.0,67.4,0.00,4.49
2019-08-08,3563.0,1835.0,1728.0,59.0,79.0,66.4,0.00,6.67
2019-08-09,3177.0,1607.0,1570.0,62.1,75.9,66.7,0.00,4.26
2019-08-10,2088.0,1494.0,594.0,59.0,75.9,67.0,0.00,2.99
2019-08-11,1265.0,662.0,603.0,59.0,73.9,66.3,0.18,4.95
2019-08-12,3601.0,1864.0,1737.0,61.0,79.0,68.5,0.00,5.98
2019-08-13,4098.0,2101.0,1997.0,60.1,84.0,71.8,0.00,2.53
2019-08-14,3988.0,2081.0,1907.0,60.1,84.0,73.4,0.00,3.34
2019-08-15,3852.0,1987.0,1865.0,61.0,84.0,70.0,0.00,4.26
2019-08-16,3062.0,1559.0,1503.0,61.0,80.1,67.5,0.00,6.10
2019-08-17,1581.0,821.0,760.0,61.0,73.9,66.2,0.00,4.60
2019-08-18,1630.0,871.0,759.0,60.1,77.0,67.2,0.00,3.11
2019-08-19,3518.0,1826.0,1692.0,60.1,77.0,67.5,0.00,4.14
2019-08-20,3764.0,1921.0,1843.0,57.0,82.9,68.3,0.00,3.11
2019-08-21,1836.0,970.0,866.0,57.0,82.9,66.7,0.00,6.90
2019-08-22,3553.0,1822.0,1731.0,57.2,72.0,62.9,0.10,3.45
2019-08-23,2958.0,1545.0,1413.0,55.0,73.0,64.2,0.00,3.22
2019-08-24,1534.0,762.0,772.0,55.0,78.1,66.6,0.00,3.80
2019-08-25,1755.0,910.0,845.0,60.1,78.1,67.0,0.00,4.95
2019-08-26,3623.0,1869.0,1754.0,57.9,78.1,66.8,0.00,4.37
2019-08-27,4025.0,2082.0,1943.0,57.9,82.0,70.0,0.00,4.95
2019-08-28,3789.0,1975.0,1814.0,60.1,87.1,73.7,0.00,3.91
2019-08-29,3276.0,1649.0,1627.0,60.1,87.1,71.0,0.00,6.21
2019-08-30,2804.0,1487.0,1317.0,61.0,79.0,68.6,0.02,7.02
2019-08-31,1438.0,738.0,700.0,63.0,79.0,70.0,0.00,3.34
2019-09-01,1408.0,752.0,656.0,63.0,80.1,71.2,0.01,4.95
2019-09-02,1609.0,873.0,736.0,61.0,80.1,68.6,0.00,4.14
2019-09-03,3728.0,1912.0,1816.0,60.1,82.0,69.6,0.00,2.76
2019-09-04,3685.0,1915.0,1770.0,60.1,82.0,67.2,0.00,3.68
2019-09-05,3713.0,1884.0,1829.0,59.0,79.0,67.9,0.00,3.91
2019-09-06,3427.0,1773.0,1654.0,59.0,80.1,70.5,0.00,5.18
2019-09-07,1189.0,621.0,568.0,62.1,80.1,65.5,0.00,4.26
2019-09-08,707.0,368.0,339.0,59.0,73.9,64.2,0.41,7.60
2019-09-09,2397.0,1205.0,1192.0,59.0,73.9,63.4,0.01,6.21
2019-09-10,2696.0,1432.0,1264.0,59.0,72.0,63.4,0.05,4.49
2019-09-11,3608.0,1846.0,1762.0,57.0,73.9,64.4,0.00,4.49
2019-09-12,3551.0,1779.0,1772.0,57.0,80.1,67.5,0.00,5.18
2019-09-13,2635.0,1342.0,1293.0,57.9,80.1,66.6,0.14,8.17
2019-09-14,1244.0,675.0,569.0,61.0,71.1,65.0,0.00,7.94
2019-09-15,370.0,207.0,163.0,59.0,68.0,61.5,0.06,8.52
2019-09-16,3148.0,1613.0,1535.0,51.1,69.1,59.4,0.02,4.95
2019-09-17,1979.0,1039.0,940.0,51.1,69.1,58.6,0.00,8.29
2019-09-18,2989.0,1539.0,1450.0,55.4,66.9,59.8,0.19,3.91
2019-09-19,3271.0,1686.0,1585.0,52.0,71.1,60.0,0.06,2.53
2019-09-20,3093.0,1581.0,1512.0,52.0,71.1,62.9,0.00,4.03
2019-09-21,1474.0,761.0,713.0,57.9,68.0,62.9,0.00,2.65
2019-09-22,328.0,173.0,155.0,57.9,68.0,62.9,0.01,5.64
2019-09-23,2769.0,1410.0,1359.0,55.9,64.9,59.8,0.01,7.71
2019-09-24,3027.0,1567.0,1460.0,55.9,70.0,61.9,0.00,7.13
2019-09-25,3512.0,1813.0,1699.0,54.0,70.0,62.4,0.00,2.76
2019-09-26,2643.0,1359.0,1284.0,54.0,69.1,63.2,0.00,7.71
2019-09-27,2228.0,1158.0,1070.0,53.1,69.1,58.8,0.03,5.29
2019-09-28,1059.0,543.0,516.0,48.0,64.9,52.0,0.02,4.26
2019-09-29,762.0,392.0,370.0,46.9,60.1,51.6,0.04,4.14
2019-09-30,3175.0,1640.0,1535.0,39.9,60.1,49.6,0.00,2.53
2019-10-01,3374.0,1758.0,1616.0,37.9,63.0,50.2,0.00,3.45
2019-10-02,3078.0,1599.0,1479.0,37.9,64.9,52.5,0.00,2.53
2019-10-03,2775.0,1414.0,1361.0,39.9,64.9,57.3,0.00,6.21
2019-10-04,2444.0,1258.0,1186.0,50.0,63.0,54.3,0.02,9.09
2019-10-05,1134.0,597.0,537.0,48.9,64.0,56.0,0.00,6.10
2019-10-06,1256.0,668.0,588.0,41.0,64.0,53.5,0.00,2.30
2019-10-07,2470.0,1249.0,1221.0,41.0,64.9,56.2,0.00,8.98
2019-10-08,2365.0,1213.0,1152.0,45.0,64.9,52.1,0.00,8.06
2019-10-09,2779.0,1444.0,1335.0,36.0,54.0,45.3,0.24,2.99
2019-10-10,2678.0,1353.0,1325.0,34.0,57.0,44.9,0.00,2.53
2019-10-11,2604.0,1328.0,1276.0,34.0,63.0,49.6,0.00,2.76
2019-10-12,953.0,501.0,452.0,39.0,63.0,50.2,0.00,1.27
2019-10-13,955.0,523.0,432.0,42.1,60.1,54.2,0.00,1.38
2019-10-14,2939.0,1492.0,1447.0,43.0,61.0,52.4,0.00,2.76
2019-10-15,2906.0,1502.0,1404.0,45.0,61.0,52.9,0.00,4.03
2019-10-16,1835.0,959.0,876.0,45.0,61.0,55.1,0.00,6.33
2019-10-17,1869.0,966.0,903.0,50.0,60.1,54.6,0.23,9.78
2019-10-18,1790.0,905.0,885.0,48.2,55.0,51.8,0.05,11.62
2019-10-19,466.0,232.0,234.0,46.0,53.1,49.1,0.68,6.10
2019-10-20,327.0,182.0,145.0,45.0,53.1,48.8,0.10,6.67
2019-10-21,1994.0,1030.0,964.0,45.0,57.9,54.1,0.06,8.06
2019-10-22,2324.0,1213.0,1111.0,55.0,61.0,57.6,0.04,7.60
2019-10-23,3003.0,1542.0,1461.0,42.1,60.1,50.5,0.00,2.19
2019-10-24,2939.0,1522.0,1417.0,42.1,61.0,51.2,0.00,2.19
2019-10-25,2223.0,1153.0,1070.0,46.0,61.0,53.1,0.00,5.52
2019-10-26,805.0,415.0,390.0,43.0,60.1,48.8,0.10,4.72
2019-10-27,882.0,444.0,438.0,34.0,55.9,45.8,0.00,3.80
2019-10-28,2815.0,1447.0,1368.0,33.1,55.9,42.0,0.00,3.57
2019-10-29,2867.0,1472.0,1395.0,33.1,52.0,42.9,0.00,4.83
2019-10-30,2694.0,1383.0,1311.0,30.0,52.0,40.3,0.00,2.07
2019-10-31,2524.0,1301.0,1223.0,30.0,53.1,42.0,0.00,2.65
2019-11-01,2461.0,1246.0,1215.0,32.0,55.0,45.3,0.00,2.65
2019-11-02,1068.0,521.0,547.0,37.9,55.9,47.4,0.00,2.42
2019-11-03,905.0,474.0,431.0,35.1,55.9,45.7,0.00,2.19
2019-11-04,2982.0,1523.0,1459.0,35.1,57.0,48.1,0.00,1.84
2019-11-05,2885.0,1480.0,1405.0,39.9,57.0,46.8,0.00,2.07
2019-11-06,2850.0,1464.0,1386.0,39.9,55.9,49.4,0.00,3.22
2019-11-07,2865.0,1464.0,1401.0,36.0,55.9,45.5,0.00,2.19
2019-11-08,2445.0,1251.0,1194.0,36.0,61.0,46.3,0.00,4.03
2019-11-09,359.0,179.0,180.0,36.0,61.0,49.8,0.00,6.67
2019-11-10,676.0,357.0,319.0,48.0,55.0,51.9,0.01,2.53
2019-11-11,2418.0,1246.0,1172.0,46.0,60.1,51.1,0.00,2.88
2019-11-12,2157.0,1097.0,1060.0,46.0,60.1,50.4,0.00,2.30
2019-11-13,2869.0,1489.0,1380.0,48.0,55.9,52.4,0.07,2.99
2019-11-14,2649.0,1371.0,1278.0,43.0,55.9,49.6,0.00,1.27
2019-11-15,2126.0,1085.0,1041.0,43.0,59.0,52.4,0.00,8.63
2019-11-16,630.0,338.0,292.0,46.9,59.0,52.2,0.08,5.87
2019-11-17,386.0,214.0,172.0,48.0,59.0,53.8,0.00,8.29
2019-11-18,2147.0,1069.0,1078.0,48.0,57.0,52.4,0.03,1.96
2019-11-19,2346.0,1213.0,1133.0,48.2,52.0,50.6,0.11,6.21
2019-11-20,2946.0,1504.0,1442.0,39.9,53.1,46.0,0.02,3.68
2019-11-21,2656.0,1342.0,1314.0,37.0,51.1,41.5,0.00,2.99
2019-11-22,2163.0,1117.0,1046.0,32.0,46.9,38.5,0.00,2.53
2019-11-23,631.0,311.0,320.0,33.1,53.1,41.0,0.00,5.18
2019-11-24,654.0,366.0,288.0,45.0,53.6,50.6,0.00,9.09
2019-11-25,2074.0,1053.0,1021.0,43.0,53.1,44.9,0.02,4.03
2019-11-26,2156.0,1108.0,1048.0,35.1,46.0,40.9,0.05,4.14
2019-11-27,1620.0,833.0,787.0,35.1,48.9,43.3,0.00,5.75
2019-11-28,305.0,166.0,139.0,28.9,48.9,38.8,0.00,2.99
2019-11-29,524.0,266.0,258.0,28.0,46.0,36.4,0.00,2.30
2019-11-30,451.0,238.0,213.0,24.1,48.0,33.1,0.00,0.81
2019-12-01,392.0,195.0,197.0,24.1,48.0,39.6,0.00,2.99
2019-12-02,2389.0,1214.0,1175.0,32.0,52.0,43.7,0.01,1.15
2019-12-03,2572.0,1317.0,1255.0,36.0,55.0,48.1,0.00,6.67
2019-12-04,2191.0,1115.0,1076.0,43.0,55.0,50.4,0.00,5.64
2019-12-05,2442.0,1232.0,1210.0,46.0,51.1,47.9,0.00,2.07
2019-12-06,2170.0,1102.0,1068.0,44.1,55.0,48.7,0.00,1.50
2019-12-07,364.0,178.0,186.0,44.1,55.0,48.6,0.04,3.57
2019-12-08,562.0,291.0,271.0,46.9,52.0,49.7,0.00,0.92
2019-12-09,2551.0,1300.0,1251.0,44.1,52.0,46.5,0.00,1.96
2019-12-10,2142.0,1080.0,1062.0,39.9,48.0,42.6,0.00,6.21
2019-12-11,1951.0,991.0,960.0,39.9,50.0,46.0,0.03,5.64
2019-12-12,1787.0,915.0,872.0,46.0,51.8,49.2,0.08,9.90
2019-12-13,1940.0,1001.0,939.0,44.1,51.1,47.0,0.07,8.29
2019-12-14,421.0,206.0,215.0,42.1,50.0,44.8,0.00,4.03
2019-12-15,345.0,183.0,162.0,37.0,46.0,41.6,0.28,2.53
2019-12-16,2288.0,1168.0,1120.0,35.1,46.9,40.3,0.04,3.68
2019-12-17,2388.0,1212.0,1176.0,33.1,48.9,41.1,0.00,2.99
2019-12-18,2041.0,1034.0,1007.0,33.1,48.9,42.4,0.00,3.22
2019-12-19,1461.0,730.0,731.0,37.0,48.0,43.6,0.10,6.33
2019-12-20,768.0,392.0,376.0,41.0,55.0,51.3,0.70,8.17
2019-12-21,151.0,83.0,68.0,44.1,55.0,47.5,1.51,4.03
2019-12-22,333.0,167.0,166.0,39.2,45.0,43.2,0.11,3.45
2019-12-23,943.0,504.0,439.0,39.9,46.0,43.2,0.05,4.83
2019-12-24,501.0,255.0,246.0,32.0,45.0,38.0,0.06,5.06
2019-12-25,226.0,128.0,98.0,32.0,44.1,39.4,0.00,0.92
2019-12-26,682.0,351.0,331.0,27.0,44.1,34.1,0.00,4.49
2019-12-27,751.0,397.0,354.0,27.0,44.1,39.3,0.00,5.06
2019-12-28,429.0,229.0,200.0,37.0,48.0,43.5,0.00,2.42
2019-12-29,485.0,252.0,233.0,39.9,53.1,45.1,0.00,1.50
2019-12-30,1162.0,598.0,564.0,39.9,53.1,45.9,0.00,6.67
2019-12-31,703.0,342.0,361.0,43.0,51.1,48.2,0.01,11.62
2020-01-01,440.0,222.0,218.0,45.0,55.0,52.1,0.08,9.55
2020-01-02,1391.0,712.0,679.0,42.1,54.0,45.0,0.00,7.25
2020-01-03,1543.0,798.0,745.0,41.0,54.0,49.0,0.00,7.48
2020-01-04,490.0,252.0,238.0,42.1,61.0,47.1,0.06,12.31
2020-01-05,286.0,153.0,133.0,39.9,50.0,43.9,0.04,9.55
2020-01-06,1823.0,924.0,899.0,42.1,51.8,46.0,0.09,12.31
2020-01-07,1925.0,983.0,942.0,41.0,55.0,51.7,0.09,14.15
2020-01-08,2075.0,1067.0,1008.0,39.0,55.0,45.6,0.01,10.01
2020-01-09,1789.0,908.0,881.0,32.0,46.9,36.3,0.00,3.68
2020-01-10,1303.0,647.0,656.0,32.0,46.0,38.3,0.01,7.48
2020-01-11,304.0,171.0,133.0,35.1,46.9,45.2,0.14,11.05
2020-01-12,290.0,156.0,134.0,39.9,46.9,42.8,0.00,12.08
2020-01-13,858.0,449.0,409.0,32.0,46.0,35.7,0.06,6.10
2020-01-14,588.0,304.0,284.0,28.9,37.0,30.8,0.03,3.45
2020-01-15,759.0,392.0,367.0,28.9,39.9,36.1,0.00,11.97
2020-01-16,1504.0,765.0,739.0,32.0,46.0,40.3,0.00,9.78
2020-01-17,1437.0,738.0,699.0,32.0,46.0,36.9,0.00,5.75
2020-01-18,357.0,176.0,181.0,32.0,53.1,42.2,0.09,6.56
2020-01-19,395.0,209.0,186.0,39.0,53.1,46.6,0.12,2.99
2020-01-20,1135.0,579.0,556.0,42.1,53.1,47.8,0.01,1.73
2020-01-21,1824.0,910.0,914.0,43.0,53.1,46.9,0.01,6.33
2020-01-22,1708.0,910.0,798.0,43.0,51.1,45.8,0.64,10.13
2020-01-23,1483.0,769.0,714.0,44.1,55.0,50.6,0.00,7.36
2020-01-24,1649.0,833.0,816.0,46.9,54.0,50.6,0.54,9.55
2020-01-25,550.0,302.0,248.0,45.0,53.1,47.8,0.33,3.57
2020-01-26,558.0,276.0,282.0,45.0,54.0,48.8,0.13,6.90
2020-01-27,1999.0,989.0,1010.0,41.0,54.0,47.6,0.03,8.06
2020-01-28,1786.0,918.0,868.0,41.0,52.0,47.4,0.45,6.56
2020-01-29,1900.0,980.0,920.0,45.0,52.0,47.8,0.22,7.02
2020-01-30,1955.0,981.0,974.0,42.1,51.1,46.1,0.02,2.53
2020-01-31,1349.0,671.0,678.0,44.1,57.9,51.6,0.02,12.66
2020-02-01,359.0,189.0,170.0,43.0,57.9,53.2,0.72,12.54
2020-02-02,599.0,308.0,291.0,32.0,54.0,38.9,0.27,6.67
2020-02-03,2202.0,1126.0,1076.0,32.0,45.0,38.3,0.00,4.60
2020-02-04,1700.0,854.0,846.0,32.0,44.1,36.1,0.00,6.79
2020-02-05,1433.0,728.0,705.0,32.0,50.0,43.5,0.03,7.94
2020-02-06,1381.0,705.0,676.0,41.0,51.1,48.8,0.18,3.80
2020-02-07,1418.0,705.0,713.0,44.1,52.0,46.4,0.43,5.41
2020-02-08,573.0,312.0,261.0,42.1,52.0,46.1,0.16,10.36
2020-02-09,828.0,413.0,415.0,32.0,48.0,42.0,0.00,2.19
2020-02-10,2336.0,1200.0,1136.0,32.0,48.0,41.5,0.00,1.61
2020-02-11,2283.0,1177.0,1106.0,34.0,48.0,40.3,0.00,5.75
2020-02-12,2390.0,1236.0,1154.0,34.0,48.9,45.9,0.05,2.88
2020-02-13,1813.0,907.0,906.0,37.9,48.9,43.4,0.04,6.44
2020-02-14,1853.0,955.0,898.0,37.9,51.1,44.6,0.03,7.02
2020-02-15,354.0,192.0,162.0,42.1,51.1,44.3,0.01,10.01
2020-02-16,473.0,250.0,223.0,37.9,48.9,43.3,0.10,8.29
2020-02-17,1458.0,735.0,723.0,34.0,48.9,41.5,0.06,4.72
2020-02-18,2280.0,1156.0,1124.0,32.0,48.9,40.2,0.00,2.76
2020-02-19,2282.0,1167.0,1115.0,30.0,53.1,41.1,0.00,2.88
2020-02-20,2316.0,1179.0,1137.0,30.0,55.9,44.4,0.00,3.57
2020-02-21,2085.0,1066.0,1019.0,30.9,55.9,43.3,0.00,2.65
2020-02-22,603.0,315.0,288.0,30.9,55.9,45.4,0.00,4.95
2020-02-23,450.0,232.0,218.0,39.0,50.0,45.0,0.00,7.83
2020-02-24,2391.0,1223.0,1168.0,37.9,50.0,44.1,0.13,8.52
2020-02-25,2445.0,1275.0,1170.0,34.0,52.0,43.1,0.00,1.96
2020-02-26,2468.0,1251.0,1217.0,34.0,54.0,48.0,0.00,2.07
2020-02-27,2700.0,1389.0,1311.0,37.9,57.9,47.1,0.00,4.49
2020-02-28,1813.0,936.0,877.0,36.0,57.9,44.4,0.00,4.72
2020-02-29,677.0,357.0,320.0,36.0,50.0,44.9,0.07,10.47
2020-03-01,686.0,352.0,334.0,32.0,48.9,39.2,0.09,4.49
2020-03-02,1993.0,1014.0,979.0,32.0,48.0,44.2,0.00,8.75
2020-03-03,2401.0,1260.0,1141.0,41.0,53.1,49.0,0.00,9.78
2020-03-04,2375.0,1236.0,1139.0,37.9,53.1,46.4,0.00,8.40
2020-03-05,1607.0,824.0,783.0,37.0,55.9,45.8,0.00,5.87
2020-03-06,875.0,447.0,428.0,37.0,55.9,43.6,0.18,4.49
2020-03-07,493.0,256.0,237.0,39.0,46.0,41.8,0.11,4.83
2020-03-08,662.0,339.0,323.0,37.0,48.9,40.9,0.01,3.91
2020-03-09,1481.0,751.0,730.0,30.0,50.0,39.3,0.00,2.30
2020-03-10,1243.0,647.0,596.0,30.0,51.1,42.5,0.00,6.90
2020-03-11,1347.0,696.0,651.0,33.1,51.1,47.3,0.00,7.13
2020-03-12,1176.0,596.0,580.0,37.9,51.1,44.0,0.01,2.76
2020-03-13,522.0,259.0,263.0,37.0,51.1,41.3,0.00,3.80
2020-03-14,580.0,309.0,271.0,37.0,44.1,38.8,0.05,8.40
2020-03-15,719.0,394.0,325.0,33.1,46.9,38.2,0.00,7.36
2020-03-16,1171.0,591.0,580.0,33.1,54.0,43.2,0.00,4.60
2020-03-17,1142.0,577.0,565.0,30.0,54.0,42.5,0.00,3.45
2020-03-18,1299.0,636.0,663.0,30.0,57.9,43.9,0.00,3.91
2020-03-19,4.0,2.0,2.0,32.0,60.1,46.3,0.00,1.84
2020-03-20,3.0,1.0,2.0,33.1,62.1,49.5,0.00,2.65
2020-03-21,0.0,0.0,0.0,36.0,62.1,48.4,0.00,3.57
2020-03-22,0.0,0.0,0.0,36.0,57.0,46.5,0.00,4.95
2020-03-23,0.0,0.0,0.0,36.0,57.0,46.6,0.00,10.24
2020-03-24,0.0,0.0,0.0,39.2,48.9,44.4,0.03,7.60
2020-03-25,0.0,0.0,0.0,39.2,48.9,43.0,0.01,4.72
2020-03-26,0.0,0.0,0.0,37.9,50.0,43.5,0.07,7.48
2020-03-27,0.0,0.0,0.0,37.9,50.0,45.9,0.00,8.17
2020-03-28,0.0,0.0,0.0,43.0,55.9,49.6,0.00,9.67
2020-03-29,233.0,98.0,135.0,46.0,55.9,50.0,0.34,9.44
2020-03-30,401.0,203.0,198.0,39.0,55.9,47.1,0.21,10.70
2020-03-31,584.0,302.0,282.0,39.0,51.1,43.4,0.19,7.94
2020-04-01,921.0,475.0,446.0,39.2,50.0,43.6,0.02,5.98
2020-04-02,780.0,383.0,397.0,36.0,51.1,43.7,0.00,6.21
2020-04-03,3.0,2.0,1.0,36.0,51.1,43.9,0.00,10.36
2020-04-04,0.0,0.0,0.0,33.1,53.1,42.4,0.00,4.26
2020-04-05,0.0,0.0,0.0,33.1,55.9,48.8,0.00,4.83
2020-04-06,0.0,0.0,0.0,37.9,61.0,48.9,0.00,2.53
2020-04-07,0.0,0.0,0.0,37.9,61.0,49.1,0.00,4.26
2020-04-08,0.0,0.0,0.0,39.9,60.1,50.2,0.00,4.14
2020-04-09,0.0,0.0,0.0,39.9,66.9,53.5,0.00,4.14
2020-04-10,0.0,0.0,0.0,42.1,66.9,55.5,0.00,3.11
2020-04-11,0.0,0.0,0.0,42.1,66.0,51.9,0.00,6.21
2020-04-12,0.0,0.0,0.0,34.0,60.1,49.1,0.00,4.60
2020-04-13,0.0,0.0,0.0,32.0,64.0,49.7,0.00,4.14
2020-04-14,0.0,0.0,0.0,32.0,64.0,54.0,0.00,4.60
2020-04-15,0.0,0.0,0.0,39.9,64.9,54.8,0.00,6.67
2020-04-16,0.0,0.0,0.0,43.0,69.1,56.5,0.00,3.80
2020-04-17,0.0,0.0,0.0,41.0,69.1,56.9,0.00,2.76
2020-04-18,0.0,0.0,0.0,39.9,69.1,54.5,0.00,4.95
2020-04-19,0.0,0.0,0.0,46.9,64.0,54.1,0.01,4.95
2020-04-20,0.0,0.0,0.0,44.1,66.9,55.0,0.00,3.22
2020-04-21,0.0,0.0,0.0,44.1,66.9,53.5,0.00,6.56
2020-04-22,0.0,0.0,0.0,48.9,57.9,52.4,0.00,3.80
2020-04-23,0.0,0.0,0.0,48.9,59.0,52.8,0.33,5.98
2020-04-24,0.0,0.0,0.0,48.9,60.1,53.9,0.04,1.96
2020-04-25,1.0,0.0,1.0,48.9,63.0,56.1,0.00,7.60
2020-04-26,0.0,0.0,0.0,44.1,63.0,53.5,0.39,6.79
2020-04-27,0.0,0.0,0.0,44.1,62.1,55.6,0.07,9.32
2020-04-28,0.0,0.0,0.0,43.0,64.0,53.8,0.04,2.88
2020-04-29,0.0,0.0,0.0,43.0,70.0,56.4,0.00,4.83
2020-04-30,0.0,0.0,0.0,50.0,70.0,55.3,0.00,11.16
2020-05-01,0.0,0.0,0.0,41.0,66.0,53.0,0.00,5.18
2020-05-02,0.0,0.0,0.0,41.0,66.0,56.4,0.04,5.18
2020-05-03,0.0,0.0,0.0,44.1,57.9,50.5,0.07,12.31
2020-05-04,797.0,461.0,336.0,39.9,64.9,51.6,0.03,3.22
2020-05-05,1497.0,801.0,696.0,39.9,71.1,58.4,0.00,4.03
2020-05-06,874.0,465.0,409.0,48.2,70.0,56.8,0.00,8.86
2020-05-07,1602.0,853.0,749.0,45.0,66.0,54.7,0.00,4.37
2020-05-08,1777.0,949.0,828.0,45.0,75.9,61.6,0.00,5.98
2020-05-09,1860.0,924.0,936.0,50.0,87.1,70.3,0.00,3.22
2020-05-10,1747.0,877.0,870.0,54.0,87.1,72.2,0.00,3.91
2020-05-11,979.0,521.0,458.0,55.9,87.1,68.8,0.00,4.95
2020-05-12,879.0,459.0,420.0,52.0,77.0,57.8,0.00,4.83
2020-05-13,1267.0,595.0,672.0,52.0,66.0,57.6,0.01,8.17
2020-05-14,765.0,81.0,684.0,51.8,66.9,57.3,0.00,4.60
2020-05-15,1514.0,809.0,705.0,52.0,69.1,59.3,0.05,5.52
2020-05-16,171.0,7.0,164.0,52.0,69.1,59.3,0.00,3.68
2020-05-17,1132.0,41.0,1091.0,54.0,70.0,59.3,0.48,4.14
2020-05-18,0.0,0.0,0.0,53.1,70.0,58.7,0.09,3.91
2020-05-19,64.0,22.0,42.0,53.1,68.0,58.9,0.00,4.03
2020-05-20,375.0,34.0,341.0,52.0,64.9,56.4,0.00,7.36
2020-05-21,524.0,212.0,312.0,46.9,60.8,53.2,0.01,6.21
2020-05-22,1198.0,578.0,620.0,46.9,61.0,52.6,0.16,7.83
2020-05-23,1662.0,843.0,819.0,48.0,64.0,54.7,0.10,3.91
2020-05-24,1075.0,215.0,860.0,48.9,70.0,58.9,0.00,1.61
2020-05-25,116.0,48.0,68.0,51.1,71.1,60.8,0.00,4.72
2020-05-26,821.0,143.0,678.0,53.1,68.0,57.5,0.01,3.57
2020-05-27,1270.0,60.0,1210.0,50.0,73.0,61.5,0.00,4.26
2020-05-28,1217.0,51.0,1166.0,50.0,79.0,67.6,0.00,4.37
2020-05-29,1163.0,56.0,1107.0,59.0,79.0,68.8,0.00,4.26
2020-05-30,0.0,0.0,0.0,53.1,78.1,59.2,0.00,3.11
2020-05-31,102.0,62.0,40.0,50.0,63.0,53.6,0.72,6.90
2020-06-01,967.0,241.0,726.0,50.0,68.0,57.8,0.01,2.53
2020-06-02,1165.0,533.0,632.0,50.0,68.0,59.3,0.00,3.22
2020-06-03,944.0,319.0,625.0,50.0,66.0,58.0,0.00,3.22
2020-06-04,335.0,61.0,274.0,54.0,69.1,60.1,0.00,3.68
2020-06-05,0.0,0.0,0.0,52.0,69.1,58.9,0.00,2.99
2020-06-06,510.0,191.0,319.0,52.0,66.9,58.3,0.00,7.13
2020-06-07,313.0,31.0,282.0,51.1,64.9,55.5,0.00,5.29
2020-06-08,1.0,1.0,0.0,51.1,64.9,58.2,0.00,9.09
2020-06-09,0.0,0.0,0.0,52.0,64.9,56.9,0.00,7.48
2020-06-10,0.0,0.0,0.0,52.0,73.0,61.5,0.05,4.83
2020-06-11,2.0,2.0,0.0,55.9,73.0,63.2,0.03,3.91
2020-06-12,0.0,0.0,0.0,54.0,72.0,60.1,0.05,5.29
2020-06-13,1.0,1.0,0.0,53.1,64.0,57.3,0.22,4.37
2020-06-14,0.0,0.0,0.0,51.1,66.9,56.7,0.01,8.17
2020-06-15,557.0,235.0,322.0,51.1,66.9,59.3,0.00,6.90
2020-06-16,1571.0,760.0,811.0,52.0,66.9,57.7,0.03,5.87
2020-06-17,1088.0,564.0,524.0,51.1,73.0,61.2,0.00,4.37
2020-06-18,0.0,0.0,0.0,51.1,75.0,64.1,0.00,4.03
2020-06-19,0.0,0.0,0.0,54.0,80.1,68.6,0.00,3.11
2020-06-20,0.0,0.0,0.0,57.9,80.1,68.1,0.00,6.79
2020-06-21,0.0,0.0,0.0,57.9,73.9,64.0,0.01,6.79
2020-06-22,0.0,0.0,0.0,55.0,78.1,63.7,0.00,3.57
2020-06-23,0.0,0.0,0.0,55.0,82.0,69.8,0.00,3.80
2020-06-24,0.0,0.0,0.0,60.1,82.0,69.0,0.00,5.18
2020-06-25,0.0,0.0,0.0,60.1,78.1,67.7,0.00,4.49
2020-06-26,0.0,0.0,0.0,60.1,82.0,70.7,0.00,4.14
2020-06-27,0.0,0.0,0.0,55.9,82.0,61.9,0.00,4.72
2020-06-28,0.0,0.0,0.0,53.1,69.1,58.1,0.41,4.37
2020-06-29,0.0,0.0,0.0,53.1,72.0,62.5,0.09,5.75
2020-06-30,0.0,0.0,0.0,55.0,72.0,60.1,0.00,8.63
2020-07-01,4.0,1.0,3.0,55.0,66.9,59.1,0.00,10.01
2020-07-02,792.0,502.0,290.0,55.0,68.0,59.7,0.00,10.36
2020-07-03,1473.0,729.0,744.0,57.0,68.0,61.1,0.00,6.33
2020-07-04,1444.0,723.0,721.0,55.0,71.1,61.4,0.00,3.34
2020-07-05,1760.0,904.0,856.0,55.0,75.0,64.1,0.00,2.88
2020-07-06,1751.0,907.0,844.0,55.0,75.0,64.1,0.00,5.29
2020-07-07,1304.0,689.0,615.0,55.9,72.0,62.2,0.00,8.40
2020-07-08,1872.0,978.0,894.0,57.0,73.9,63.6,0.00,3.22
2020-07-09,1459.0,759.0,700.0,59.0,73.9,64.9,0.00,4.60
2020-07-10,1866.0,951.0,915.0,54.0,73.0,63.0,0.00,4.60
2020-07-11,1559.0,794.0,765.0,54.0,73.9,63.9,0.00,4.37
2020-07-12,1367.0,720.0,647.0,55.9,73.0,62.9,0.00,6.90
2020-07-13,1891.0,944.0,947.0,55.0,75.0,63.8,0.02,5.29
2020-07-14,2124.0,1098.0,1026.0,55.0,79.0,66.8,0.00,4.37
2020-07-15,2040.0,1041.0,999.0,55.9,82.0,70.7,0.00,4.03
2020-07-16,1756.0,872.0,884.0,60.1,82.0,69.9,0.00,4.03
2020-07-17,1319.0,667.0,652.0,57.9,77.0,65.3,0.01,3.11
2020-07-18,2024.0,1036.0,988.0,55.9,79.0,65.8,0.05,3.91
2020-07-19,1729.0,831.0,898.0,55.9,82.9,71.2,0.00,4.26
2020-07-20,1895.0,936.0,959.0,60.1,84.9,73.6,0.00,3.91
2020-07-21,1974.0,1014.0,960.0,63.0,86.0,73.8,0.00,4.37
2020-07-22,1677.0,851.0,826.0,60.1,81.0,67.5,0.00,5.41
2020-07-23,1644.0,850.0,794.0,59.0,72.0,64.4,0.00,6.21
2020-07-24,1562.0,796.0,766.0,57.0,70.0,63.2,0.00,6.10
2020-07-25,1949.0,963.0,986.0,55.9,75.9,64.9,0.00,4.83
2020-07-26,1736.0,868.0,868.0,55.9,82.9,69.9,0.00,4.83
2020-07-27,1592.0,805.0,787.0,60.1,93.0,76.3,0.00,3.11
2020-07-28,1903.0,977.0,926.0,59.0,93.0,72.0,0.00,5.18
2020-07-29,1898.0,970.0,928.0,59.0,84.0,70.5,0.00,3.91
2020-07-30,1785.0,900.0,885.0,60.1,86.0,73.4,0.00,5.52
2020-07-31,1750.0,873.0,877.0,61.0,86.0,74.4,0.00,5.06
2020-08-01,0.0,0.0,0.0,60.1,82.9,66.6,0.00,5.29
2020-08-02,0.0,0.0,0.0,59.0,81.0,69.6,0.00,3.57
2020-08-03,0.0,0.0,0.0,59.0,82.0,70.0,0.00,5.18
2020-08-04,0.0,0.0,0.0,60.1,82.0,71.2,0.00,4.60
2020-08-05,2.0,2.0,0.0,62.1,82.9,71.8,0.00,3.91
2020-08-06,1.0,1.0,0.0,57.2,81.0,65.0,0.00,8.98
2020-08-07,0.0,0.0,0.0,57.9,75.0,63.8,0.05,4.83
2020-08-08,0.0,0.0,0.0,57.9,75.0,63.1,0.00,4.03
2020-08-09,0.0,0.0,0.0,55.0,75.9,64.1,0.00,3.80
2020-08-10,0.0,0.0,0.0,55.0,80.1,68.5,0.00,4.26
2020-08-11,1.0,0.0,1.0,57.0,80.1,66.5,0.00,5.41
2020-08-12,0.0,0.0,0.0,57.0,75.0,62.8,0.00,5.52
2020-08-13,0.0,0.0,0.0,54.0,75.0,63.8,0.00,2.76
2020-08-14,0.0,0.0,0.0,54.0,79.0,66.6,0.00,4.37
2020-08-15,0.0,0.0,0.0,55.9,84.0,71.7,0.00,4.37
2020-08-16,0.0,0.0,0.0,61.0,97.0,77.3,0.00,2.19
2020-08-17,0.0,0.0,0.0,64.0,98.1,79.7,0.00,5.64
2020-08-18,1080.0,660.0,420.0,62.1,90.0,71.7,0.00,4.49
2020-08-19,1851.0,966.0,885.0,60.1,84.0,70.6,0.00,3.11
2020-08-20,1480.0,746.0,734.0,60.1,84.0,71.4,0.00,6.67
2020-08-21,1128.0,558.0,570.0,64.0,80.1,70.0,0.02,7.36
2020-08-22,1799.0,879.0,920.0,59.0,73.9,66.1,0.00,7.25
2020-08-23,1736.0,894.0,842.0,55.0,75.9,65.2,0.00,4.03
2020-08-24,1678.0,859.0,819.0,55.0,75.9,66.2,0.00,3.11
2020-08-25,1921.0,986.0,935.0,54.0,75.9,65.7,0.00,3.68
2020-08-26,1865.0,951.0,914.0,54.0,75.9,67.4,0.00,4.49
2020-08-27,1773.0,903.0,870.0,57.0,79.0,67.2,0.00,3.34
2020-08-28,1734.0,872.0,862.0,57.0,79.0,67.7,0.00,3.91
2020-08-29,1514.0,765.0,749.0,57.9,78.1,66.0,0.00,3.57
2020-08-30,1741.0,899.0,842.0,51.1,73.9,62.5,0.00,4.03
2020-08-31,1463.0,742.0,721.0,51.1,73.9,61.9,0.00,4.49
2020-09-01,1869.0,946.0,923.0,55.0,80.1,66.9,0.00,4.26
2020-09-02,1959.0,989.0,970.0,59.0,80.1,69.3,0.00,4.14
2020-09-03,1808.0,929.0,879.0,57.9,81.0,68.4,0.00,4.83
2020-09-04,1689.0,870.0,819.0,57.9,82.9,70.8,0.00,2.53
2020-09-05,1522.0,770.0,752.0,59.0,84.0,66.3,0.00,5.98
2020-09-06,1581.0,780.0,801.0,57.0,79.0,65.7,0.00,3.45
2020-09-07,1426.0,748.0,678.0,57.0,84.0,70.3,0.00,5.06
2020-09-08,1050.0,550.0,500.0,61.0,84.0,73.1,0.00,6.79
2020-09-09,1248.0,623.0,625.0,57.9,90.0,71.4,0.00,4.03
2020-09-10,1314.0,655.0,659.0,57.9,90.0,74.0,0.00,3.11
2020-09-11,590.0,296.0,294.0,55.9,89.1,67.8,0.00,4.37
2020-09-12,175.0,91.0,84.0,53.1,77.0,60.6,0.00,2.65
2020-09-13,206.0,107.0,99.0,50.0,64.0,56.7,0.00,1.73
2020-09-14,405.0,199.0,206.0,50.0,70.0,62.0,0.00,1.61
2020-09-15,432.0,222.0,210.0,57.9,78.1,66.5,0.05,3.22
2020-09-16,511.0,264.0,247.0,60.1,78.1,66.2,0.00,2.65
2020-09-17,610.0,303.0,307.0,60.1,73.0,66.3,0.00,3.22
2020-09-18,495.0,237.0,258.0,61.0,73.0,64.5,0.00,4.14
2020-09-19,948.0,480.0,468.0,60.8,72.0,63.9,0.22,5.29
2020-09-20,1676.0,835.0,841.0,60.1,73.0,63.4,0.01,3.91
2020-09-21,1477.0,754.0,723.0,53.1,72.0,61.3,0.00,2.19
2020-09-22,1828.0,970.0,858.0,53.1,73.9,65.9,0.00,4.37
2020-09-23,558.0,289.0,269.0,59.0,73.9,63.3,0.06,7.94
2020-09-24,808.0,409.0,399.0,59.0,64.9,61.2,0.70,12.31
2020-09-25,727.0,366.0,361.0,55.9,66.0,59.6,0.43,10.82
2020-09-26,1108.0,572.0,536.0,55.0,66.9,58.9,0.37,7.48
2020-09-27,1673.0,854.0,819.0,51.8,68.0,59.0,0.02,3.45
2020-09-28,1683.0,859.0,824.0,52.0,72.0,61.0,0.00,3.91
2020-09-29,1645.0,832.0,813.0,54.0,77.0,64.1,0.00,3.11
2020-09-30,1411.0,726.0,685.0,54.0,77.0,63.4,0.00,1.38
2020-10-01,0.0,0.0,0.0,54.0,75.0,61.4,0.00,1.50
2020-10-02,0.0,0.0,0.0,55.0,73.0,61.9,0.00,1.84
2020-10-03,0.0,0.0,0.0,54.0,73.0,59.2,0.00,1.38
2020-10-04,0.0,0.0,0.0,54.0,62.1,58.1,0.00,0.69
2020-10-05,0.0,0.0,0.0,57.0,66.9,60.5,0.00,2.99
2020-10-06,0.0,0.0,0.0,54.0,70.0,60.0,0.00,3.22
2020-10-07,0.0,0.0,0.0,54.0,70.0,60.4,0.00,1.61
2020-10-08,0.0,0.0,0.0,55.9,68.0,60.4,0.00,5.06
2020-10-09,0.0,0.0,0.0,55.9,68.0,61.8,0.00,6.44
2020-10-10,0.0,0.0,0.0,55.9,68.0,59.9,0.62,9.90
2020-10-11,0.0,0.0,0.0,51.1,64.0,54.2,0.03,8.52
2020-10-12,0.0,0.0,0.0,51.1,62.1,57.6,0.21,10.01
2020-10-13,0.0,0.0,0.0,50.0,64.0,56.6,0.20,9.32
2020-10-14,0.0,0.0,0.0,50.0,64.0,56.6,0.25,7.71
2020-10-15,1.0,1.0,0.0,44.1,63.0,53.5,0.00,1.84
2020-10-16,0.0,0.0,0.0,44.1,64.9,57.1,0.00,7.83
2020-10-17,0.0,0.0,0.0,50.0,64.9,56.8,0.04,6.33
2020-10-18,0.0,0.0,0.0,53.1,63.0,57.0,0.00,7.02
2020-10-19,0.0,0.0,0.0,53.1,63.0,56.9,0.00,5.87
2020-10-20,0.0,0.0,0.0,51.1,60.1,53.5,0.02,3.45
2020-10-21,0.0,0.0,0.0,45.0,60.1,50.4,0.04,3.68
2020-10-22,0.0,0.0,0.0,39.0,55.0,45.7,0.18,2.53
2020-10-23,0.0,0.0,0.0,37.9,51.1,44.8,0.00,5.52
2020-10-24,0.0,0.0,0.0,37.9,51.1,47.2,0.05,6.56
2020-10-25,0.0,0.0,0.0,33.1,51.1,42.7,0.00,2.76
2020-10-26,0.0,0.0,0.0,33.1,52.0,43.3,0.00,2.07
2020-10-27,1.0,0.0,1.0,35.1,59.0,51.9,0.00,2.19
2020-10-28,0.0,0.0,0.0,45.0,59.0,51.4,0.00,6.10
2020-10-29,0.0,0.0,0.0,45.0,62.1,56.1,0.00,4.37
2020-10-30,0.0,0.0,0.0,46.9,62.1,54.9,0.00,7.36
2020-10-31,0.0,0.0,0.0,39.0,62.1,50.0,0.01,2.88
2020-11-01,0.0,0.0,0.0,39.0,60.1,50.7,0.00,2.65
2020-11-02,0.0,0.0,0.0,41.0,66.0,51.5,0.00,2.76
2020-11-03,0.0,0.0,0.0,37.0,66.9,51.1,0.00,6.10
2020-11-04,0.0,0.0,0.0,46.9,64.9,59.8,0.60,9.67
2020-11-05,0.0,0.0,0.0,48.9,64.9,57.5,0.03,11.28
2020-11-06,0.0,0.0,0.0,46.0,60.1,48.0,0.03,5.41
2020-11-07,0.0,0.0,0.0,34.0,51.1,40.6,0.00,3.22
2020-11-08,0.0,0.0,0.0,28.9,48.0,41.2,0.00,7.13
2020-11-09,0.0,0.0,0.0,28.0,45.0,35.0,0.00,5.06
2020-11-10,2.0,0.0,2.0,33.8,46.9,43.1,0.01,6.56
2020-11-11,0.0,0.0,0.0,35.1,46.9,41.8,0.00,1.61
2020-11-12,0.0,0.0,0.0,35.1,51.1,43.6,0.00,5.41
2020-11-13,0.0,0.0,0.0,39.0,53.1,47.8,0.44,13.81
2020-11-14,0.0,0.0,0.0,39.9,53.1,45.2,0.18,6.90
2020-11-15,0.0,0.0,0.0,39.9,54.0,48.1,0.36,10.36
2020-11-16,0.0,0.0,0.0,46.0,54.0,47.6,0.05,5.64
2020-11-17,0.0,0.0,0.0,44.1,63.0,49.5,0.26,5.87
2020-11-18,204.0,146.0,58.0,44.1,63.0,48.5,0.23,8.06
2020-11-19,783.0,398.0,385.0,43.0,50.0,46.2,0.43,10.24
2020-11-20,622.0,312.0,310.0,43.0,51.1,46.2,0.00,6.33
2020-11-21,1226.0,649.0,577.0,43.0,54.0,48.7,0.01,5.06
2020-11-22,456.0,228.0,228.0,36.0,54.0,42.5,0.00,4.03
2020-11-23,592.0,300.0,292.0,42.8,48.0,44.6,0.04,5.87
2020-11-24,465.0,243.0,222.0,37.9,53.1,46.6,0.02,8.40
2020-11-25,814.0,418.0,396.0,43.0,53.1,45.4,0.04,6.44
2020-11-26,351.0,187.0,164.0,43.0,50.0,45.7,0.05,5.29
2020-11-27,980.0,502.0,478.0,43.0,52.0,46.4,0.01,7.25
2020-11-28,459.0,237.0,222.0,43.0,52.0,45.7,0.00,4.49
2020-11-29,893.0,459.0,434.0,34.0,48.0,38.2,0.00,1.38
2020-11-30,697.0,353.0,344.0,34.0,51.1,44.1,0.22,8.52
2020-12-01,911.0,452.0,459.0,34.0,51.1,41.0,0.16,3.22
2020-12-02,909.0,473.0,436.0,33.1,57.0,42.8,0.00,1.73
2020-12-03,777.0,400.0,377.0,32.0,57.0,40.7,0.00,1.50
2020-12-04,981.0,500.0,481.0,32.0,54.0,44.7,0.00,2.88
2020-12-05,1222.0,610.0,612.0,30.0,60.1,41.6,0.00,2.19
2020-12-06,745.0,376.0,369.0,30.0,60.1,48.2,0.00,6.21
2020-12-07,800.0,399.0,401.0,39.9,54.0,45.8,0.00,5.52
2020-12-08,480.0,249.0,231.0,39.9,54.0,50.5,0.00,6.44
2020-12-09,711.0,378.0,333.0,46.0,53.1,47.5,0.24,3.68
2020-12-10,716.0,360.0,356.0,35.1,50.0,41.0,0.00,2.88
2020-12-11,741.0,382.0,359.0,35.1,46.0,42.1,0.00,7.83
2020-12-12,845.0,441.0,404.0,30.9,46.0,37.5,0.00,1.84
2020-12-13,296.0,157.0,139.0,35.1,44.6,40.0,0.02,4.37
2020-12-14,632.0,319.0,313.0,37.0,50.0,43.9,0.06,7.83
2020-12-15,493.0,250.0,243.0,41.0,50.0,43.9,0.04,8.98
2020-12-16,491.0,249.0,242.0,41.0,48.9,46.4,0.10,9.90
2020-12-17,780.0,400.0,380.0,44.1,51.1,47.3,0.30,11.62
2020-12-18,442.0,229.0,213.0,44.1,51.8,46.3,0.04,9.67
2020-12-19,376.0,196.0,180.0,44.1,52.0,47.9,0.05,10.93
2020-12-20,576.0,285.0,291.0,45.0,55.0,50.7,0.15,9.55
2020-12-21,255.0,122.0,133.0,39.9,55.9,47.9,0.08,5.64
2020-12-22,750.0,380.0,370.0,32.0,55.9,37.9,1.70,3.80
2020-12-23,626.0,322.0,304.0,28.0,46.0,35.0,0.00,1.50
2020-12-24,553.0,277.0,276.0,26.1,44.1,34.3,0.00,2.76
2020-12-25,150.0,72.0,78.0,26.1,46.0,37.0,0.00,2.53
2020-12-26,380.0,202.0,178.0,30.9,50.0,44.8,0.24,10.59
2020-12-27,476.0,235.0,241.0,37.9,50.0,43.2,0.01,4.03
2020-12-28,940.0,481.0,459.0,28.4,46.9,37.1,0.05,1.38
2020-12-29,567.0,293.0,274.0,28.9,46.9,38.7,0.00,4.72
2020-12-30,291.0,147.0,144.0,34.0,48.0,41.8,0.06,5.87
2020-12-31,592.0,329.0,263.0,39.9,51.1,47.9,0.48,12.89
2021-01-01,264.0,144.0,120.0,44.1,52.0,47.2,0.02,6.21
2021-01-02,135.0,61.0,74.0,44.1,52.0,48.4,0.18,14.61
2021-01-03,465.0,241.0,224.0,37.9,48.9,43.9,1.46,11.16
2021-01-04,422.0,220.0,202.0,37.9,50.0,45.9,0.16,7.71
2021-01-05,494.0,239.0,255.0,39.9,50.0,44.0,0.10,9.21
2021-01-06,763.0,395.0,368.0,39.9,52.0,45.7,0.81,6.56
2021-01-07,882.0,455.0,427.0,36.0,52.0,44.2,0.12,2.19
2021-01-08,451.0,230.0,221.0,39.9,51.1,45.5,0.00,3.80
2021-01-09,828.0,422.0,406.0,33.8,44.6,37.7,0.09,0.92
2021-01-10,651.0,336.0,315.0,34.0,48.9,43.7,0.02,2.88
2021-01-11,400.0,208.0,192.0,39.0,48.9,44.8,0.24,4.49
2021-01-12,444.0,223.0,221.0,39.0,55.9,49.4,1.14,7.48
2021-01-13,965.0,505.0,460.0,45.0,57.2,50.8,1.49,13.69
2021-01-14,940.0,484.0,456.0,36.0,57.0,43.6,0.02,2.65
2021-01-15,900.0,443.0,457.0,36.0,54.0,48.2,0.08,3.91
2021-01-16,740.0,377.0,363.0,36.0,54.0,41.9,0.03,0.92
2021-01-17,830.0,421.0,409.0,36.0,50.0,45.4,0.00,4.26
2021-01-18,1051.0,553.0,498.0,39.9,50.0,44.6,0.00,1.84
2021-01-19,793.0,410.0,383.0,34.0,48.9,39.6,0.00,3.22
2021-01-20,738.0,380.0,358.0,33.1,45.0,38.6,0.00,1.96
2021-01-21,642.0,312.0,330.0,33.1,46.9,43.5,0.00,1.15
2021-01-22,882.0,463.0,419.0,41.0,46.9,43.3,0.01,6.10
2021-01-23,1057.0,540.0,517.0,25.0,46.9,34.9,0.00,3.11
2021-01-24,218.0,111.0,107.0,25.0,43.0,38.9,0.00,6.10
2021-01-25,785.0,385.0,400.0,37.0,45.0,40.4,0.02,8.40
2021-01-26,742.0,379.0,363.0,30.0,45.0,37.3,0.00,5.98
2021-01-27,632.0,316.0,316.0,30.0,46.0,41.8,0.00,5.98
2021-01-28,577.0,292.0,285.0,37.0,46.0,42.0,0.02,2.53
2021-01-29,721.0,374.0,347.0,37.9,46.9,42.7,0.14,2.19
2021-01-30,456.0,246.0,210.0,39.0,48.9,42.8,0.03,4.03
2021-01-31,157.0,79.0,78.0,39.9,48.9,45.7,0.05,3.22
2021-02-01,368.0,182.0,186.0,42.8,50.0,45.6,0.06,3.80
2021-02-02,454.0,241.0,213.0,39.9,50.0,44.6,0.31,7.02
2021-02-03,958.0,488.0,470.0,39.0,48.9,42.5,0.26,4.03
2021-02-04,489.0,247.0,242.0,39.9,48.9,43.9,0.02,6.10
2021-02-05,713.0,376.0,337.0,42.1,53.1,48.1,0.00,8.63
2021-02-06,571.0,293.0,278.0,44.1,53.1,46.1,0.00,11.97
2021-02-07,796.0,382.0,414.0,39.0,51.1,44.3,0.00,8.52
2021-02-08,703.0,368.0,335.0,33.1,48.0,38.9,0.00,5.41
2021-02-09,784.0,403.0,381.0,33.1,43.0,38.9,0.06,2.76
2021-02-10,683.0,358.0,325.0,27.0,43.0,35.5,0.00,4.14
2021-02-11,397.0,198.0,199.0,32.0,41.0,36.0,0.00,4.37
2021-02-12,251.0,131.0,120.0,30.0,34.0,31.9,0.00,5.75
2021-02-13,3.0,2.0,1.0,24.8,30.2,27.0,0.13,9.90
2021-02-14,1.0,0.0,1.0,25.0,36.0,31.0,0.07,7.13
2021-02-15,0.0,0.0,0.0,30.0,45.0,36.1,0.10,8.86
2021-02-16,0.0,0.0,0.0,33.1,48.9,40.5,0.04,3.11
2021-02-17,0.0,0.0,0.0,36.0,50.0,41.0,0.00,3.22
2021-02-18,0.0,0.0,0.0,35.1,48.0,39.8,0.02,3.22
2021-02-19,1.0,1.0,0.0,39.9,48.0,43.8,0.02,10.01
2021-02-20,0.0,0.0,0.0,39.0,50.0,42.8,0.03,6.67
2021-02-21,0.0,0.0,0.0,42.1,52.0,46.1,0.00,13.23
2021-02-22,0.0,0.0,0.0,42.1,52.0,50.0,0.10,14.73
2021-02-23,2.0,1.0,1.0,35.1,52.0,43.2,0.03,5.98
2021-02-24,0.0,0.0,0.0,33.1,48.9,38.9,0.13,3.68
2021-02-25,0.0,0.0,0.0,33.1,50.0,42.4,0.06,9.67
2021-02-26,0.0,0.0,0.0,37.9,52.0,43.6,0.03,7.71
2021-02-27,4.0,2.0,2.0,30.9,52.0,39.8,0.06,5.18
2021-02-28,5.0,0.0,5.0,30.9,53.1,45.0,0.00,8.17
2021-03-01,2.0,0.0,2.0,37.0,57.9,46.4,0.00,4.95
2021-03-02,2.0,0.0,2.0,37.0,57.9,46.1,0.00,2.42
2021-03-03,2.0,1.0,1.0,33.1,57.0,43.5,0.00,2.53
2021-03-04,272.0,202.0,70.0,33.1,57.0,44.2,0.00,5.64
2021-03-05,489.0,248.0,241.0,36.0,54.0,47.9,0.19,6.10
2021-03-06,1011.0,515.0,496.0,41.0,54.0,45.5,0.01,9.32
2021-03-07,470.0,236.0,234.0,39.0,51.1,43.9,0.00,9.67
2021-03-08,926.0,467.0,459.0,28.9,52.0,38.9,0.18,3.11
2021-03-09,919.0,472.0,447.0,28.9,54.0,44.7,0.00,2.30
2021-03-10,1267.0,665.0,602.0,30.9,54.0,42.0,0.00,3.45
2021-03-11,1244.0,639.0,605.0,30.9,54.0,43.4,0.00,3.11
2021-03-12,1225.0,649.0,576.0,30.9,57.0,43.4,0.00,2.30
2021-03-13,1739.0,883.0,856.0,30.9,60.1,46.0,0.00,3.34
2021-03-14,207.0,103.0,104.0,32.0,60.1,46.4,0.00,4.49
2021-03-15,903.0,473.0,430.0,36.0,48.0,40.4,0.10,4.14
2021-03-16,1192.0,621.0,571.0,30.9,51.1,40.6,0.00,2.30
2021-03-17,1188.0,621.0,567.0,30.9,59.0,43.7,0.00,1.27
2021-03-18,549.0,274.0,275.0,32.0,59.0,47.2,0.00,4.03
2021-03-19,715.0,390.0,325.0,37.0,55.9,46.1,0.12,7.48
2021-03-20,601.0,314.0,287.0,37.0,55.9,46.8,0.08,8.98
2021-03-21,377.0,186.0,191.0,39.9,53.1,42.9,0.10,8.75
2021-03-22,823.0,422.0,401.0,41.0,48.9,44.1,0.00,7.94
2021-03-23,1294.0,673.0,621.0,37.0,54.0,44.4,0.16,2.65
2021-03-24,563.0,285.0,278.0,37.0,54.0,47.4,0.00,9.21
2021-03-25,1022.0,533.0,489.0,42.1,53.6,46.2,0.34,4.37
2021-03-26,1086.0,569.0,517.0,39.9,54.0,46.6,0.12,5.75
2021-03-27,1409.0,720.0,689.0,39.9,54.0,47.9,0.00,4.72
2021-03-28,260.0,134.0,126.0,42.1,54.0,46.9,0.00,10.70
2021-03-29,1153.0,610.0,543.0,30.9,50.0,41.2,0.34,6.56
2021-03-30,389.0,111.0,278.0,30.9,54.0,41.9,0.00,3.57
2021-03-31,1085.0,655.0,430.0,30.9,59.0,46.5,0.00,2.88
2021-04-01,1263.0,635.0,628.0,34.0,59.0,48.5,0.00,3.22
2021-04-02,1220.0,634.0,586.0,39.0,57.0,48.7,0.00,5.18
2021-04-03,1374.0,673.0,701.0,39.9,62.1,49.7,0.00,4.95
2021-04-04,588.0,290.0,298.0,39.9,62.1,48.2,0.00,5.41
2021-04-05,1336.0,690.0,646.0,33.1,55.0,43.9,0.00,2.88
2021-04-06,1522.0,795.0,727.0,33.1,60.1,47.3,0.00,3.57
2021-04-07,735.0,371.0,364.0,35.1,60.1,47.0,0.00,7.36
2021-04-08,1294.0,667.0,627.0,39.0,54.0,45.1,0.09,7.94
2021-04-09,960.0,492.0,468.0,35.1,54.0,44.1,0.01,8.29
2021-04-10,1112.0,567.0,545.0,35.1,52.0,45.0,0.01,8.29
2021-04-11,1434.0,737.0,697.0,32.0,52.0,43.4,0.00,4.72
2021-04-12,584.0,234.0,350.0,32.0,57.0,46.3,0.00,5.06
2021-04-13,4.0,1.0,3.0,37.0,62.1,52.2,0.00,6.79
2021-04-14,6.0,0.0,6.0,41.0,64.9,53.5,0.00,5.41
2021-04-15,0.0,0.0,0.0,42.1,73.9,57.5,0.00,2.99
2021-04-16,0.0,0.0,0.0,43.0,75.9,60.7,0.00,3.57
2021-04-17,5.0,4.0,1.0,46.0,77.0,61.8,0.00,2.76
2021-04-18,0.0,0.0,0.0,46.0,78.1,63.1,0.00,2.42
2021-04-19,0.0,0.0,0.0,45.0,80.1,60.7,0.00,4.03
2021-04-20,5.0,2.0,3.0,45.0,72.0,60.7,0.00,3.11
2021-04-21,1.0,0.0,1.0,46.0,71.1,59.1,0.00,3.80
2021-04-22,0.0,0.0,0.0,46.0,71.1,56.1,0.00,5.41
2021-04-23,0.0,0.0,0.0,45.0,62.1,52.5,0.00,7.36
2021-04-24,0.0,0.0,0.0,45.0,60.1,49.6,0.00,7.13
2021-04-25,0.0,0.0,0.0,46.4,59.0,50.1,0.10,6.10
2021-04-26,0.0,0.0,0.0,44.1,60.1,52.1,0.06,6.10
2021-04-27,1.0,1.0,0.0,44.1,60.1,52.9,0.00,5.75
2021-04-28,0.0,0.0,0.0,45.0,64.9,55.3,0.00,2.76
2021-04-29,1.0,0.0,1.0,48.0,73.9,58.9,0.00,3.22
2021-04-30,0.0,0.0,0.0,50.0,73.9,58.4,0.00,10.01
2021-05-01,0.0,0.0,0.0,48.0,64.9,54.5,0.03,4.60
2021-05-02,0.0,0.0,0.0,44.1,62.1,52.6,0.01,3.34
2021-05-03,385.0,283.0,102.0,44.1,62.1,53.0,0.00,5.75
2021-05-04,1615.0,829.0,786.0,46.0,63.0,54.5,0.08,4.03
2021-05-05,1530.0,790.0,740.0,46.0,68.0,55.0,0.00,4.60
2021-05-06,1169.0,593.0,576.0,46.0,68.0,58.2,0.00,7.71
2021-05-07,735.0,376.0,359.0,46.0,66.0,50.2,0.00,7.71
2021-05-08,1230.0,647.0,583.0,44.1,57.9,50.6,0.01,6.90
2021-05-09,1420.0,728.0,692.0,44.1,63.0,53.7,0.00,4.72
2021-05-10,1452.0,742.0,710.0,43.0,64.9,55.1,0.00,4.03
2021-05-11,1742.0,868.0,874.0,43.0,68.0,56.7,0.00,3.91
2021-05-12,1639.0,837.0,802.0,46.9,69.1,60.6,0.00,4.72
2021-05-13,1741.0,867.0,874.0,48.9,71.1,59.7,0.00,5.29
2021-05-14,1763.0,878.0,885.0,48.9,72.0,62.0,0.00,4.72
2021-05-15,1768.0,877.0,891.0,43.0,73.0,60.9,0.00,4.14
2021-05-16,1768.0,862.0,906.0,50.0,75.9,63.4,0.00,2.99
2021-05-17,914.0,461.0,453.0,51.1,75.9,58.6,0.00,7.36
2021-05-18,1096.0,557.0,539.0,46.9,62.1,52.9,0.03,11.39
2021-05-19,1474.0,780.0,694.0,44.1,61.0,49.9,0.25,3.80
2021-05-20,1368.0,715.0,653.0,44.1,61.0,51.3,0.00,5.87
2021-05-21,1558.0,804.0,754.0,46.0,62.1,53.4,0.00,5.29
2021-05-22,1447.0,672.0,775.0,46.0,63.0,53.5,0.00,2.99
2021-05-23,997.0,482.0,515.0,46.9,63.0,57.0,0.00,7.60
2021-05-24,826.0,429.0,397.0,51.1,63.0,54.5,0.00,9.90
2021-05-25,1363.0,692.0,671.0,50.0,63.0,57.3,0.01,4.83
2021-05-26,1584.0,802.0,782.0,51.1,64.0,56.7,0.00,7.25
2021-05-27,619.0,330.0,289.0,51.1,64.0,56.6,0.02,7.94
2021-05-28,1414.0,696.0,718.0,50.0,64.0,54.2,0.16,8.29
2021-05-29,1747.0,910.0,837.0,46.9,70.0,56.6,0.00,4.95
2021-05-30,1361.0,663.0,698.0,46.9,71.1,61.4,0.00,3.68
2021-05-31,1789.0,893.0,896.0,52.0,78.1,64.0,0.00,3.68
2021-06-01,1801.0,917.0,884.0,53.1,82.9,71.0,0.00,3.34
2021-06-02,2013.0,1040.0,973.0,57.9,86.0,73.6,0.00,2.30
2021-06-03,1845.0,924.0,921.0,57.0,86.0,67.8,0.00,4.60
2021-06-04,1627.0,850.0,777.0,53.1,78.1,61.1,0.00,6.56
2021-06-05,1214.0,594.0,620.0,53.1,69.1,60.9,0.00,10.36
2021-06-06,405.0,204.0,201.0,50.0,66.9,53.0,0.00,9.21
2021-06-07,1379.0,707.0,672.0,45.0,62.1,51.6,0.56,5.75
2021-06-08,1776.0,914.0,862.0,45.0,68.0,57.5,0.08,2.65
2021-06-09,1957.0,1020.0,937.0,48.0,68.0,57.2,0.00,7.25
2021-06-10,1721.0,867.0,854.0,48.0,68.0,57.9,0.00,5.75
2021-06-11,841.0,431.0,410.0,48.9,66.0,58.1,0.00,3.34
2021-06-12,1717.0,869.0,848.0,52.0,73.0,60.4,0.28,2.65
2021-06-13,372.0,188.0,184.0,52.0,73.0,62.8,0.15,2.88
2021-06-14,971.0,517.0,454.0,57.9,64.9,61.1,0.42,2.99
2021-06-15,1610.0,826.0,784.0,55.0,69.1,61.5,0.01,7.60
2021-06-16,2084.0,1053.0,1031.0,54.0,71.1,61.4,0.00,6.79
2021-06-17,1994.0,1016.0,978.0,54.0,78.1,64.7,0.00,3.11
2021-06-18,1864.0,947.0,917.0,54.0,78.1,64.7,0.00,4.95
2021-06-19,1825.0,899.0,926.0,54.0,77.0,63.6,0.00,3.45
2021-06-20,1759.0,920.0,839.0,54.0,79.0,68.4,0.00,5.64
2021-06-21,1924.0,972.0,952.0,60.1,88.0,73.9,0.00,3.91
2021-06-22,2024.0,997.0,1027.0,60.1,88.0,71.7,0.00,5.75
2021-06-23,1990.0,1017.0,973.0,55.9,78.1,65.2,0.00,5.64
2021-06-24,2068.0,1082.0,986.0,55.9,82.0,68.6,0.00,3.91
2021-06-25,1784.0,922.0,862.0,57.9,87.1,73.9,0.00,4.49
2021-06-26,1181.0,587.0,594.0,63.0,99.0,81.9,0.00,3.80
2021-06-27,817.0,440.0,377.0,69.1,99.0,85.5,0.00,4.72
2021-06-28,920.0,450.0,470.0,72.0,104.0,88.9,0.00,4.83
2021-06-29,1643.0,835.0,808.0,63.0,104.0,79.0,0.00,7.25
2021-06-30,1969.0,997.0,972.0,61.0,84.9,69.2,0.00,8.06
2021-07-01,1818.0,940.0,878.0,61.0,75.0,67.6,0.00,5.87
2021-07-02,1741.0,867.0,874.0,61.0,78.1,67.9,0.00,4.49
2021-07-03,1793.0,921.0,872.0,61.0,82.9,70.7,0.00,2.65
2021-07-04,1580.0,831.0,749.0,57.9,82.9,68.8,0.00,5.75
2021-07-05,1463.0,756.0,707.0,57.0,78.1,65.0,0.00,5.41
2021-07-06,1804.0,942.0,862.0,57.0,81.0,66.3,0.00,2.76
2021-07-07,1906.0,948.0,958.0,57.9,81.0,66.6,0.00,7.36
2021-07-08,1827.0,906.0,921.0,54.0,72.0,61.3,0.00,4.83
2021-07-09,1827.0,916.0,911.0,54.0,80.1,66.6,0.00,4.03
2021-07-10,1707.0,856.0,851.0,55.9,80.1,68.2,0.00,4.03
2021-07-11,1595.0,834.0,761.0,57.9,80.1,68.4,0.00,3.80
2021-07-12,1997.0,1010.0,987.0,57.0,82.0,69.1,0.00,4.49
2021-07-13,2183.0,1102.0,1081.0,55.9,82.0,67.8,0.00,3.80
2021-07-14,2100.0,1090.0,1010.0,55.0,82.0,65.8,0.00,4.14
2021-07-15,1931.0,978.0,953.0,55.0,75.9,62.8,0.00,6.33
2021-07-16,1644.0,821.0,823.0,55.0,71.1,62.7,0.00,5.87
2021-07-17,1731.0,871.0,860.0,55.9,75.0,64.9,0.00,5.41
2021-07-18,1843.0,915.0,928.0,55.9,79.0,66.9,0.00,4.03
2021-07-19,1952.0,991.0,961.0,57.9,82.9,68.8,0.00,3.45
2021-07-20,1899.0,958.0,941.0,59.0,82.9,65.9,0.00,4.03
2021-07-21,2111.0,1092.0,1019.0,57.0,72.0,63.3,0.00,4.03
2021-07-22,2178.0,1072.0,1106.0,57.0,75.0,65.3,0.00,4.37
2021-07-23,1914.0,985.0,929.0,55.0,78.1,66.3,0.00,4.26
2021-07-24,1961.0,994.0,967.0,55.0,82.0,70.5,0.00,4.60
2021-07-25,1648.0,858.0,790.0,61.0,84.0,71.8,0.00,4.26
2021-07-26,1909.0,950.0,959.0,61.0,84.0,70.1,0.00,3.80
2021-07-27,2245.0,1149.0,1096.0,61.0,82.9,71.7,0.00,3.34
2021-07-28,2274.0,1187.0,1087.0,62.1,84.9,72.9,0.00,4.14
2021-07-29,2128.0,1103.0,1025.0,62.1,87.1,73.9,0.00,3.91
2021-07-30,1913.0,986.0,927.0,60.1,88.0,73.8,0.00,4.83
2021-07-31,1516.0,756.0,760.0,60.1,88.0,73.4,0.00,4.26
2021-08-01,1626.0,854.0,772.0,64.9,82.0,70.0,0.00,3.11
2021-08-02,2001.0,987.0,1014.0,60.1,82.0,69.6,0.00,4.49
2021-08-03,2080.0,1086.0,994.0,60.1,82.9,72.0,0.00,3.80
2021-08-04,2197.0,1128.0,1069.0,60.1,84.9,71.0,0.02,4.26
2021-08-05,2219.0,1125.0,1094.0,60.1,84.9,73.2,0.00,2.99
2021-08-06,1396.0,730.0,666.0,64.0,84.0,69.0,0.00,6.56
2021-08-07,0.0,0.0,0.0,63.0,78.1,67.7,0.00,9.44
2021-08-08,0.0,0.0,0.0,55.9,77.0,63.9,0.31,6.33
2021-08-09,45.0,4.0,41.0,55.9,77.0,65.5,0.00,4.37
2021-08-10,0.0,0.0,0.0,57.0,84.0,70.4,0.00,4.95
2021-08-11,0.0,0.0,0.0,60.1,90.0,76.0,0.00,4.37
2021-08-12,0.0,0.0,0.0,63.0,90.0,78.3,0.00,4.26
2021-08-13,0.0,0.0,0.0,68.0,91.9,79.4,0.00,2.65
2021-08-14,0.0,0.0,0.0,63.0,91.9,74.5,0.00,4.95
2021-08-15,0.0,0.0,0.0,61.0,82.9,71.3,0.00,2.99
2021-08-16,0.0,0.0,0.0,61.0,82.0,68.5,0.00,5.41
2021-08-17,0.0,0.0,0.0,55.9,75.9,60.6,0.00,5.52
2021-08-18,0.0,0.0,0.0,54.0,77.0,63.9,0.00,2.88
2021-08-19,0.0,0.0,0.0,54.0,79.0,67.3,0.00,3.91
2021-08-20,0.0,0.0,0.0,57.0,79.0,63.7,0.00,7.60
2021-08-21,0.0,0.0,0.0,55.9,70.0,60.9,0.00,3.34
2021-08-22,0.0,0.0,0.0,55.9,70.0,63.1,0.00,7.36
2021-08-23,0.0,0.0,0.0,53.6,70.0,60.7,0.00,6.10
2021-08-24,0.0,0.0,0.0,54.0,75.9,64.2,0.00,3.80
2021-08-25,0.0,0.0,0.0,52.0,77.0,66.0,0.00,4.03
2021-08-26,0.0,0.0,0.0,52.0,77.0,64.3,0.00,7.71
2021-08-27,0.0,0.0,0.0,57.2,68.0,62.1,0.03,6.21
2021-08-28,0.0,0.0,0.0,54.0,75.9,62.9,0.00,3.22
2021-08-29,0.0,0.0,0.0,54.0,77.0,66.0,0.00,4.03
2021-08-30,0.0,0.0,0.0,51.1,77.0,61.1,0.00,5.41
2021-08-31,0.0,0.0,0.0,51.1,66.9,58.9,0.00,6.44
2021-09-01,0.0,0.0,0.0,46.0,71.1,58.8,0.00,3.11
2021-09-02,0.0,0.0,0.0,46.0,75.9,62.6,0.00,3.57
2021-09-03,0.0,0.0,0.0,50.0,77.0,64.7,0.00,2.88
2021-09-04,0.0,0.0,0.0,50.0,79.0,65.8,0.00,4.95
2021-09-05,0.0,0.0,0.0,53.1,79.0,69.8,0.00,4.26
2021-09-06,0.0,0.0,0.0,60.1,79.0,65.8,0.00,3.68
2021-09-07,0.0,0.0,0.0,55.9,77.0,65.6,0.00,3.57
2021-09-08,0.0,0.0,0.0,55.9,80.1,70.4,0.00,4.83
2021-09-09,0.0,0.0,0.0,57.9,81.0,68.8,0.00,3.34
2021-09-10,0.0,0.0,0.0,57.9,81.0,64.7,0.00,5.75
2021-09-11,0.0,0.0,0.0,57.0,72.0,63.1,0.00,6.44
2021-09-12,0.0,0.0,0.0,55.4,70.0,62.0,0.00,3.45
2021-09-13,0.0,0.0,0.0,55.9,69.1,61.6,0.01,3.45
2021-09-14,0.0,0.0,0.0,50.0,71.1,60.7,0.00,3.80
2021-09-15,0.0,0.0,0.0,50.0,71.1,60.8,0.00,4.14
2021-09-16,64.0,36.0,28.0,48.0,66.0,57.1,0.00,3.45
2021-09-17,803.0,412.0,391.0,46.0,66.0,57.5,0.00,4.49
2021-09-18,806.0,434.0,372.0,54.0,69.1,59.8,0.50,9.09
2021-09-19,951.0,496.0,455.0,52.0,64.9,56.8,0.24,8.06
2021-09-20,1877.0,952.0,925.0,52.0,69.1,59.4,0.00,5.52
2021-09-21,2120.0,1076.0,1044.0,52.0,73.9,61.3,0.00,2.42
2021-09-22,1744.0,908.0,836.0,52.0,73.9,61.8,0.00,1.84
2021-09-23,1868.0,941.0,927.0,55.0,68.0,60.9,0.00,3.80
2021-09-24,1796.0,932.0,864.0,53.1,73.0,61.1,0.00,3.11
2021-09-25,1830.0,934.0,896.0,52.0,78.1,64.1,0.00,2.99
2021-09-26,562.0,281.0,281.0,52.0,78.1,60.4,0.00,7.60
2021-09-27,905.0,475.0,430.0,53.1,64.0,58.1,0.33,9.67
2021-09-28,582.0,186.0,396.0,52.0,64.0,55.9,0.40,10.01
2021-09-29,0.0,0.0,0.0,52.0,64.0,55.5,0.07,7.36
2021-09-30,0.0,0.0,0.0,52.0,64.0,58.1,0.10,7.83
2021-10-01,0.0,0.0,0.0,52.0,64.0,56.7,0.14,4.60
2021-10-02,1.0,0.0,1.0,46.9,66.9,54.9,0.00,2.76
2021-10-03,1.0,1.0,0.0,46.9,66.9,56.9,0.00,5.29
2021-10-04,0.0,0.0,0.0,52.0,63.0,55.6,0.00,1.84
2021-10-05,0.0,0.0,0.0,50.0,63.0,54.6,0.00,5.87
2021-10-06,0.0,0.0,0.0,45.0,59.0,50.6,0.15,8.06
2021-10-07,0.0,0.0,0.0,45.0,59.0,51.2,0.01,3.80
2021-10-08,0.0,0.0,0.0,39.9,59.0,48.1,0.00,2.88
2021-10-09,0.0,0.0,0.0,39.9,59.0,50.0,0.00,6.33
2021-10-10,3.0,0.0,3.0,42.1,57.9,52.5,0.00,7.71
2021-10-11,0.0,0.0,0.0,39.9,55.9,46.8,0.11,3.91
2021-10-12,0.0,0.0,0.0,35.1,54.0,43.2,0.03,5.98
2021-10-13,0.0,0.0,0.0,35.1,54.0,47.4,0.00,4.95
2021-10-14,0.0,0.0,0.0,45.0,60.1,51.0,0.01,7.25
2021-10-15,0.0,0.0,0.0,46.9,61.0,54.9,0.00,9.32
2021-10-16,0.0,0.0,0.0,52.0,68.0,58.9,0.00,7.94
2021-10-17,0.0,0.0,0.0,52.0,68.0,55.6,0.00,4.72
2021-10-18,0.0,0.0,0.0,50.0,57.0,52.2,0.00,2.53
2021-10-19,0.0,0.0,0.0,43.0,61.0,52.2,0.00,1.38
2021-10-20,0.0,0.0,0.0,43.0,62.1,55.2,0.01,5.87
2021-10-21,0.0,0.0,0.0,46.0,69.1,56.4,0.10,6.67
2021-10-22,0.0,0.0,0.0,46.0,69.1,54.7,0.43,6.44
2021-10-23,0.0,0.0,0.0,48.0,57.0,50.7,0.02,5.87
2021-10-24,0.0,0.0,0.0,48.0,60.1,53.6,0.09,7.83
2021-10-25,0.0,0.0,0.0,48.0,60.1,54.7,0.22,16.57
2021-10-26,0.0,0.0,0.0,48.0,59.0,51.6,0.03,11.39
2021-10-27,0.0,0.0,0.0,48.0,57.0,51.9,0.05,10.93
2021-10-28,0.0,0.0,0.0,48.0,61.0,53.3,0.07,7.48
2021-10-29,0.0,0.0,0.0,46.4,54.0,50.2,1.19,2.19
2021-10-30,0.0,0.0,0.0,39.0,55.0,46.2,0.03,3.80
